2025-05-15 09:31:28,622 - INFO - Selected profile: vijay.yaml
2025-05-15 09:31:28,642 - INFO - Detected Chrome version: 136.0.7103.93
2025-05-15 09:31:28,643 - INFO - ====== WebDriver manager ======
2025-05-15 09:31:29,514 - INFO - Get LATEST chromedriver version for google-chrome
2025-05-15 09:31:29,558 - INFO - Get LATEST chromedriver version for google-chrome
2025-05-15 09:31:29,592 - INFO - Driver [C:\Users\hr\.wdm\drivers\chromedriver\win64\136.0.7103.94\chromedriver-win32/chromedriver.exe] found in cache
2025-05-15 09:31:30,470 - INFO - patching driver executable C:\Users\hr\appdata\roaming\undetected_chromedriver\undetected_chromedriver.exe
2025-05-15 09:31:31,303 - ERROR - CSV file 'jobs/linkedin_jobs.csv' not found.
2025-05-15 09:32:53,435 - INFO - Selected profile: vijay.yaml
2025-05-15 09:32:53,469 - INFO - Detected Chrome version: 136.0.7103.93
2025-05-15 09:32:53,470 - INFO - ====== WebDriver manager ======
2025-05-15 09:32:54,380 - INFO - Get LATEST chromedriver version for google-chrome
2025-05-15 09:32:54,414 - INFO - Get LATEST chromedriver version for google-chrome
2025-05-15 09:32:54,437 - INFO - Driver [C:\Users\hr\.wdm\drivers\chromedriver\win64\136.0.7103.94\chromedriver-win32/chromedriver.exe] found in cache
2025-05-15 09:32:55,331 - INFO - patching driver executable C:\Users\hr\appdata\roaming\undetected_chromedriver\undetected_chromedriver.exe
2025-05-15 09:32:56,180 - INFO - Processing job: https://jobs.ashbyhq.com/airwallex/f5c945c9-dc25-4b35-a6bd-ae2fef539727
2025-05-15 09:32:58,468 - INFO - Opened job page: https://jobs.ashbyhq.com/airwallex/f5c945c9-dc25-4b35-a6bd-ae2fef539727
2025-05-15 09:33:01,693 - INFO - Apply button clicked successfully!
2025-05-15 09:33:06,706 - INFO - Attempting to upload resume from: C:\Users\hr\OneDrive\Desktop\merge\all_job_app\resume/resume.pdf
2025-05-15 09:33:07,282 - INFO - Resume file sent to input element
2025-05-15 09:33:22,697 - WARNING - No explicit upload confirmation detected: Message: 

2025-05-15 09:33:22,698 - INFO - Filling out the application form...
2025-05-15 09:33:22,828 - INFO - Filled field name with value Vijay Yadav
2025-05-15 09:33:22,931 - INFO - Filled field email with value vijay.yadav@example.com
2025-05-15 09:33:23,029 - INFO - Filled field phone with value 1234567890
2025-05-15 09:33:23,029 - WARNING - No value provided for mandatory field: address
2025-05-15 09:33:33,469 - WARNING - Error filling field location with selector input[role='combobox']: Message: 
Stacktrace:
	GetHandleVerifier [0x0055FC83+61635]
	GetHandleVerifier [0x0055FCC4+61700]
	(No symbol) [0x003805D3]
	(No symbol) [0x003C899E]
	(No symbol) [0x003C8D3B]
	(No symbol) [0x00410E12]
	(No symbol) [0x003ED2E4]
	(No symbol) [0x0040E61B]
	(No symbol) [0x003ED096]
	(No symbol) [0x003BC840]
	(No symbol) [0x003BD6A4]
	GetHandleVerifier [0x007E45A3+2701795]
	GetHandleVerifier [0x007DFD26+2683238]
	GetHandleVerifier [0x007FAA6E+2793134]
	GetHandleVerifier [0x00576945+155013]
	GetHandleVerifier [0x0057D02D+181357]
	GetHandleVerifier [0x005674D8+92440]
	GetHandleVerifier [0x00567680+92864]
	GetHandleVerifier [0x00552070+5296]
	BaseThreadInitThunk [0x759AFCC9+25]
	RtlGetAppContainerNamedObjectPath [0x771B82AE+286]
	RtlGetAppContainerNamedObjectPath [0x771B827E+238]

2025-05-15 09:33:43,971 - WARNING - Error filling field location with selector input[placeholder*='Start typing']: Message: 
Stacktrace:
	GetHandleVerifier [0x0055FC83+61635]
	GetHandleVerifier [0x0055FCC4+61700]
	(No symbol) [0x003805D3]
	(No symbol) [0x003C899E]
	(No symbol) [0x003C8D3B]
	(No symbol) [0x00410E12]
	(No symbol) [0x003ED2E4]
	(No symbol) [0x0040E61B]
	(No symbol) [0x003ED096]
	(No symbol) [0x003BC840]
	(No symbol) [0x003BD6A4]
	GetHandleVerifier [0x007E45A3+2701795]
	GetHandleVerifier [0x007DFD26+2683238]
	GetHandleVerifier [0x007FAA6E+2793134]
	GetHandleVerifier [0x00576945+155013]
	GetHandleVerifier [0x0057D02D+181357]
	GetHandleVerifier [0x005674D8+92440]
	GetHandleVerifier [0x00567680+92864]
	GetHandleVerifier [0x00552070+5296]
	BaseThreadInitThunk [0x759AFCC9+25]
	RtlGetAppContainerNamedObjectPath [0x771B82AE+286]
	RtlGetAppContainerNamedObjectPath [0x771B827E+238]

2025-05-15 09:33:44,132 - INFO - Filled LinkedIn field
2025-05-15 09:33:44,132 - INFO - Filling out the Q&A section...
2025-05-15 09:33:45,400 - INFO - Form Q&A questions found: ['Current company', 'Additional information', 'Twitter', 'GitHub', 'Portfolio', 'Other']
2025-05-15 09:33:45,400 - INFO - Processing question: 'where did you hear about biorender?'
2025-05-15 09:33:45,401 - WARNING - No match found for question: 'where did you hear about biorender?' (best score: 0)
2025-05-15 09:33:45,401 - INFO - Processing question: 'do you have programming experience or are you in a cs degree?'
2025-05-15 09:33:45,401 - WARNING - No match found for question: 'do you have programming experience or are you in a cs degree?' (best score: 0)
2025-05-15 09:33:45,402 - INFO - Processing question: 'are you legally authorized to work in the u.s. without restriction for any employer?'
2025-05-15 09:33:45,403 - WARNING - No match found for question: 'are you legally authorized to work in the u.s. without restriction for any employer?' (best score: 0)
2025-05-15 09:33:45,403 - INFO - Processing question: 'are you legally authorized to work in canada or the united states?'
2025-05-15 09:33:45,404 - WARNING - No match found for question: 'are you legally authorized to work in canada or the united states?' (best score: 0)
2025-05-15 09:33:45,404 - INFO - Processing question: 'how many years of experience do you have as a machine learning engineer?'
2025-05-15 09:33:45,405 - WARNING - No match found for question: 'how many years of experience do you have as a machine learning engineer?' (best score: 0)
2025-05-15 09:33:45,405 - INFO - Processing question: 'are you legally authorized to work in the united states?'
2025-05-15 09:33:45,405 - WARNING - No match found for question: 'are you legally authorized to work in the united states?' (best score: 0)
2025-05-15 09:33:45,406 - INFO - Processing question: 'what are your salary expectations?'
2025-05-15 09:33:45,406 - WARNING - No match found for question: 'what are your salary expectations?' (best score: 0)
2025-05-15 09:33:45,407 - INFO - Processing question: 'have you previously worked for hims & hers as an employee or contractor/consultant?'
2025-05-15 09:33:45,407 - WARNING - No match found for question: 'have you previously worked for hims & hers as an employee or contractor/consultant?' (best score: 0)
2025-05-15 09:33:45,407 - INFO - Processing question: 'are you legally authorized to work in canada?'
2025-05-15 09:33:45,408 - WARNING - No match found for question: 'are you legally authorized to work in canada?' (best score: 0)
2025-05-15 09:33:45,408 - INFO - Processing question: 'how did you hear about us?'
2025-05-15 09:33:45,409 - WARNING - No match found for question: 'how did you hear about us?' (best score: 0)
2025-05-15 09:33:45,409 - INFO - Processing question: 'are you a veteran/have you served in the military?'
2025-05-15 09:33:45,410 - WARNING - No match found for question: 'are you a veteran/have you served in the military?' (best score: 0)
2025-05-15 09:33:45,410 - INFO - Processing question: 'do you identify as having a disability?.no'
2025-05-15 09:33:45,411 - WARNING - No match found for question: 'do you identify as having a disability?.no' (best score: 0)
2025-05-15 09:33:45,411 - INFO - Processing question: 'will you now or in the future require immigration sponsorship by hims & hers in order to work for hims & hers in the u.s.?'
2025-05-15 09:33:45,412 - WARNING - No match found for question: 'will you now or in the future require immigration sponsorship by hims & hers in order to work for hims & hers in the u.s.?' (best score: 0)
2025-05-15 09:33:45,413 - INFO - Processing question: 'have you worked as a software engineer prior to moving into ml?'
2025-05-15 09:33:45,413 - WARNING - No match found for question: 'have you worked as a software engineer prior to moving into ml?' (best score: 0)
2025-05-15 09:33:45,414 - INFO - Processing question: 'which languages and dialects do you speak fluently?'
2025-05-15 09:33:45,414 - WARNING - No match found for question: 'which languages and dialects do you speak fluently?' (best score: 0)
2025-05-15 09:33:45,414 - INFO - Processing question: 'are you open to tier 2 (medium complexity) rlhf projects at listed rate for your location?'
2025-05-15 09:33:45,415 - WARNING - No match found for question: 'are you open to tier 2 (medium complexity) rlhf projects at listed rate for your location?' (best score: 0)
2025-05-15 09:33:45,415 - INFO - Processing question: 'do you have any familial relationships with current virta employees?'
2025-05-15 09:33:45,416 - WARNING - No match found for question: 'do you have any familial relationships with current virta employees?' (best score: 0)
2025-05-15 09:33:45,416 - INFO - Processing question: 'are you 18 or older and legally eligible to work in the country of the job you are applying for?'
2025-05-15 09:33:45,417 - WARNING - No match found for question: 'are you 18 or older and legally eligible to work in the country of the job you are applying for?' (best score: 0)
2025-05-15 09:33:45,417 - INFO - Processing question: 'will you now or in the future require sponsorship for employment?'
2025-05-15 09:33:45,418 - WARNING - No match found for question: 'will you now or in the future require sponsorship for employment?' (best score: 0)
2025-05-15 09:33:45,418 - INFO - Processing question: 'how many years of experience do you have in mle?'
2025-05-15 09:33:45,418 - WARNING - No match found for question: 'how many years of experience do you have in mle?' (best score: 0)
2025-05-15 09:33:45,419 - INFO - Processing question: 'are you legally authorized to work in the country?'
2025-05-15 09:33:45,419 - WARNING - No match found for question: 'are you legally authorized to work in the country?' (best score: 0)
2025-05-15 09:33:45,420 - INFO - Processing question: 'what is your expected salary?'
2025-05-15 09:33:45,420 - WARNING - No match found for question: 'what is your expected salary?' (best score: 0)
2025-05-15 09:33:45,420 - INFO - Processing question: 'are you legally eligible to work in the us?'
2025-05-15 09:33:45,421 - WARNING - No match found for question: 'are you legally eligible to work in the us?' (best score: 0)
2025-05-15 09:33:45,421 - INFO - Processing question: 'are you willing & able to come into our downtown san francisco office on a hybrid basis? (3 days /week)?'
2025-05-15 09:33:45,422 - WARNING - No match found for question: 'are you willing & able to come into our downtown san francisco office on a hybrid basis? (3 days /week)?' (best score: 0)
2025-05-15 09:33:45,422 - INFO - Processing question: 'can you work onsite in palo alto?'
2025-05-15 09:33:45,423 - WARNING - No match found for question: 'can you work onsite in palo alto?' (best score: 0)
2025-05-15 09:33:45,423 - INFO - Processing question: 'our offices are located in san francisco ca and new york city. please indicate which location you are interested in?'
2025-05-15 09:33:45,424 - WARNING - No match found for question: 'our offices are located in san francisco ca and new york city. please indicate which location you are interested in?' (best score: 0)
2025-05-15 09:33:45,425 - INFO - Processing question: 'will you now or will you in the future require employment visa sponsorship to work in the country in which the job you're applying for is located?'
2025-05-15 09:33:45,425 - WARNING - No match found for question: 'will you now or will you in the future require employment visa sponsorship to work in the country in which the job you're applying for is located?' (best score: 0)
2025-05-15 09:33:45,426 - INFO - Processing question: 'do you have authorization to work in the united states?'
2025-05-15 09:33:45,427 - WARNING - No match found for question: 'do you have authorization to work in the united states?' (best score: 0)
2025-05-15 09:33:45,427 - INFO - Processing question: 'will you now or in the future require sponsorship for employment visa status?'
2025-05-15 09:33:45,428 - WARNING - No match found for question: 'will you now or in the future require sponsorship for employment visa status?' (best score: 0)
2025-05-15 09:33:45,428 - INFO - Processing question: 'are you available to work in person at the promise office  location listed in the job description at least three times per week?'
2025-05-15 09:33:45,429 - WARNING - No match found for question: 'are you available to work in person at the promise office  location listed in the job description at least three times per week?' (best score: 0)
2025-05-15 09:33:45,429 - INFO - Processing question: 'are you 18 or older?'
2025-05-15 09:33:45,430 - WARNING - No match found for question: 'are you 18 or older?' (best score: 0)
2025-05-15 09:33:45,430 - INFO - Processing question: 'are you comfortable working with javascript?'
2025-05-15 09:33:45,431 - WARNING - No match found for question: 'are you comfortable working with javascript?' (best score: 0)
2025-05-15 09:33:45,431 - INFO - Processing question: 'would you willing to relocate to/be in office in san francisco?'
2025-05-15 09:33:45,432 - WARNING - No match found for question: 'would you willing to relocate to/be in office in san francisco?' (best score: 0)
2025-05-15 09:33:45,432 - INFO - Processing question: 'what annual salary are you looking for in $usd?'
2025-05-15 09:33:45,432 - WARNING - No match found for question: 'what annual salary are you looking for in $usd?' (best score: 0)
2025-05-15 09:33:45,433 - INFO - Processing question: 'are you looking for full-time or part-time work?'
2025-05-15 09:33:45,433 - WARNING - No match found for question: 'are you looking for full-time or part-time work?' (best score: 0)
2025-05-15 09:33:45,434 - INFO - Processing question: 'how would you best describe your ideal work environment?'
2025-05-15 09:33:45,434 - WARNING - No match found for question: 'how would you best describe your ideal work environment?' (best score: 0)
2025-05-15 09:33:45,435 - INFO - Processing question: 'how do you handle deadlines and pressure?'
2025-05-15 09:33:45,435 - WARNING - No match found for question: 'how do you handle deadlines and pressure?' (best score: 0)
2025-05-15 09:33:45,435 - INFO - Processing question: 'how do you handle situations where you have too many tasks to complete on your own?'
2025-05-15 09:33:45,436 - WARNING - No match found for question: 'how do you handle situations where you have too many tasks to complete on your own?' (best score: 0)
2025-05-15 09:33:45,436 - INFO - Processing question: 'how much are you willing to work when things are urgent?'
2025-05-15 09:33:45,437 - WARNING - No match found for question: 'how much are you willing to work when things are urgent?' (best score: 0)
2025-05-15 09:33:45,437 - INFO - Processing question: 'are you comfortable working with python?'
2025-05-15 09:33:45,438 - WARNING - No match found for question: 'are you comfortable working with python?' (best score: 0)
2025-05-15 09:33:45,438 - INFO - Processing question: 'do you currently have legal authorization to work in the country where the position is based?'
2025-05-15 09:33:45,439 - WARNING - No match found for question: 'do you currently have legal authorization to work in the country where the position is based?' (best score: 0)
2025-05-15 09:33:45,439 - INFO - Processing question: 'are you excited to work in-office five days a week?'
2025-05-15 09:33:45,440 - WARNING - No match found for question: 'are you excited to work in-office five days a week?' (best score: 0)
2025-05-15 09:33:45,440 - INFO - Q&A section filled successfully!
2025-05-15 09:33:45,440 - INFO - Form filled successfully!
2025-05-15 09:33:46,456 - INFO - Starting submission process...
2025-05-15 09:33:46,624 - INFO - All required fields are filled.
2025-05-15 09:33:46,682 - INFO - Found submit button using selector: button._primary_8wvgw_96
2025-05-15 09:33:48,307 - INFO - Clicked submit button normally
2025-05-15 09:33:50,856 - INFO - Page changed after click - assuming submission started
2025-05-15 09:34:11,253 - WARNING - Error during submission verification: Message: 

2025-05-15 09:34:11,269 - INFO - URL suggests we left application page - assuming success
2025-05-15 09:34:11,269 - INFO - Application submitted successfully!
2025-05-15 09:34:11,269 - INFO - Log directory ensured: C:\Users\hr\OneDrive\Desktop\merge\all_job_app\logs
2025-05-15 09:34:11,273 - INFO - Log entry written to logs/ashby_log_2025-05-15.csv
2025-05-15 09:34:11,274 - INFO - Log directory ensured: C:\Users\hr\OneDrive\Desktop\merge\all_job_app\logs
2025-05-15 09:34:11,275 - INFO - Log entry written to logs/ashby_log_2025-05-15.csv
2025-05-15 09:34:11,275 - INFO - Processing job: https://jobs.ashbyhq.com/zip/f2966399-c936-4bd2-911d-42d0b5793618
2025-05-15 09:34:11,927 - INFO - Opened job page: https://jobs.ashbyhq.com/zip/f2966399-c936-4bd2-911d-42d0b5793618
2025-05-15 09:34:15,053 - INFO - Apply button clicked successfully!
2025-05-15 09:34:20,069 - INFO - Attempting to upload resume from: C:\Users\hr\OneDrive\Desktop\merge\all_job_app\resume/resume.pdf
2025-05-15 09:34:20,635 - INFO - Resume file sent to input element
2025-05-15 09:34:36,095 - WARNING - No explicit upload confirmation detected: Message: 

2025-05-15 09:34:36,096 - INFO - Filling out the application form...
2025-05-15 09:34:36,211 - INFO - Filled field name with value Vijay Yadav
2025-05-15 09:34:36,315 - INFO - Filled field email with value vijay.yadav@example.com
2025-05-15 09:34:36,409 - INFO - Filled field phone with value 1234567890
2025-05-15 09:34:36,409 - WARNING - No value provided for mandatory field: address
2025-05-15 09:34:46,814 - WARNING - Error filling field location with selector input[role='combobox']: Message: 
Stacktrace:
	GetHandleVerifier [0x0055FC83+61635]
	GetHandleVerifier [0x0055FCC4+61700]
	(No symbol) [0x003805D3]
	(No symbol) [0x003C899E]
	(No symbol) [0x003C8D3B]
	(No symbol) [0x00410E12]
	(No symbol) [0x003ED2E4]
	(No symbol) [0x0040E61B]
	(No symbol) [0x003ED096]
	(No symbol) [0x003BC840]
	(No symbol) [0x003BD6A4]
	GetHandleVerifier [0x007E45A3+2701795]
	GetHandleVerifier [0x007DFD26+2683238]
	GetHandleVerifier [0x007FAA6E+2793134]
	GetHandleVerifier [0x00576945+155013]
	GetHandleVerifier [0x0057D02D+181357]
	GetHandleVerifier [0x005674D8+92440]
	GetHandleVerifier [0x00567680+92864]
	GetHandleVerifier [0x00552070+5296]
	BaseThreadInitThunk [0x759AFCC9+25]
	RtlGetAppContainerNamedObjectPath [0x771B82AE+286]
	RtlGetAppContainerNamedObjectPath [0x771B827E+238]

2025-05-15 09:34:57,321 - WARNING - Error filling field location with selector input[placeholder*='Start typing']: Message: 
Stacktrace:
	GetHandleVerifier [0x0055FC83+61635]
	GetHandleVerifier [0x0055FCC4+61700]
	(No symbol) [0x003805D3]
	(No symbol) [0x003C899E]
	(No symbol) [0x003C8D3B]
	(No symbol) [0x00410E12]
	(No symbol) [0x003ED2E4]
	(No symbol) [0x0040E61B]
	(No symbol) [0x003ED096]
	(No symbol) [0x003BC840]
	(No symbol) [0x003BD6A4]
	GetHandleVerifier [0x007E45A3+2701795]
	GetHandleVerifier [0x007DFD26+2683238]
	GetHandleVerifier [0x007FAA6E+2793134]
	GetHandleVerifier [0x00576945+155013]
	GetHandleVerifier [0x0057D02D+181357]
	GetHandleVerifier [0x005674D8+92440]
	GetHandleVerifier [0x00567680+92864]
	GetHandleVerifier [0x00552070+5296]
	BaseThreadInitThunk [0x759AFCC9+25]
	RtlGetAppContainerNamedObjectPath [0x771B82AE+286]
	RtlGetAppContainerNamedObjectPath [0x771B827E+238]

2025-05-15 09:34:57,472 - INFO - Filled LinkedIn field
2025-05-15 09:34:57,472 - INFO - Filling out the Q&A section...
2025-05-15 09:34:58,256 - INFO - Form Q&A questions found: []
2025-05-15 09:34:58,256 - WARNING - No Q&A questions found in the form. Skipping Q&A section.
2025-05-15 09:34:58,256 - INFO - Form filled successfully!
2025-05-15 09:34:59,265 - INFO - Starting submission process...
2025-05-15 09:34:59,363 - INFO - Required field not filled: 3e05737b-3b32-4905-9d04-aa81014997f7
2025-05-15 09:34:59,379 - INFO - Required field not filled: 425d6313-16ba-4d84-8115-66d962a859a9
2025-05-15 09:34:59,629 - INFO - Required radio group not answered: Are you willing and able to come into our downtown SF office 3 days per week?
2025-05-15 09:34:59,712 - INFO - Waiting for 3 required fields to be filled: ['3e05737b-3b32-4905-9d04-aa81014997f7', '425d6313-16ba-4d84-8115-66d962a859a9', 'Are you willing and able to come into our downtown SF office 3 days per week?']
2025-05-15 09:35:01,822 - INFO - Required field not filled: 3e05737b-3b32-4905-9d04-aa81014997f7
2025-05-15 09:35:01,836 - INFO - Required field not filled: 425d6313-16ba-4d84-8115-66d962a859a9
2025-05-15 09:35:02,000 - INFO - Required radio group not answered: Are you willing and able to come into our downtown SF office 3 days per week?
2025-05-15 09:35:02,083 - INFO - Waiting for 3 required fields to be filled: ['3e05737b-3b32-4905-9d04-aa81014997f7', '425d6313-16ba-4d84-8115-66d962a859a9', 'Are you willing and able to come into our downtown SF office 3 days per week?']
2025-05-15 09:35:04,197 - INFO - Required field not filled: 425d6313-16ba-4d84-8115-66d962a859a9
2025-05-15 09:35:04,383 - INFO - Required radio group not answered: Are you willing and able to come into our downtown SF office 3 days per week?
2025-05-15 09:35:04,450 - INFO - Waiting for 2 required fields to be filled: ['425d6313-16ba-4d84-8115-66d962a859a9', 'Are you willing and able to come into our downtown SF office 3 days per week?']
2025-05-15 09:35:06,563 - INFO - Required field not filled: 425d6313-16ba-4d84-8115-66d962a859a9
2025-05-15 09:35:06,751 - INFO - Required radio group not answered: Are you willing and able to come into our downtown SF office 3 days per week?
2025-05-15 09:35:06,802 - INFO - Waiting for 2 required fields to be filled: ['425d6313-16ba-4d84-8115-66d962a859a9', 'Are you willing and able to come into our downtown SF office 3 days per week?']
2025-05-15 09:35:08,905 - INFO - Required field not filled: 425d6313-16ba-4d84-8115-66d962a859a9
2025-05-15 09:35:09,104 - INFO - Required radio group not answered: Are you willing and able to come into our downtown SF office 3 days per week?
2025-05-15 09:35:09,165 - INFO - Waiting for 2 required fields to be filled: ['425d6313-16ba-4d84-8115-66d962a859a9', 'Are you willing and able to come into our downtown SF office 3 days per week?']
2025-05-15 09:35:11,281 - INFO - Required field not filled: 425d6313-16ba-4d84-8115-66d962a859a9
2025-05-15 09:35:11,448 - INFO - Required radio group not answered: Are you willing and able to come into our downtown SF office 3 days per week?
2025-05-15 09:35:11,503 - INFO - Waiting for 2 required fields to be filled: ['425d6313-16ba-4d84-8115-66d962a859a9', 'Are you willing and able to come into our downtown SF office 3 days per week?']
2025-05-15 09:35:13,647 - INFO - Required field not filled: 425d6313-16ba-4d84-8115-66d962a859a9
2025-05-15 09:35:13,842 - INFO - Required radio group not answered: Are you willing and able to come into our downtown SF office 3 days per week?
2025-05-15 09:35:13,922 - INFO - Waiting for 2 required fields to be filled: ['425d6313-16ba-4d84-8115-66d962a859a9', 'Are you willing and able to come into our downtown SF office 3 days per week?']
2025-05-15 09:35:16,165 - INFO - Required field not filled: 425d6313-16ba-4d84-8115-66d962a859a9
2025-05-15 09:35:16,302 - INFO - Required radio group not answered: Are you willing and able to come into our downtown SF office 3 days per week?
2025-05-15 09:35:16,349 - INFO - Waiting for 2 required fields to be filled: ['425d6313-16ba-4d84-8115-66d962a859a9', 'Are you willing and able to come into our downtown SF office 3 days per week?']
2025-05-15 09:35:18,430 - INFO - Required field not filled: 425d6313-16ba-4d84-8115-66d962a859a9
2025-05-15 09:35:18,597 - INFO - Required radio group not answered: Are you willing and able to come into our downtown SF office 3 days per week?
2025-05-15 09:35:18,648 - INFO - Waiting for 2 required fields to be filled: ['425d6313-16ba-4d84-8115-66d962a859a9', 'Are you willing and able to come into our downtown SF office 3 days per week?']
2025-05-15 09:35:20,736 - INFO - Required field not filled: 425d6313-16ba-4d84-8115-66d962a859a9
2025-05-15 09:35:20,898 - INFO - Required radio group not answered: Are you willing and able to come into our downtown SF office 3 days per week?
2025-05-15 09:35:20,949 - INFO - Waiting for 2 required fields to be filled: ['425d6313-16ba-4d84-8115-66d962a859a9', 'Are you willing and able to come into our downtown SF office 3 days per week?']
2025-05-15 09:35:23,045 - INFO - Required field not filled: 425d6313-16ba-4d84-8115-66d962a859a9
2025-05-15 09:35:23,215 - INFO - Required radio group not answered: Are you willing and able to come into our downtown SF office 3 days per week?
2025-05-15 09:35:23,263 - INFO - Waiting for 2 required fields to be filled: ['425d6313-16ba-4d84-8115-66d962a859a9', 'Are you willing and able to come into our downtown SF office 3 days per week?']
2025-05-15 09:35:25,420 - INFO - Required field not filled: 425d6313-16ba-4d84-8115-66d962a859a9
2025-05-15 09:35:25,583 - INFO - Required radio group not answered: Are you willing and able to come into our downtown SF office 3 days per week?
2025-05-15 09:35:25,629 - INFO - Waiting for 2 required fields to be filled: ['425d6313-16ba-4d84-8115-66d962a859a9', 'Are you willing and able to come into our downtown SF office 3 days per week?']
2025-05-15 09:35:27,746 - INFO - Required field not filled: 425d6313-16ba-4d84-8115-66d962a859a9
2025-05-15 09:35:27,914 - INFO - Required radio group not answered: Are you willing and able to come into our downtown SF office 3 days per week?
2025-05-15 09:35:27,966 - INFO - Waiting for 2 required fields to be filled: ['425d6313-16ba-4d84-8115-66d962a859a9', 'Are you willing and able to come into our downtown SF office 3 days per week?']
2025-05-15 09:35:30,090 - INFO - Required field not filled: 425d6313-16ba-4d84-8115-66d962a859a9
2025-05-15 09:35:30,258 - INFO - Required radio group not answered: Are you willing and able to come into our downtown SF office 3 days per week?
2025-05-15 09:35:30,306 - INFO - Waiting for 2 required fields to be filled: ['425d6313-16ba-4d84-8115-66d962a859a9', 'Are you willing and able to come into our downtown SF office 3 days per week?']
2025-05-15 09:35:32,604 - INFO - All required fields are filled.
2025-05-15 09:35:32,646 - INFO - Found submit button using selector: button._primary_8wvgw_96
2025-05-15 09:35:33,827 - INFO - Clicked submit button normally
2025-05-15 09:35:36,836 - INFO - Page changed after click - assuming submission started
2025-05-15 09:35:57,159 - WARNING - Error during submission verification: Message: 

2025-05-15 09:35:57,159 - INFO - URL suggests we left application page - assuming success
2025-05-15 09:35:57,159 - INFO - Application submitted successfully!
2025-05-15 09:35:57,159 - INFO - Log directory ensured: C:\Users\hr\OneDrive\Desktop\merge\all_job_app\logs
2025-05-15 09:35:57,166 - INFO - Log entry written to logs/ashby_log_2025-05-15.csv
2025-05-15 09:35:57,167 - INFO - Log directory ensured: C:\Users\hr\OneDrive\Desktop\merge\all_job_app\logs
2025-05-15 09:35:57,168 - INFO - Log entry written to logs/ashby_log_2025-05-15.csv
2025-05-15 09:35:57,168 - INFO - Processing job: https://jobs.ashbyhq.com/Etched/610c3836-9798-46ea-931a-02bb95b29467
2025-05-15 09:35:58,397 - INFO - Opened job page: https://jobs.ashbyhq.com/Etched/610c3836-9798-46ea-931a-02bb95b29467
2025-05-15 09:36:01,526 - INFO - Apply button clicked successfully!
2025-05-15 09:36:06,540 - INFO - Attempting to upload resume from: C:\Users\hr\OneDrive\Desktop\merge\all_job_app\resume/resume.pdf
2025-05-15 09:36:07,125 - INFO - Resume file sent to input element
2025-05-15 09:36:22,389 - WARNING - No explicit upload confirmation detected: Message: 

2025-05-15 09:36:22,390 - INFO - Filling out the application form...
2025-05-15 09:36:22,509 - INFO - Filled field name with value Vijay Yadav
2025-05-15 09:36:22,616 - INFO - Filled field email with value vijay.yadav@example.com
2025-05-15 09:36:33,131 - WARNING - Error filling field phone with selector input[type='tel']: Message: 
Stacktrace:
	GetHandleVerifier [0x0055FC83+61635]
	GetHandleVerifier [0x0055FCC4+61700]
	(No symbol) [0x003805D3]
	(No symbol) [0x003C899E]
	(No symbol) [0x003C8D3B]
	(No symbol) [0x00410E12]
	(No symbol) [0x003ED2E4]
	(No symbol) [0x0040E61B]
	(No symbol) [0x003ED096]
	(No symbol) [0x003BC840]
	(No symbol) [0x003BD6A4]
	GetHandleVerifier [0x007E45A3+2701795]
	GetHandleVerifier [0x007DFD26+2683238]
	GetHandleVerifier [0x007FAA6E+2793134]
	GetHandleVerifier [0x00576945+155013]
	GetHandleVerifier [0x0057D02D+181357]
	GetHandleVerifier [0x005674D8+92440]
	GetHandleVerifier [0x00567680+92864]
	GetHandleVerifier [0x00552070+5296]
	BaseThreadInitThunk [0x759AFCC9+25]
	RtlGetAppContainerNamedObjectPath [0x771B82AE+286]
	RtlGetAppContainerNamedObjectPath [0x771B827E+238]

2025-05-15 09:36:43,155 - WARNING - Error filling field phone with selector input[name='phone']: Message: 
Stacktrace:
	GetHandleVerifier [0x0055FC83+61635]
	GetHandleVerifier [0x0055FCC4+61700]
	(No symbol) [0x003805D3]
	(No symbol) [0x003C899E]
	(No symbol) [0x003C8D3B]
	(No symbol) [0x00410E12]
	(No symbol) [0x003ED2E4]
	(No symbol) [0x0040E61B]
	(No symbol) [0x003ED096]
	(No symbol) [0x003BC840]
	(No symbol) [0x003BD6A4]
	GetHandleVerifier [0x007E45A3+2701795]
	GetHandleVerifier [0x007DFD26+2683238]
	GetHandleVerifier [0x007FAA6E+2793134]
	GetHandleVerifier [0x00576945+155013]
	GetHandleVerifier [0x0057D02D+181357]
	GetHandleVerifier [0x005674D8+92440]
	GetHandleVerifier [0x00567680+92864]
	GetHandleVerifier [0x00552070+5296]
	BaseThreadInitThunk [0x759AFCC9+25]
	RtlGetAppContainerNamedObjectPath [0x771B82AE+286]
	RtlGetAppContainerNamedObjectPath [0x771B827E+238]

2025-05-15 09:36:53,645 - WARNING - Error filling field phone with selector input[type='number']: Message: 
Stacktrace:
	GetHandleVerifier [0x0055FC83+61635]
	GetHandleVerifier [0x0055FCC4+61700]
	(No symbol) [0x003805D3]
	(No symbol) [0x003C899E]
	(No symbol) [0x003C8D3B]
	(No symbol) [0x00410E12]
	(No symbol) [0x003ED2E4]
	(No symbol) [0x0040E61B]
	(No symbol) [0x003ED096]
	(No symbol) [0x003BC840]
	(No symbol) [0x003BD6A4]
	GetHandleVerifier [0x007E45A3+2701795]
	GetHandleVerifier [0x007DFD26+2683238]
	GetHandleVerifier [0x007FAA6E+2793134]
	GetHandleVerifier [0x00576945+155013]
	GetHandleVerifier [0x0057D02D+181357]
	GetHandleVerifier [0x005674D8+92440]
	GetHandleVerifier [0x00567680+92864]
	GetHandleVerifier [0x00552070+5296]
	BaseThreadInitThunk [0x759AFCC9+25]
	RtlGetAppContainerNamedObjectPath [0x771B82AE+286]
	RtlGetAppContainerNamedObjectPath [0x771B827E+238]

2025-05-15 09:36:53,650 - WARNING - No value provided for mandatory field: address
2025-05-15 09:37:03,669 - WARNING - Error filling field location with selector input[role='combobox']: Message: 
Stacktrace:
	GetHandleVerifier [0x0055FC83+61635]
	GetHandleVerifier [0x0055FCC4+61700]
	(No symbol) [0x003805D3]
	(No symbol) [0x003C899E]
	(No symbol) [0x003C8D3B]
	(No symbol) [0x00410E12]
	(No symbol) [0x003ED2E4]
	(No symbol) [0x0040E61B]
	(No symbol) [0x003ED096]
	(No symbol) [0x003BC840]
	(No symbol) [0x003BD6A4]
	GetHandleVerifier [0x007E45A3+2701795]
	GetHandleVerifier [0x007DFD26+2683238]
	GetHandleVerifier [0x007FAA6E+2793134]
	GetHandleVerifier [0x00576945+155013]
	GetHandleVerifier [0x0057D02D+181357]
	GetHandleVerifier [0x005674D8+92440]
	GetHandleVerifier [0x00567680+92864]
	GetHandleVerifier [0x00552070+5296]
	BaseThreadInitThunk [0x759AFCC9+25]
	RtlGetAppContainerNamedObjectPath [0x771B82AE+286]
	RtlGetAppContainerNamedObjectPath [0x771B827E+238]

2025-05-15 09:37:13,709 - WARNING - Error filling field location with selector input[placeholder*='Start typing']: Message: 
Stacktrace:
	GetHandleVerifier [0x0055FC83+61635]
	GetHandleVerifier [0x0055FCC4+61700]
	(No symbol) [0x003805D3]
	(No symbol) [0x003C899E]
	(No symbol) [0x003C8D3B]
	(No symbol) [0x00410E12]
	(No symbol) [0x003ED2E4]
	(No symbol) [0x0040E61B]
	(No symbol) [0x003ED096]
	(No symbol) [0x003BC840]
	(No symbol) [0x003BD6A4]
	GetHandleVerifier [0x007E45A3+2701795]
	GetHandleVerifier [0x007DFD26+2683238]
	GetHandleVerifier [0x007FAA6E+2793134]
	GetHandleVerifier [0x00576945+155013]
	GetHandleVerifier [0x0057D02D+181357]
	GetHandleVerifier [0x005674D8+92440]
	GetHandleVerifier [0x00567680+92864]
	GetHandleVerifier [0x00552070+5296]
	BaseThreadInitThunk [0x759AFCC9+25]
	RtlGetAppContainerNamedObjectPath [0x771B82AE+286]
	RtlGetAppContainerNamedObjectPath [0x771B827E+238]

2025-05-15 09:37:23,751 - WARNING - LinkedIn field not found or failed to fill: Message: 
Stacktrace:
	GetHandleVerifier [0x0055FC83+61635]
	GetHandleVerifier [0x0055FCC4+61700]
	(No symbol) [0x003805D3]
	(No symbol) [0x003C899E]
	(No symbol) [0x003C8D3B]
	(No symbol) [0x00410E12]
	(No symbol) [0x003ED2E4]
	(No symbol) [0x0040E61B]
	(No symbol) [0x003ED096]
	(No symbol) [0x003BC840]
	(No symbol) [0x003BD6A4]
	GetHandleVerifier [0x007E45A3+2701795]
	GetHandleVerifier [0x007DFD26+2683238]
	GetHandleVerifier [0x007FAA6E+2793134]
	GetHandleVerifier [0x00576945+155013]
	GetHandleVerifier [0x0057D02D+181357]
	GetHandleVerifier [0x005674D8+92440]
	GetHandleVerifier [0x00567680+92864]
	GetHandleVerifier [0x00552070+5296]
	BaseThreadInitThunk [0x759AFCC9+25]
	RtlGetAppContainerNamedObjectPath [0x771B82AE+286]
	RtlGetAppContainerNamedObjectPath [0x771B827E+238]

2025-05-15 09:37:23,768 - INFO - Filling out the Q&A section...
2025-05-15 09:37:24,433 - INFO - Form Q&A questions found: []
2025-05-15 09:37:24,433 - WARNING - No Q&A questions found in the form. Skipping Q&A section.
2025-05-15 09:37:24,433 - INFO - Form filled successfully!
2025-05-15 09:37:25,449 - INFO - Starting submission process...
2025-05-15 09:37:25,616 - INFO - All required fields are filled.
2025-05-15 09:37:25,652 - INFO - Found submit button using selector: button._primary_8wvgw_96
2025-05-15 09:37:26,773 - INFO - Clicked submit button normally
2025-05-15 09:37:29,033 - INFO - Page changed after click - assuming submission started
2025-05-15 09:37:49,048 - WARNING - Error during submission verification: Message: 

2025-05-15 09:37:49,064 - INFO - URL suggests we left application page - assuming success
2025-05-15 09:37:49,064 - INFO - Application submitted successfully!
2025-05-15 09:37:49,065 - INFO - Log directory ensured: C:\Users\hr\OneDrive\Desktop\merge\all_job_app\logs
2025-05-15 09:37:49,065 - INFO - Log entry written to logs/ashby_log_2025-05-15.csv
2025-05-15 09:37:49,066 - INFO - Log directory ensured: C:\Users\hr\OneDrive\Desktop\merge\all_job_app\logs
2025-05-15 09:37:49,067 - INFO - Log entry written to logs/ashby_log_2025-05-15.csv
2025-05-15 09:37:49,067 - INFO - Processing job: https://jobs.ashbyhq.com/character/3ab40c3d-63bd-4634-a126-5a3d25d3263b
2025-05-15 09:37:50,225 - INFO - Opened job page: https://jobs.ashbyhq.com/character/3ab40c3d-63bd-4634-a126-5a3d25d3263b
2025-05-15 09:37:53,352 - INFO - Apply button clicked successfully!
2025-05-15 09:37:58,361 - INFO - Attempting to upload resume from: C:\Users\hr\OneDrive\Desktop\merge\all_job_app\resume/resume.pdf
2025-05-15 09:37:58,948 - INFO - Resume file sent to input element
2025-05-15 09:38:14,351 - WARNING - No explicit upload confirmation detected: Message: 

2025-05-15 09:38:14,352 - INFO - Filling out the application form...
2025-05-15 09:38:14,455 - INFO - Filled field name with value Vijay Yadav
2025-05-15 09:38:14,589 - INFO - Filled field email with value vijay.yadav@example.com
2025-05-15 09:38:24,603 - WARNING - Error filling field phone with selector input[type='tel']: Message: 
Stacktrace:
	GetHandleVerifier [0x0055FC83+61635]
	GetHandleVerifier [0x0055FCC4+61700]
	(No symbol) [0x003805D3]
	(No symbol) [0x003C899E]
	(No symbol) [0x003C8D3B]
	(No symbol) [0x00410E12]
	(No symbol) [0x003ED2E4]
	(No symbol) [0x0040E61B]
	(No symbol) [0x003ED096]
	(No symbol) [0x003BC840]
	(No symbol) [0x003BD6A4]
	GetHandleVerifier [0x007E45A3+2701795]
	GetHandleVerifier [0x007DFD26+2683238]
	GetHandleVerifier [0x007FAA6E+2793134]
	GetHandleVerifier [0x00576945+155013]
	GetHandleVerifier [0x0057D02D+181357]
	GetHandleVerifier [0x005674D8+92440]
	GetHandleVerifier [0x00567680+92864]
	GetHandleVerifier [0x00552070+5296]
	BaseThreadInitThunk [0x759AFCC9+25]
	RtlGetAppContainerNamedObjectPath [0x771B82AE+286]
	RtlGetAppContainerNamedObjectPath [0x771B827E+238]

2025-05-15 09:38:35,126 - WARNING - Error filling field phone with selector input[name='phone']: Message: 
Stacktrace:
	GetHandleVerifier [0x0055FC83+61635]
	GetHandleVerifier [0x0055FCC4+61700]
	(No symbol) [0x003805D3]
	(No symbol) [0x003C899E]
	(No symbol) [0x003C8D3B]
	(No symbol) [0x00410E12]
	(No symbol) [0x003ED2E4]
	(No symbol) [0x0040E61B]
	(No symbol) [0x003ED096]
	(No symbol) [0x003BC840]
	(No symbol) [0x003BD6A4]
	GetHandleVerifier [0x007E45A3+2701795]
	GetHandleVerifier [0x007DFD26+2683238]
	GetHandleVerifier [0x007FAA6E+2793134]
	GetHandleVerifier [0x00576945+155013]
	GetHandleVerifier [0x0057D02D+181357]
	GetHandleVerifier [0x005674D8+92440]
	GetHandleVerifier [0x00567680+92864]
	GetHandleVerifier [0x00552070+5296]
	BaseThreadInitThunk [0x759AFCC9+25]
	RtlGetAppContainerNamedObjectPath [0x771B82AE+286]
	RtlGetAppContainerNamedObjectPath [0x771B827E+238]

2025-05-15 09:38:45,596 - WARNING - Error filling field phone with selector input[type='number']: Message: 
Stacktrace:
	GetHandleVerifier [0x0055FC83+61635]
	GetHandleVerifier [0x0055FCC4+61700]
	(No symbol) [0x003805D3]
	(No symbol) [0x003C899E]
	(No symbol) [0x003C8D3B]
	(No symbol) [0x00410E12]
	(No symbol) [0x003ED2E4]
	(No symbol) [0x0040E61B]
	(No symbol) [0x003ED096]
	(No symbol) [0x003BC840]
	(No symbol) [0x003BD6A4]
	GetHandleVerifier [0x007E45A3+2701795]
	GetHandleVerifier [0x007DFD26+2683238]
	GetHandleVerifier [0x007FAA6E+2793134]
	GetHandleVerifier [0x00576945+155013]
	GetHandleVerifier [0x0057D02D+181357]
	GetHandleVerifier [0x005674D8+92440]
	GetHandleVerifier [0x00567680+92864]
	GetHandleVerifier [0x00552070+5296]
	BaseThreadInitThunk [0x759AFCC9+25]
	RtlGetAppContainerNamedObjectPath [0x771B82AE+286]
	RtlGetAppContainerNamedObjectPath [0x771B827E+238]

2025-05-15 09:38:45,601 - WARNING - No value provided for mandatory field: address
2025-05-15 09:38:55,624 - WARNING - Error filling field location with selector input[role='combobox']: Message: 
Stacktrace:
	GetHandleVerifier [0x0055FC83+61635]
	GetHandleVerifier [0x0055FCC4+61700]
	(No symbol) [0x003805D3]
	(No symbol) [0x003C899E]
	(No symbol) [0x003C8D3B]
	(No symbol) [0x00410E12]
	(No symbol) [0x003ED2E4]
	(No symbol) [0x0040E61B]
	(No symbol) [0x003ED096]
	(No symbol) [0x003BC840]
	(No symbol) [0x003BD6A4]
	GetHandleVerifier [0x007E45A3+2701795]
	GetHandleVerifier [0x007DFD26+2683238]
	GetHandleVerifier [0x007FAA6E+2793134]
	GetHandleVerifier [0x00576945+155013]
	GetHandleVerifier [0x0057D02D+181357]
	GetHandleVerifier [0x005674D8+92440]
	GetHandleVerifier [0x00567680+92864]
	GetHandleVerifier [0x00552070+5296]
	BaseThreadInitThunk [0x759AFCC9+25]
	RtlGetAppContainerNamedObjectPath [0x771B82AE+286]
	RtlGetAppContainerNamedObjectPath [0x771B827E+238]

2025-05-15 09:39:06,173 - WARNING - Error filling field location with selector input[placeholder*='Start typing']: Message: 
Stacktrace:
	GetHandleVerifier [0x0055FC83+61635]
	GetHandleVerifier [0x0055FCC4+61700]
	(No symbol) [0x003805D3]
	(No symbol) [0x003C899E]
	(No symbol) [0x003C8D3B]
	(No symbol) [0x00410E12]
	(No symbol) [0x003ED2E4]
	(No symbol) [0x0040E61B]
	(No symbol) [0x003ED096]
	(No symbol) [0x003BC840]
	(No symbol) [0x003BD6A4]
	GetHandleVerifier [0x007E45A3+2701795]
	GetHandleVerifier [0x007DFD26+2683238]
	GetHandleVerifier [0x007FAA6E+2793134]
	GetHandleVerifier [0x00576945+155013]
	GetHandleVerifier [0x0057D02D+181357]
	GetHandleVerifier [0x005674D8+92440]
	GetHandleVerifier [0x00567680+92864]
	GetHandleVerifier [0x00552070+5296]
	BaseThreadInitThunk [0x759AFCC9+25]
	RtlGetAppContainerNamedObjectPath [0x771B82AE+286]
	RtlGetAppContainerNamedObjectPath [0x771B827E+238]

2025-05-15 09:39:06,207 - WARNING - LinkedIn field not found or failed to fill: Message: no such element: Unable to locate element: {"method":"xpath","selector":".//following-sibling::input"}
  (Session info: chrome=136.0.7103.93); For documentation on this error, please visit: https://www.selenium.dev/documentation/webdriver/troubleshooting/errors#no-such-element-exception
Stacktrace:
	GetHandleVerifier [0x0055FC83+61635]
	GetHandleVerifier [0x0055FCC4+61700]
	(No symbol) [0x003805D3]
	(No symbol) [0x003C899E]
	(No symbol) [0x003C8D3B]
	(No symbol) [0x003BE111]
	(No symbol) [0x003ED2E4]
	(No symbol) [0x003BE034]
	(No symbol) [0x003ED514]
	(No symbol) [0x0040E61B]
	(No symbol) [0x003ED096]
	(No symbol) [0x003BC840]
	(No symbol) [0x003BD6A4]
	GetHandleVerifier [0x007E45A3+2701795]
	GetHandleVerifier [0x007DFD26+2683238]
	GetHandleVerifier [0x007FAA6E+2793134]
	GetHandleVerifier [0x00576945+155013]
	GetHandleVerifier [0x0057D02D+181357]
	GetHandleVerifier [0x005674D8+92440]
	GetHandleVerifier [0x00567680+92864]
	GetHandleVerifier [0x00552070+5296]
	BaseThreadInitThunk [0x759AFCC9+25]
	RtlGetAppContainerNamedObjectPath [0x771B82AE+286]
	RtlGetAppContainerNamedObjectPath [0x771B827E+238]

2025-05-15 09:39:06,222 - INFO - Filling out the Q&A section...
2025-05-15 09:39:07,147 - INFO - Form Q&A questions found: ['When could you start working?', 'Why are you interested in working at Character AI?', '[Optional] What is one feature you would be excited to add or improve?']
2025-05-15 09:39:07,148 - INFO - Processing question: 'where did you hear about biorender?'
2025-05-15 09:39:07,149 - WARNING - No match found for question: 'where did you hear about biorender?' (best score: 0)
2025-05-15 09:39:07,149 - INFO - Processing question: 'do you have programming experience or are you in a cs degree?'
2025-05-15 09:39:07,149 - WARNING - No match found for question: 'do you have programming experience or are you in a cs degree?' (best score: 0)
2025-05-15 09:39:07,149 - INFO - Processing question: 'are you legally authorized to work in the u.s. without restriction for any employer?'
2025-05-15 09:39:07,150 - WARNING - No match found for question: 'are you legally authorized to work in the u.s. without restriction for any employer?' (best score: 0)
2025-05-15 09:39:07,150 - INFO - Processing question: 'are you legally authorized to work in canada or the united states?'
2025-05-15 09:39:07,151 - WARNING - No match found for question: 'are you legally authorized to work in canada or the united states?' (best score: 0)
2025-05-15 09:39:07,151 - INFO - Processing question: 'how many years of experience do you have as a machine learning engineer?'
2025-05-15 09:39:07,152 - WARNING - No match found for question: 'how many years of experience do you have as a machine learning engineer?' (best score: 0)
2025-05-15 09:39:07,152 - INFO - Processing question: 'are you legally authorized to work in the united states?'
2025-05-15 09:39:07,152 - WARNING - No match found for question: 'are you legally authorized to work in the united states?' (best score: 0)
2025-05-15 09:39:07,153 - INFO - Processing question: 'what are your salary expectations?'
2025-05-15 09:39:07,153 - WARNING - No match found for question: 'what are your salary expectations?' (best score: 0)
2025-05-15 09:39:07,154 - INFO - Processing question: 'have you previously worked for hims & hers as an employee or contractor/consultant?'
2025-05-15 09:39:07,154 - WARNING - No match found for question: 'have you previously worked for hims & hers as an employee or contractor/consultant?' (best score: 0)
2025-05-15 09:39:07,155 - INFO - Processing question: 'are you legally authorized to work in canada?'
2025-05-15 09:39:07,155 - WARNING - No match found for question: 'are you legally authorized to work in canada?' (best score: 0)
2025-05-15 09:39:07,155 - INFO - Processing question: 'how did you hear about us?'
2025-05-15 09:39:07,156 - WARNING - No match found for question: 'how did you hear about us?' (best score: 0)
2025-05-15 09:39:07,156 - INFO - Processing question: 'are you a veteran/have you served in the military?'
2025-05-15 09:39:07,157 - WARNING - No match found for question: 'are you a veteran/have you served in the military?' (best score: 0)
2025-05-15 09:39:07,157 - INFO - Processing question: 'do you identify as having a disability?.no'
2025-05-15 09:39:07,158 - WARNING - No match found for question: 'do you identify as having a disability?.no' (best score: 0)
2025-05-15 09:39:07,158 - INFO - Processing question: 'will you now or in the future require immigration sponsorship by hims & hers in order to work for hims & hers in the u.s.?'
2025-05-15 09:39:07,158 - WARNING - No match found for question: 'will you now or in the future require immigration sponsorship by hims & hers in order to work for hims & hers in the u.s.?' (best score: 0)
2025-05-15 09:39:07,159 - INFO - Processing question: 'have you worked as a software engineer prior to moving into ml?'
2025-05-15 09:39:07,160 - WARNING - No match found for question: 'have you worked as a software engineer prior to moving into ml?' (best score: 0)
2025-05-15 09:39:07,160 - INFO - Processing question: 'which languages and dialects do you speak fluently?'
2025-05-15 09:39:07,161 - WARNING - No match found for question: 'which languages and dialects do you speak fluently?' (best score: 0)
2025-05-15 09:39:07,161 - INFO - Processing question: 'are you open to tier 2 (medium complexity) rlhf projects at listed rate for your location?'
2025-05-15 09:39:07,161 - WARNING - No match found for question: 'are you open to tier 2 (medium complexity) rlhf projects at listed rate for your location?' (best score: 0)
2025-05-15 09:39:07,162 - INFO - Processing question: 'do you have any familial relationships with current virta employees?'
2025-05-15 09:39:07,162 - WARNING - No match found for question: 'do you have any familial relationships with current virta employees?' (best score: 0)
2025-05-15 09:39:07,163 - INFO - Processing question: 'are you 18 or older and legally eligible to work in the country of the job you are applying for?'
2025-05-15 09:39:07,163 - WARNING - No match found for question: 'are you 18 or older and legally eligible to work in the country of the job you are applying for?' (best score: 0)
2025-05-15 09:39:07,164 - INFO - Processing question: 'will you now or in the future require sponsorship for employment?'
2025-05-15 09:39:07,164 - WARNING - No match found for question: 'will you now or in the future require sponsorship for employment?' (best score: 0)
2025-05-15 09:39:07,164 - INFO - Processing question: 'how many years of experience do you have in mle?'
2025-05-15 09:39:07,165 - WARNING - No match found for question: 'how many years of experience do you have in mle?' (best score: 0)
2025-05-15 09:39:07,165 - INFO - Processing question: 'are you legally authorized to work in the country?'
2025-05-15 09:39:07,166 - WARNING - No match found for question: 'are you legally authorized to work in the country?' (best score: 0)
2025-05-15 09:39:07,166 - INFO - Processing question: 'what is your expected salary?'
2025-05-15 09:39:07,166 - WARNING - No match found for question: 'what is your expected salary?' (best score: 0)
2025-05-15 09:39:07,167 - INFO - Processing question: 'are you legally eligible to work in the us?'
2025-05-15 09:39:07,167 - WARNING - No match found for question: 'are you legally eligible to work in the us?' (best score: 0)
2025-05-15 09:39:07,167 - INFO - Processing question: 'are you willing & able to come into our downtown san francisco office on a hybrid basis? (3 days /week)?'
2025-05-15 09:39:07,168 - WARNING - No match found for question: 'are you willing & able to come into our downtown san francisco office on a hybrid basis? (3 days /week)?' (best score: 0)
2025-05-15 09:39:07,168 - INFO - Processing question: 'can you work onsite in palo alto?'
2025-05-15 09:39:07,169 - WARNING - No match found for question: 'can you work onsite in palo alto?' (best score: 0)
2025-05-15 09:39:07,169 - INFO - Processing question: 'our offices are located in san francisco ca and new york city. please indicate which location you are interested in?'
2025-05-15 09:39:07,170 - WARNING - No match found for question: 'our offices are located in san francisco ca and new york city. please indicate which location you are interested in?' (best score: 0)
2025-05-15 09:39:07,170 - INFO - Processing question: 'will you now or will you in the future require employment visa sponsorship to work in the country in which the job you're applying for is located?'
2025-05-15 09:39:07,171 - WARNING - No match found for question: 'will you now or will you in the future require employment visa sponsorship to work in the country in which the job you're applying for is located?' (best score: 0)
2025-05-15 09:39:07,171 - INFO - Processing question: 'do you have authorization to work in the united states?'
2025-05-15 09:39:07,172 - WARNING - No match found for question: 'do you have authorization to work in the united states?' (best score: 0)
2025-05-15 09:39:07,172 - INFO - Processing question: 'will you now or in the future require sponsorship for employment visa status?'
2025-05-15 09:39:07,173 - WARNING - No match found for question: 'will you now or in the future require sponsorship for employment visa status?' (best score: 0)
2025-05-15 09:39:07,173 - INFO - Processing question: 'are you available to work in person at the promise office  location listed in the job description at least three times per week?'
2025-05-15 09:39:07,174 - WARNING - No match found for question: 'are you available to work in person at the promise office  location listed in the job description at least three times per week?' (best score: 0)
2025-05-15 09:39:07,174 - INFO - Processing question: 'are you 18 or older?'
2025-05-15 09:39:07,175 - WARNING - No match found for question: 'are you 18 or older?' (best score: 0)
2025-05-15 09:39:07,175 - INFO - Processing question: 'are you comfortable working with javascript?'
2025-05-15 09:39:07,176 - WARNING - No match found for question: 'are you comfortable working with javascript?' (best score: 0)
2025-05-15 09:39:07,176 - INFO - Processing question: 'would you willing to relocate to/be in office in san francisco?'
2025-05-15 09:39:07,177 - WARNING - No match found for question: 'would you willing to relocate to/be in office in san francisco?' (best score: 0)
2025-05-15 09:39:07,177 - INFO - Processing question: 'what annual salary are you looking for in $usd?'
2025-05-15 09:39:07,177 - WARNING - No match found for question: 'what annual salary are you looking for in $usd?' (best score: 0)
2025-05-15 09:39:07,178 - INFO - Processing question: 'are you looking for full-time or part-time work?'
2025-05-15 09:39:07,178 - WARNING - No match found for question: 'are you looking for full-time or part-time work?' (best score: 0)
2025-05-15 09:39:07,178 - INFO - Processing question: 'how would you best describe your ideal work environment?'
2025-05-15 09:39:07,179 - WARNING - No match found for question: 'how would you best describe your ideal work environment?' (best score: 0)
2025-05-15 09:39:07,179 - INFO - Processing question: 'how do you handle deadlines and pressure?'
2025-05-15 09:39:07,180 - WARNING - No match found for question: 'how do you handle deadlines and pressure?' (best score: 0)
2025-05-15 09:39:07,180 - INFO - Processing question: 'how do you handle situations where you have too many tasks to complete on your own?'
2025-05-15 09:39:07,181 - WARNING - No match found for question: 'how do you handle situations where you have too many tasks to complete on your own?' (best score: 0)
2025-05-15 09:39:07,181 - INFO - Processing question: 'how much are you willing to work when things are urgent?'
2025-05-15 09:39:07,182 - WARNING - No match found for question: 'how much are you willing to work when things are urgent?' (best score: 0)
2025-05-15 09:39:07,182 - INFO - Processing question: 'are you comfortable working with python?'
2025-05-15 09:39:07,182 - WARNING - No match found for question: 'are you comfortable working with python?' (best score: 0)
2025-05-15 09:39:07,183 - INFO - Processing question: 'do you currently have legal authorization to work in the country where the position is based?'
2025-05-15 09:39:07,183 - WARNING - No match found for question: 'do you currently have legal authorization to work in the country where the position is based?' (best score: 0)
2025-05-15 09:39:07,184 - INFO - Processing question: 'are you excited to work in-office five days a week?'
2025-05-15 09:39:07,184 - WARNING - No match found for question: 'are you excited to work in-office five days a week?' (best score: 0)
2025-05-15 09:39:07,184 - INFO - Q&A section filled successfully!
2025-05-15 09:39:07,185 - INFO - Form filled successfully!
2025-05-15 09:39:08,188 - INFO - Starting submission process...
2025-05-15 09:39:08,271 - INFO - Required field not filled: 16718d91-59c0-4e57-8521-f72d798a6210
2025-05-15 09:39:08,294 - INFO - Required field not filled: 2d859c4e-c365-49e5-a674-571812b785e4
2025-05-15 09:39:08,477 - INFO - Required radio group not answered: Are you open to working full-time in our Menlo Park office?
2025-05-15 09:39:08,555 - INFO - Required radio group not answered: Are you authorized to work lawfully in the US?
2025-05-15 09:39:08,632 - INFO - Required radio group not answered: How did you hear about Character AI?
2025-05-15 09:39:08,814 - INFO - Waiting for 5 required fields to be filled: ['16718d91-59c0-4e57-8521-f72d798a6210', '2d859c4e-c365-49e5-a674-571812b785e4', 'Are you open to working full-time in our Menlo Park office?', 'Are you authorized to work lawfully in the US?', 'How did you hear about Character AI?']
2025-05-15 09:39:10,889 - INFO - Required field not filled: 16718d91-59c0-4e57-8521-f72d798a6210
2025-05-15 09:39:10,905 - INFO - Required field not filled: 2d859c4e-c365-49e5-a674-571812b785e4
2025-05-15 09:39:11,041 - INFO - Required radio group not answered: Are you open to working full-time in our Menlo Park office?
2025-05-15 09:39:11,098 - INFO - Required radio group not answered: Are you authorized to work lawfully in the US?
2025-05-15 09:39:11,172 - INFO - Required radio group not answered: How did you hear about Character AI?
2025-05-15 09:39:11,370 - INFO - Waiting for 5 required fields to be filled: ['16718d91-59c0-4e57-8521-f72d798a6210', '2d859c4e-c365-49e5-a674-571812b785e4', 'Are you open to working full-time in our Menlo Park office?', 'Are you authorized to work lawfully in the US?', 'How did you hear about Character AI?']
2025-05-15 09:39:13,454 - INFO - Required field not filled: 16718d91-59c0-4e57-8521-f72d798a6210
2025-05-15 09:39:13,471 - INFO - Required field not filled: 2d859c4e-c365-49e5-a674-571812b785e4
2025-05-15 09:39:13,609 - INFO - Required radio group not answered: Are you open to working full-time in our Menlo Park office?
2025-05-15 09:39:13,675 - INFO - Required radio group not answered: Are you authorized to work lawfully in the US?
2025-05-15 09:39:13,745 - INFO - Required radio group not answered: How did you hear about Character AI?
2025-05-15 09:39:13,931 - INFO - Waiting for 5 required fields to be filled: ['16718d91-59c0-4e57-8521-f72d798a6210', '2d859c4e-c365-49e5-a674-571812b785e4', 'Are you open to working full-time in our Menlo Park office?', 'Are you authorized to work lawfully in the US?', 'How did you hear about Character AI?']
2025-05-15 09:39:16,027 - INFO - Required field not filled: 16718d91-59c0-4e57-8521-f72d798a6210
2025-05-15 09:39:16,043 - INFO - Required field not filled: 2d859c4e-c365-49e5-a674-571812b785e4
2025-05-15 09:39:16,167 - INFO - Required radio group not answered: Are you open to working full-time in our Menlo Park office?
2025-05-15 09:39:16,220 - INFO - Required radio group not answered: Are you authorized to work lawfully in the US?
2025-05-15 09:39:16,287 - INFO - Required radio group not answered: How did you hear about Character AI?
2025-05-15 09:39:16,437 - INFO - Waiting for 5 required fields to be filled: ['16718d91-59c0-4e57-8521-f72d798a6210', '2d859c4e-c365-49e5-a674-571812b785e4', 'Are you open to working full-time in our Menlo Park office?', 'Are you authorized to work lawfully in the US?', 'How did you hear about Character AI?']
2025-05-15 09:39:18,579 - INFO - Required field not filled: 16718d91-59c0-4e57-8521-f72d798a6210
2025-05-15 09:39:18,594 - INFO - Required field not filled: 2d859c4e-c365-49e5-a674-571812b785e4
2025-05-15 09:39:18,729 - INFO - Required radio group not answered: Are you open to working full-time in our Menlo Park office?
2025-05-15 09:39:18,797 - INFO - Required radio group not answered: Are you authorized to work lawfully in the US?
2025-05-15 09:39:18,853 - INFO - Required radio group not answered: How did you hear about Character AI?
2025-05-15 09:39:18,989 - INFO - Waiting for 5 required fields to be filled: ['16718d91-59c0-4e57-8521-f72d798a6210', '2d859c4e-c365-49e5-a674-571812b785e4', 'Are you open to working full-time in our Menlo Park office?', 'Are you authorized to work lawfully in the US?', 'How did you hear about Character AI?']
2025-05-15 09:39:21,084 - INFO - Required field not filled: 16718d91-59c0-4e57-8521-f72d798a6210
2025-05-15 09:39:21,084 - INFO - Required field not filled: 2d859c4e-c365-49e5-a674-571812b785e4
2025-05-15 09:39:21,279 - INFO - Required radio group not answered: Are you authorized to work lawfully in the US?
2025-05-15 09:39:21,335 - INFO - Required radio group not answered: How did you hear about Character AI?
2025-05-15 09:39:21,483 - INFO - Waiting for 4 required fields to be filled: ['16718d91-59c0-4e57-8521-f72d798a6210', '2d859c4e-c365-49e5-a674-571812b785e4', 'Are you authorized to work lawfully in the US?', 'How did you hear about Character AI?']
2025-05-15 09:39:23,616 - INFO - Required field not filled: 2d859c4e-c365-49e5-a674-571812b785e4
2025-05-15 09:39:23,794 - INFO - Required radio group not answered: Are you authorized to work lawfully in the US?
2025-05-15 09:39:23,852 - INFO - Required radio group not answered: How did you hear about Character AI?
2025-05-15 09:39:23,992 - INFO - Waiting for 3 required fields to be filled: ['2d859c4e-c365-49e5-a674-571812b785e4', 'Are you authorized to work lawfully in the US?', 'How did you hear about Character AI?']
2025-05-15 09:39:26,083 - INFO - Required field not filled: 2d859c4e-c365-49e5-a674-571812b785e4
2025-05-15 09:39:26,252 - INFO - Required radio group not answered: Are you authorized to work lawfully in the US?
2025-05-15 09:39:26,302 - INFO - Required radio group not answered: How did you hear about Character AI?
2025-05-15 09:39:26,421 - INFO - Waiting for 3 required fields to be filled: ['2d859c4e-c365-49e5-a674-571812b785e4', 'Are you authorized to work lawfully in the US?', 'How did you hear about Character AI?']
2025-05-15 09:39:28,518 - INFO - Required field not filled: 2d859c4e-c365-49e5-a674-571812b785e4
2025-05-15 09:39:28,705 - INFO - Required radio group not answered: Are you authorized to work lawfully in the US?
2025-05-15 09:39:28,783 - INFO - Required radio group not answered: How did you hear about Character AI?
2025-05-15 09:39:28,882 - INFO - Waiting for 3 required fields to be filled: ['2d859c4e-c365-49e5-a674-571812b785e4', 'Are you authorized to work lawfully in the US?', 'How did you hear about Character AI?']
2025-05-15 09:39:30,987 - INFO - Required field not filled: 2d859c4e-c365-49e5-a674-571812b785e4
2025-05-15 09:39:31,153 - INFO - Required radio group not answered: Are you authorized to work lawfully in the US?
2025-05-15 09:39:31,201 - INFO - Required radio group not answered: How did you hear about Character AI?
2025-05-15 09:39:31,325 - INFO - Waiting for 3 required fields to be filled: ['2d859c4e-c365-49e5-a674-571812b785e4', 'Are you authorized to work lawfully in the US?', 'How did you hear about Character AI?']
2025-05-15 09:39:33,458 - INFO - Required field not filled: 2d859c4e-c365-49e5-a674-571812b785e4
2025-05-15 09:39:33,673 - INFO - Required radio group not answered: How did you hear about Character AI?
2025-05-15 09:39:33,749 - INFO - Waiting for 2 required fields to be filled: ['2d859c4e-c365-49e5-a674-571812b785e4', 'How did you hear about Character AI?']
2025-05-15 09:39:35,854 - INFO - Required field not filled: 2d859c4e-c365-49e5-a674-571812b785e4
2025-05-15 09:39:36,068 - INFO - Waiting for 1 required fields to be filled: ['2d859c4e-c365-49e5-a674-571812b785e4']
2025-05-15 09:39:38,181 - INFO - Required field not filled: 2d859c4e-c365-49e5-a674-571812b785e4
2025-05-15 09:39:38,426 - INFO - Waiting for 1 required fields to be filled: ['2d859c4e-c365-49e5-a674-571812b785e4']
2025-05-15 09:39:40,763 - INFO - All required fields are filled.
2025-05-15 09:39:40,812 - INFO - Found submit button using selector: button._primary_8wvgw_96
2025-05-15 09:39:42,788 - INFO - Clicked submit button normally
2025-05-15 09:39:47,047 - INFO - Used JavaScript click
2025-05-15 09:39:49,933 - INFO - Page changed after click - assuming submission started
2025-05-15 09:40:10,399 - WARNING - Error during submission verification: Message: 

2025-05-15 09:40:10,399 - INFO - URL suggests we left application page - assuming success
2025-05-15 09:40:10,399 - INFO - Application submitted successfully!
2025-05-15 09:40:10,399 - INFO - Log directory ensured: C:\Users\hr\OneDrive\Desktop\merge\all_job_app\logs
2025-05-15 09:40:10,411 - INFO - Log entry written to logs/ashby_log_2025-05-15.csv
2025-05-15 09:40:10,411 - INFO - Log directory ensured: C:\Users\hr\OneDrive\Desktop\merge\all_job_app\logs
2025-05-15 09:40:10,412 - INFO - Log entry written to logs/ashby_log_2025-05-15.csv
2025-05-15 09:40:10,412 - INFO - Processing job: https://jobs.ashbyhq.com/phil/455246bd-d464-4ac4-a807-53cbfecfca25
2025-05-15 09:40:11,659 - INFO - Opened job page: https://jobs.ashbyhq.com/phil/455246bd-d464-4ac4-a807-53cbfecfca25
2025-05-15 09:40:14,815 - INFO - Apply button clicked successfully!
2025-05-15 09:40:19,831 - INFO - Attempting to upload resume from: C:\Users\hr\OneDrive\Desktop\merge\all_job_app\resume/resume.pdf
2025-05-15 09:40:20,451 - INFO - Resume file sent to input element
2025-05-15 09:40:35,731 - WARNING - No explicit upload confirmation detected: Message: 

2025-05-15 09:40:35,731 - INFO - Filling out the application form...
2025-05-15 09:40:35,853 - INFO - Filled field name with value Vijay Yadav
2025-05-15 09:40:35,999 - INFO - Filled field email with value vijay.yadav@example.com
2025-05-15 09:40:46,359 - WARNING - Error filling field phone with selector input[type='tel']: Message: 
Stacktrace:
	GetHandleVerifier [0x0055FC83+61635]
	GetHandleVerifier [0x0055FCC4+61700]
	(No symbol) [0x003805D3]
	(No symbol) [0x003C899E]
	(No symbol) [0x003C8D3B]
	(No symbol) [0x00410E12]
	(No symbol) [0x003ED2E4]
	(No symbol) [0x0040E61B]
	(No symbol) [0x003ED096]
	(No symbol) [0x003BC840]
	(No symbol) [0x003BD6A4]
	GetHandleVerifier [0x007E45A3+2701795]
	GetHandleVerifier [0x007DFD26+2683238]
	GetHandleVerifier [0x007FAA6E+2793134]
	GetHandleVerifier [0x00576945+155013]
	GetHandleVerifier [0x0057D02D+181357]
	GetHandleVerifier [0x005674D8+92440]
	GetHandleVerifier [0x00567680+92864]
	GetHandleVerifier [0x00552070+5296]
	BaseThreadInitThunk [0x759AFCC9+25]
	RtlGetAppContainerNamedObjectPath [0x771B82AE+286]
	RtlGetAppContainerNamedObjectPath [0x771B827E+238]

2025-05-15 09:40:56,809 - WARNING - Error filling field phone with selector input[name='phone']: Message: 
Stacktrace:
	GetHandleVerifier [0x0055FC83+61635]
	GetHandleVerifier [0x0055FCC4+61700]
	(No symbol) [0x003805D3]
	(No symbol) [0x003C899E]
	(No symbol) [0x003C8D3B]
	(No symbol) [0x00410E12]
	(No symbol) [0x003ED2E4]
	(No symbol) [0x0040E61B]
	(No symbol) [0x003ED096]
	(No symbol) [0x003BC840]
	(No symbol) [0x003BD6A4]
	GetHandleVerifier [0x007E45A3+2701795]
	GetHandleVerifier [0x007DFD26+2683238]
	GetHandleVerifier [0x007FAA6E+2793134]
	GetHandleVerifier [0x00576945+155013]
	GetHandleVerifier [0x0057D02D+181357]
	GetHandleVerifier [0x005674D8+92440]
	GetHandleVerifier [0x00567680+92864]
	GetHandleVerifier [0x00552070+5296]
	BaseThreadInitThunk [0x759AFCC9+25]
	RtlGetAppContainerNamedObjectPath [0x771B82AE+286]
	RtlGetAppContainerNamedObjectPath [0x771B827E+238]

2025-05-15 09:40:56,926 - INFO - Filled field phone with value 1234567890
2025-05-15 09:40:56,927 - WARNING - No value provided for mandatory field: address
2025-05-15 09:41:07,389 - WARNING - Error filling field location with selector input[role='combobox']: Message: 
Stacktrace:
	GetHandleVerifier [0x0055FC83+61635]
	GetHandleVerifier [0x0055FCC4+61700]
	(No symbol) [0x003805D3]
	(No symbol) [0x003C899E]
	(No symbol) [0x003C8D3B]
	(No symbol) [0x00410E12]
	(No symbol) [0x003ED2E4]
	(No symbol) [0x0040E61B]
	(No symbol) [0x003ED096]
	(No symbol) [0x003BC840]
	(No symbol) [0x003BD6A4]
	GetHandleVerifier [0x007E45A3+2701795]
	GetHandleVerifier [0x007DFD26+2683238]
	GetHandleVerifier [0x007FAA6E+2793134]
	GetHandleVerifier [0x00576945+155013]
	GetHandleVerifier [0x0057D02D+181357]
	GetHandleVerifier [0x005674D8+92440]
	GetHandleVerifier [0x00567680+92864]
	GetHandleVerifier [0x00552070+5296]
	BaseThreadInitThunk [0x759AFCC9+25]
	RtlGetAppContainerNamedObjectPath [0x771B82AE+286]
	RtlGetAppContainerNamedObjectPath [0x771B827E+238]

2025-05-15 09:41:17,852 - WARNING - Error filling field location with selector input[placeholder*='Start typing']: Message: 
Stacktrace:
	GetHandleVerifier [0x0055FC83+61635]
	GetHandleVerifier [0x0055FCC4+61700]
	(No symbol) [0x003805D3]
	(No symbol) [0x003C899E]
	(No symbol) [0x003C8D3B]
	(No symbol) [0x00410E12]
	(No symbol) [0x003ED2E4]
	(No symbol) [0x0040E61B]
	(No symbol) [0x003ED096]
	(No symbol) [0x003BC840]
	(No symbol) [0x003BD6A4]
	GetHandleVerifier [0x007E45A3+2701795]
	GetHandleVerifier [0x007DFD26+2683238]
	GetHandleVerifier [0x007FAA6E+2793134]
	GetHandleVerifier [0x00576945+155013]
	GetHandleVerifier [0x0057D02D+181357]
	GetHandleVerifier [0x005674D8+92440]
	GetHandleVerifier [0x00567680+92864]
	GetHandleVerifier [0x00552070+5296]
	BaseThreadInitThunk [0x759AFCC9+25]
	RtlGetAppContainerNamedObjectPath [0x771B82AE+286]
	RtlGetAppContainerNamedObjectPath [0x771B827E+238]

2025-05-15 09:41:28,191 - WARNING - LinkedIn field not found or failed to fill: Message: 
Stacktrace:
	GetHandleVerifier [0x0055FC83+61635]
	GetHandleVerifier [0x0055FCC4+61700]
	(No symbol) [0x003805D3]
	(No symbol) [0x003C899E]
	(No symbol) [0x003C8D3B]
	(No symbol) [0x00410E12]
	(No symbol) [0x003ED2E4]
	(No symbol) [0x0040E61B]
	(No symbol) [0x003ED096]
	(No symbol) [0x003BC840]
	(No symbol) [0x003BD6A4]
	GetHandleVerifier [0x007E45A3+2701795]
	GetHandleVerifier [0x007DFD26+2683238]
	GetHandleVerifier [0x007FAA6E+2793134]
	GetHandleVerifier [0x00576945+155013]
	GetHandleVerifier [0x0057D02D+181357]
	GetHandleVerifier [0x005674D8+92440]
	GetHandleVerifier [0x00567680+92864]
	GetHandleVerifier [0x00552070+5296]
	BaseThreadInitThunk [0x759AFCC9+25]
	RtlGetAppContainerNamedObjectPath [0x771B82AE+286]
	RtlGetAppContainerNamedObjectPath [0x771B827E+238]

2025-05-15 09:41:28,191 - INFO - Filling out the Q&A section...
2025-05-15 09:41:29,048 - INFO - Form Q&A questions found: ['Salary Requirement', "Briefly describe a LLM project you've worked on"]
2025-05-15 09:41:29,048 - INFO - Processing question: 'where did you hear about biorender?'
2025-05-15 09:41:29,048 - WARNING - No match found for question: 'where did you hear about biorender?' (best score: 0)
2025-05-15 09:41:29,048 - INFO - Processing question: 'do you have programming experience or are you in a cs degree?'
2025-05-15 09:41:29,049 - WARNING - No match found for question: 'do you have programming experience or are you in a cs degree?' (best score: 0)
2025-05-15 09:41:29,049 - INFO - Processing question: 'are you legally authorized to work in the u.s. without restriction for any employer?'
2025-05-15 09:41:29,050 - WARNING - No match found for question: 'are you legally authorized to work in the u.s. without restriction for any employer?' (best score: 0)
2025-05-15 09:41:29,050 - INFO - Processing question: 'are you legally authorized to work in canada or the united states?'
2025-05-15 09:41:29,050 - WARNING - No match found for question: 'are you legally authorized to work in canada or the united states?' (best score: 0)
2025-05-15 09:41:29,051 - INFO - Processing question: 'how many years of experience do you have as a machine learning engineer?'
2025-05-15 09:41:29,051 - WARNING - No match found for question: 'how many years of experience do you have as a machine learning engineer?' (best score: 0)
2025-05-15 09:41:29,051 - INFO - Processing question: 'are you legally authorized to work in the united states?'
2025-05-15 09:41:29,052 - WARNING - No match found for question: 'are you legally authorized to work in the united states?' (best score: 0)
2025-05-15 09:41:29,052 - INFO - Processing question: 'what are your salary expectations?'
2025-05-15 09:41:29,052 - WARNING - No match found for question: 'what are your salary expectations?' (best score: 0)
2025-05-15 09:41:29,053 - INFO - Processing question: 'have you previously worked for hims & hers as an employee or contractor/consultant?'
2025-05-15 09:41:29,053 - WARNING - No match found for question: 'have you previously worked for hims & hers as an employee or contractor/consultant?' (best score: 0)
2025-05-15 09:41:29,053 - INFO - Processing question: 'are you legally authorized to work in canada?'
2025-05-15 09:41:29,054 - WARNING - No match found for question: 'are you legally authorized to work in canada?' (best score: 0)
2025-05-15 09:41:29,054 - INFO - Processing question: 'how did you hear about us?'
2025-05-15 09:41:29,055 - WARNING - No match found for question: 'how did you hear about us?' (best score: 0)
2025-05-15 09:41:29,055 - INFO - Processing question: 'are you a veteran/have you served in the military?'
2025-05-15 09:41:29,056 - WARNING - No match found for question: 'are you a veteran/have you served in the military?' (best score: 0)
2025-05-15 09:41:29,056 - INFO - Processing question: 'do you identify as having a disability?.no'
2025-05-15 09:41:29,056 - WARNING - No match found for question: 'do you identify as having a disability?.no' (best score: 0)
2025-05-15 09:41:29,056 - INFO - Processing question: 'will you now or in the future require immigration sponsorship by hims & hers in order to work for hims & hers in the u.s.?'
2025-05-15 09:41:29,057 - WARNING - No match found for question: 'will you now or in the future require immigration sponsorship by hims & hers in order to work for hims & hers in the u.s.?' (best score: 0)
2025-05-15 09:41:29,057 - INFO - Processing question: 'have you worked as a software engineer prior to moving into ml?'
2025-05-15 09:41:29,058 - WARNING - No match found for question: 'have you worked as a software engineer prior to moving into ml?' (best score: 0)
2025-05-15 09:41:29,058 - INFO - Processing question: 'which languages and dialects do you speak fluently?'
2025-05-15 09:41:29,058 - WARNING - No match found for question: 'which languages and dialects do you speak fluently?' (best score: 0)
2025-05-15 09:41:29,059 - INFO - Processing question: 'are you open to tier 2 (medium complexity) rlhf projects at listed rate for your location?'
2025-05-15 09:41:29,059 - WARNING - No match found for question: 'are you open to tier 2 (medium complexity) rlhf projects at listed rate for your location?' (best score: 0)
2025-05-15 09:41:29,060 - INFO - Processing question: 'do you have any familial relationships with current virta employees?'
2025-05-15 09:41:29,060 - WARNING - No match found for question: 'do you have any familial relationships with current virta employees?' (best score: 0)
2025-05-15 09:41:29,060 - INFO - Processing question: 'are you 18 or older and legally eligible to work in the country of the job you are applying for?'
2025-05-15 09:41:29,061 - WARNING - No match found for question: 'are you 18 or older and legally eligible to work in the country of the job you are applying for?' (best score: 0)
2025-05-15 09:41:29,061 - INFO - Processing question: 'will you now or in the future require sponsorship for employment?'
2025-05-15 09:41:29,061 - WARNING - No match found for question: 'will you now or in the future require sponsorship for employment?' (best score: 0)
2025-05-15 09:41:29,061 - INFO - Processing question: 'how many years of experience do you have in mle?'
2025-05-15 09:41:29,062 - WARNING - No match found for question: 'how many years of experience do you have in mle?' (best score: 0)
2025-05-15 09:41:29,062 - INFO - Processing question: 'are you legally authorized to work in the country?'
2025-05-15 09:41:29,062 - WARNING - No match found for question: 'are you legally authorized to work in the country?' (best score: 0)
2025-05-15 09:41:29,063 - INFO - Processing question: 'what is your expected salary?'
2025-05-15 09:41:29,063 - WARNING - No match found for question: 'what is your expected salary?' (best score: 0)
2025-05-15 09:41:29,063 - INFO - Processing question: 'are you legally eligible to work in the us?'
2025-05-15 09:41:29,064 - WARNING - No match found for question: 'are you legally eligible to work in the us?' (best score: 0)
2025-05-15 09:41:29,064 - INFO - Processing question: 'are you willing & able to come into our downtown san francisco office on a hybrid basis? (3 days /week)?'
2025-05-15 09:41:29,065 - WARNING - No match found for question: 'are you willing & able to come into our downtown san francisco office on a hybrid basis? (3 days /week)?' (best score: 0)
2025-05-15 09:41:29,065 - INFO - Processing question: 'can you work onsite in palo alto?'
2025-05-15 09:41:29,065 - WARNING - No match found for question: 'can you work onsite in palo alto?' (best score: 0)
2025-05-15 09:41:29,066 - INFO - Processing question: 'our offices are located in san francisco ca and new york city. please indicate which location you are interested in?'
2025-05-15 09:41:29,066 - WARNING - No match found for question: 'our offices are located in san francisco ca and new york city. please indicate which location you are interested in?' (best score: 0)
2025-05-15 09:41:29,066 - INFO - Processing question: 'will you now or will you in the future require employment visa sponsorship to work in the country in which the job you're applying for is located?'
2025-05-15 09:41:29,067 - WARNING - No match found for question: 'will you now or will you in the future require employment visa sponsorship to work in the country in which the job you're applying for is located?' (best score: 0)
2025-05-15 09:41:29,067 - INFO - Processing question: 'do you have authorization to work in the united states?'
2025-05-15 09:41:29,068 - WARNING - No match found for question: 'do you have authorization to work in the united states?' (best score: 0)
2025-05-15 09:41:29,068 - INFO - Processing question: 'will you now or in the future require sponsorship for employment visa status?'
2025-05-15 09:41:29,069 - WARNING - No match found for question: 'will you now or in the future require sponsorship for employment visa status?' (best score: 0)
2025-05-15 09:41:29,069 - INFO - Processing question: 'are you available to work in person at the promise office  location listed in the job description at least three times per week?'
2025-05-15 09:41:29,069 - WARNING - No match found for question: 'are you available to work in person at the promise office  location listed in the job description at least three times per week?' (best score: 0)
2025-05-15 09:41:29,070 - INFO - Processing question: 'are you 18 or older?'
2025-05-15 09:41:29,070 - WARNING - No match found for question: 'are you 18 or older?' (best score: 0)
2025-05-15 09:41:29,070 - INFO - Processing question: 'are you comfortable working with javascript?'
2025-05-15 09:41:29,072 - WARNING - No match found for question: 'are you comfortable working with javascript?' (best score: 0)
2025-05-15 09:41:29,072 - INFO - Processing question: 'would you willing to relocate to/be in office in san francisco?'
2025-05-15 09:41:29,072 - WARNING - No match found for question: 'would you willing to relocate to/be in office in san francisco?' (best score: 0)
2025-05-15 09:41:29,073 - INFO - Processing question: 'what annual salary are you looking for in $usd?'
2025-05-15 09:41:29,073 - WARNING - No match found for question: 'what annual salary are you looking for in $usd?' (best score: 0)
2025-05-15 09:41:29,073 - INFO - Processing question: 'are you looking for full-time or part-time work?'
2025-05-15 09:41:29,074 - WARNING - No match found for question: 'are you looking for full-time or part-time work?' (best score: 0)
2025-05-15 09:41:29,074 - INFO - Processing question: 'how would you best describe your ideal work environment?'
2025-05-15 09:41:29,074 - WARNING - No match found for question: 'how would you best describe your ideal work environment?' (best score: 0)
2025-05-15 09:41:29,075 - INFO - Processing question: 'how do you handle deadlines and pressure?'
2025-05-15 09:41:29,075 - WARNING - No match found for question: 'how do you handle deadlines and pressure?' (best score: 0)
2025-05-15 09:41:29,075 - INFO - Processing question: 'how do you handle situations where you have too many tasks to complete on your own?'
2025-05-15 09:41:29,076 - WARNING - No match found for question: 'how do you handle situations where you have too many tasks to complete on your own?' (best score: 0)
2025-05-15 09:41:29,076 - INFO - Processing question: 'how much are you willing to work when things are urgent?'
2025-05-15 09:41:29,076 - WARNING - No match found for question: 'how much are you willing to work when things are urgent?' (best score: 0)
2025-05-15 09:41:29,077 - INFO - Processing question: 'are you comfortable working with python?'
2025-05-15 09:41:29,077 - WARNING - No match found for question: 'are you comfortable working with python?' (best score: 0)
2025-05-15 09:41:29,077 - INFO - Processing question: 'do you currently have legal authorization to work in the country where the position is based?'
2025-05-15 09:41:29,078 - WARNING - No match found for question: 'do you currently have legal authorization to work in the country where the position is based?' (best score: 0)
2025-05-15 09:41:29,078 - INFO - Processing question: 'are you excited to work in-office five days a week?'
2025-05-15 09:41:29,078 - WARNING - No match found for question: 'are you excited to work in-office five days a week?' (best score: 0)
2025-05-15 09:41:29,079 - INFO - Q&A section filled successfully!
2025-05-15 09:41:29,079 - INFO - Form filled successfully!
2025-05-15 09:41:30,088 - INFO - Starting submission process...
2025-05-15 09:41:30,391 - INFO - All required fields are filled.
2025-05-15 09:41:30,433 - INFO - Found submit button using selector: button._primary_8wvgw_96
2025-05-15 09:41:31,825 - INFO - Clicked submit button normally
2025-05-15 09:41:34,689 - INFO - Page changed after click - assuming submission started
2025-05-15 09:41:55,161 - WARNING - Error during submission verification: Message: 

2025-05-15 09:41:55,175 - INFO - URL suggests we left application page - assuming success
2025-05-15 09:41:55,176 - INFO - Application submitted successfully!
2025-05-15 09:41:55,177 - INFO - Log directory ensured: C:\Users\hr\OneDrive\Desktop\merge\all_job_app\logs
2025-05-15 09:41:55,179 - INFO - Log entry written to logs/ashby_log_2025-05-15.csv
2025-05-15 09:41:55,180 - INFO - Log directory ensured: C:\Users\hr\OneDrive\Desktop\merge\all_job_app\logs
2025-05-15 09:41:55,181 - INFO - Log entry written to logs/ashby_log_2025-05-15.csv
2025-05-15 09:41:55,182 - INFO - Processing job: https://jobs.ashbyhq.com/Phil/455246bd-d464-4ac4-a807-53cbfecfca25
2025-05-15 09:41:56,416 - INFO - Opened job page: https://jobs.ashbyhq.com/Phil/455246bd-d464-4ac4-a807-53cbfecfca25
2025-05-15 09:41:59,526 - INFO - Apply button clicked successfully!
2025-05-15 09:42:04,534 - INFO - Attempting to upload resume from: C:\Users\hr\OneDrive\Desktop\merge\all_job_app\resume/resume.pdf
2025-05-15 09:42:05,135 - INFO - Resume file sent to input element
2025-05-15 09:42:20,502 - WARNING - No explicit upload confirmation detected: Message: 

2025-05-15 09:42:20,503 - INFO - Filling out the application form...
2025-05-15 09:42:20,621 - INFO - Filled field name with value Vijay Yadav
2025-05-15 09:42:20,750 - INFO - Filled field email with value vijay.yadav@example.com
2025-05-15 09:42:31,286 - WARNING - Error filling field phone with selector input[type='tel']: Message: 
Stacktrace:
	GetHandleVerifier [0x0055FC83+61635]
	GetHandleVerifier [0x0055FCC4+61700]
	(No symbol) [0x003805D3]
	(No symbol) [0x003C899E]
	(No symbol) [0x003C8D3B]
	(No symbol) [0x00410E12]
	(No symbol) [0x003ED2E4]
	(No symbol) [0x0040E61B]
	(No symbol) [0x003ED096]
	(No symbol) [0x003BC840]
	(No symbol) [0x003BD6A4]
	GetHandleVerifier [0x007E45A3+2701795]
	GetHandleVerifier [0x007DFD26+2683238]
	GetHandleVerifier [0x007FAA6E+2793134]
	GetHandleVerifier [0x00576945+155013]
	GetHandleVerifier [0x0057D02D+181357]
	GetHandleVerifier [0x005674D8+92440]
	GetHandleVerifier [0x00567680+92864]
	GetHandleVerifier [0x00552070+5296]
	BaseThreadInitThunk [0x759AFCC9+25]
	RtlGetAppContainerNamedObjectPath [0x771B82AE+286]
	RtlGetAppContainerNamedObjectPath [0x771B827E+238]

2025-05-15 09:42:41,798 - WARNING - Error filling field phone with selector input[name='phone']: Message: 
Stacktrace:
	GetHandleVerifier [0x0055FC83+61635]
	GetHandleVerifier [0x0055FCC4+61700]
	(No symbol) [0x003805D3]
	(No symbol) [0x003C899E]
	(No symbol) [0x003C8D3B]
	(No symbol) [0x00410E12]
	(No symbol) [0x003ED2E4]
	(No symbol) [0x0040E61B]
	(No symbol) [0x003ED096]
	(No symbol) [0x003BC840]
	(No symbol) [0x003BD6A4]
	GetHandleVerifier [0x007E45A3+2701795]
	GetHandleVerifier [0x007DFD26+2683238]
	GetHandleVerifier [0x007FAA6E+2793134]
	GetHandleVerifier [0x00576945+155013]
	GetHandleVerifier [0x0057D02D+181357]
	GetHandleVerifier [0x005674D8+92440]
	GetHandleVerifier [0x00567680+92864]
	GetHandleVerifier [0x00552070+5296]
	BaseThreadInitThunk [0x759AFCC9+25]
	RtlGetAppContainerNamedObjectPath [0x771B82AE+286]
	RtlGetAppContainerNamedObjectPath [0x771B827E+238]

2025-05-15 09:42:41,934 - INFO - Filled field phone with value 1234567890
2025-05-15 09:42:41,934 - WARNING - No value provided for mandatory field: address
2025-05-15 09:42:51,947 - WARNING - Error filling field location with selector input[role='combobox']: Message: 
Stacktrace:
	GetHandleVerifier [0x0055FC83+61635]
	GetHandleVerifier [0x0055FCC4+61700]
	(No symbol) [0x003805D3]
	(No symbol) [0x003C899E]
	(No symbol) [0x003C8D3B]
	(No symbol) [0x00410E12]
	(No symbol) [0x003ED2E4]
	(No symbol) [0x0040E61B]
	(No symbol) [0x003ED096]
	(No symbol) [0x003BC840]
	(No symbol) [0x003BD6A4]
	GetHandleVerifier [0x007E45A3+2701795]
	GetHandleVerifier [0x007DFD26+2683238]
	GetHandleVerifier [0x007FAA6E+2793134]
	GetHandleVerifier [0x00576945+155013]
	GetHandleVerifier [0x0057D02D+181357]
	GetHandleVerifier [0x005674D8+92440]
	GetHandleVerifier [0x00567680+92864]
	GetHandleVerifier [0x00552070+5296]
	BaseThreadInitThunk [0x759AFCC9+25]
	RtlGetAppContainerNamedObjectPath [0x771B82AE+286]
	RtlGetAppContainerNamedObjectPath [0x771B827E+238]

2025-05-15 09:43:02,446 - WARNING - Error filling field location with selector input[placeholder*='Start typing']: Message: 
Stacktrace:
	GetHandleVerifier [0x0055FC83+61635]
	GetHandleVerifier [0x0055FCC4+61700]
	(No symbol) [0x003805D3]
	(No symbol) [0x003C899E]
	(No symbol) [0x003C8D3B]
	(No symbol) [0x00410E12]
	(No symbol) [0x003ED2E4]
	(No symbol) [0x0040E61B]
	(No symbol) [0x003ED096]
	(No symbol) [0x003BC840]
	(No symbol) [0x003BD6A4]
	GetHandleVerifier [0x007E45A3+2701795]
	GetHandleVerifier [0x007DFD26+2683238]
	GetHandleVerifier [0x007FAA6E+2793134]
	GetHandleVerifier [0x00576945+155013]
	GetHandleVerifier [0x0057D02D+181357]
	GetHandleVerifier [0x005674D8+92440]
	GetHandleVerifier [0x00567680+92864]
	GetHandleVerifier [0x00552070+5296]
	BaseThreadInitThunk [0x759AFCC9+25]
	RtlGetAppContainerNamedObjectPath [0x771B82AE+286]
	RtlGetAppContainerNamedObjectPath [0x771B827E+238]

2025-05-15 09:43:12,487 - WARNING - LinkedIn field not found or failed to fill: Message: 
Stacktrace:
	GetHandleVerifier [0x0055FC83+61635]
	GetHandleVerifier [0x0055FCC4+61700]
	(No symbol) [0x003805D3]
	(No symbol) [0x003C899E]
	(No symbol) [0x003C8D3B]
	(No symbol) [0x00410E12]
	(No symbol) [0x003ED2E4]
	(No symbol) [0x0040E61B]
	(No symbol) [0x003ED096]
	(No symbol) [0x003BC840]
	(No symbol) [0x003BD6A4]
	GetHandleVerifier [0x007E45A3+2701795]
	GetHandleVerifier [0x007DFD26+2683238]
	GetHandleVerifier [0x007FAA6E+2793134]
	GetHandleVerifier [0x00576945+155013]
	GetHandleVerifier [0x0057D02D+181357]
	GetHandleVerifier [0x005674D8+92440]
	GetHandleVerifier [0x00567680+92864]
	GetHandleVerifier [0x00552070+5296]
	BaseThreadInitThunk [0x759AFCC9+25]
	RtlGetAppContainerNamedObjectPath [0x771B82AE+286]
	RtlGetAppContainerNamedObjectPath [0x771B827E+238]

2025-05-15 09:43:12,498 - INFO - Filling out the Q&A section...
2025-05-15 09:43:13,362 - INFO - Form Q&A questions found: ['Salary Requirement', "Briefly describe a LLM project you've worked on"]
2025-05-15 09:43:13,363 - INFO - Processing question: 'where did you hear about biorender?'
2025-05-15 09:43:13,363 - WARNING - No match found for question: 'where did you hear about biorender?' (best score: 0)
2025-05-15 09:43:13,364 - INFO - Processing question: 'do you have programming experience or are you in a cs degree?'
2025-05-15 09:43:13,364 - WARNING - No match found for question: 'do you have programming experience or are you in a cs degree?' (best score: 0)
2025-05-15 09:43:13,365 - INFO - Processing question: 'are you legally authorized to work in the u.s. without restriction for any employer?'
2025-05-15 09:43:13,365 - WARNING - No match found for question: 'are you legally authorized to work in the u.s. without restriction for any employer?' (best score: 0)
2025-05-15 09:43:13,366 - INFO - Processing question: 'are you legally authorized to work in canada or the united states?'
2025-05-15 09:43:13,366 - WARNING - No match found for question: 'are you legally authorized to work in canada or the united states?' (best score: 0)
2025-05-15 09:43:13,367 - INFO - Processing question: 'how many years of experience do you have as a machine learning engineer?'
2025-05-15 09:43:13,367 - WARNING - No match found for question: 'how many years of experience do you have as a machine learning engineer?' (best score: 0)
2025-05-15 09:43:13,368 - INFO - Processing question: 'are you legally authorized to work in the united states?'
2025-05-15 09:43:13,368 - WARNING - No match found for question: 'are you legally authorized to work in the united states?' (best score: 0)
2025-05-15 09:43:13,369 - INFO - Processing question: 'what are your salary expectations?'
2025-05-15 09:43:13,369 - WARNING - No match found for question: 'what are your salary expectations?' (best score: 0)
2025-05-15 09:43:13,369 - INFO - Processing question: 'have you previously worked for hims & hers as an employee or contractor/consultant?'
2025-05-15 09:43:13,370 - WARNING - No match found for question: 'have you previously worked for hims & hers as an employee or contractor/consultant?' (best score: 0)
2025-05-15 09:43:13,370 - INFO - Processing question: 'are you legally authorized to work in canada?'
2025-05-15 09:43:13,370 - WARNING - No match found for question: 'are you legally authorized to work in canada?' (best score: 0)
2025-05-15 09:43:13,371 - INFO - Processing question: 'how did you hear about us?'
2025-05-15 09:43:13,371 - WARNING - No match found for question: 'how did you hear about us?' (best score: 0)
2025-05-15 09:43:13,371 - INFO - Processing question: 'are you a veteran/have you served in the military?'
2025-05-15 09:43:13,372 - WARNING - No match found for question: 'are you a veteran/have you served in the military?' (best score: 0)
2025-05-15 09:43:13,372 - INFO - Processing question: 'do you identify as having a disability?.no'
2025-05-15 09:43:13,372 - WARNING - No match found for question: 'do you identify as having a disability?.no' (best score: 0)
2025-05-15 09:43:13,373 - INFO - Processing question: 'will you now or in the future require immigration sponsorship by hims & hers in order to work for hims & hers in the u.s.?'
2025-05-15 09:43:13,373 - WARNING - No match found for question: 'will you now or in the future require immigration sponsorship by hims & hers in order to work for hims & hers in the u.s.?' (best score: 0)
2025-05-15 09:43:13,373 - INFO - Processing question: 'have you worked as a software engineer prior to moving into ml?'
2025-05-15 09:43:13,374 - WARNING - No match found for question: 'have you worked as a software engineer prior to moving into ml?' (best score: 0)
2025-05-15 09:43:13,374 - INFO - Processing question: 'which languages and dialects do you speak fluently?'
2025-05-15 09:43:13,375 - WARNING - No match found for question: 'which languages and dialects do you speak fluently?' (best score: 0)
2025-05-15 09:43:13,375 - INFO - Processing question: 'are you open to tier 2 (medium complexity) rlhf projects at listed rate for your location?'
2025-05-15 09:43:13,375 - WARNING - No match found for question: 'are you open to tier 2 (medium complexity) rlhf projects at listed rate for your location?' (best score: 0)
2025-05-15 09:43:13,376 - INFO - Processing question: 'do you have any familial relationships with current virta employees?'
2025-05-15 09:43:13,376 - WARNING - No match found for question: 'do you have any familial relationships with current virta employees?' (best score: 0)
2025-05-15 09:43:13,376 - INFO - Processing question: 'are you 18 or older and legally eligible to work in the country of the job you are applying for?'
2025-05-15 09:43:13,377 - WARNING - No match found for question: 'are you 18 or older and legally eligible to work in the country of the job you are applying for?' (best score: 0)
2025-05-15 09:43:13,377 - INFO - Processing question: 'will you now or in the future require sponsorship for employment?'
2025-05-15 09:43:13,378 - WARNING - No match found for question: 'will you now or in the future require sponsorship for employment?' (best score: 0)
2025-05-15 09:43:13,378 - INFO - Processing question: 'how many years of experience do you have in mle?'
2025-05-15 09:43:13,379 - WARNING - No match found for question: 'how many years of experience do you have in mle?' (best score: 0)
2025-05-15 09:43:13,379 - INFO - Processing question: 'are you legally authorized to work in the country?'
2025-05-15 09:43:13,379 - WARNING - No match found for question: 'are you legally authorized to work in the country?' (best score: 0)
2025-05-15 09:43:13,379 - INFO - Processing question: 'what is your expected salary?'
2025-05-15 09:43:13,380 - WARNING - No match found for question: 'what is your expected salary?' (best score: 0)
2025-05-15 09:43:13,380 - INFO - Processing question: 'are you legally eligible to work in the us?'
2025-05-15 09:43:13,381 - WARNING - No match found for question: 'are you legally eligible to work in the us?' (best score: 0)
2025-05-15 09:43:13,381 - INFO - Processing question: 'are you willing & able to come into our downtown san francisco office on a hybrid basis? (3 days /week)?'
2025-05-15 09:43:13,381 - WARNING - No match found for question: 'are you willing & able to come into our downtown san francisco office on a hybrid basis? (3 days /week)?' (best score: 0)
2025-05-15 09:43:13,382 - INFO - Processing question: 'can you work onsite in palo alto?'
2025-05-15 09:43:13,382 - WARNING - No match found for question: 'can you work onsite in palo alto?' (best score: 0)
2025-05-15 09:43:13,382 - INFO - Processing question: 'our offices are located in san francisco ca and new york city. please indicate which location you are interested in?'
2025-05-15 09:43:13,383 - WARNING - No match found for question: 'our offices are located in san francisco ca and new york city. please indicate which location you are interested in?' (best score: 0)
2025-05-15 09:43:13,383 - INFO - Processing question: 'will you now or will you in the future require employment visa sponsorship to work in the country in which the job you're applying for is located?'
2025-05-15 09:43:13,384 - WARNING - No match found for question: 'will you now or will you in the future require employment visa sponsorship to work in the country in which the job you're applying for is located?' (best score: 0)
2025-05-15 09:43:13,384 - INFO - Processing question: 'do you have authorization to work in the united states?'
2025-05-15 09:43:13,385 - WARNING - No match found for question: 'do you have authorization to work in the united states?' (best score: 0)
2025-05-15 09:43:13,385 - INFO - Processing question: 'will you now or in the future require sponsorship for employment visa status?'
2025-05-15 09:43:13,385 - WARNING - No match found for question: 'will you now or in the future require sponsorship for employment visa status?' (best score: 0)
2025-05-15 09:43:13,385 - INFO - Processing question: 'are you available to work in person at the promise office  location listed in the job description at least three times per week?'
2025-05-15 09:43:13,386 - WARNING - No match found for question: 'are you available to work in person at the promise office  location listed in the job description at least three times per week?' (best score: 0)
2025-05-15 09:43:13,386 - INFO - Processing question: 'are you 18 or older?'
2025-05-15 09:43:13,387 - WARNING - No match found for question: 'are you 18 or older?' (best score: 0)
2025-05-15 09:43:13,387 - INFO - Processing question: 'are you comfortable working with javascript?'
2025-05-15 09:43:13,387 - WARNING - No match found for question: 'are you comfortable working with javascript?' (best score: 0)
2025-05-15 09:43:13,387 - INFO - Processing question: 'would you willing to relocate to/be in office in san francisco?'
2025-05-15 09:43:13,388 - WARNING - No match found for question: 'would you willing to relocate to/be in office in san francisco?' (best score: 0)
2025-05-15 09:43:13,388 - INFO - Processing question: 'what annual salary are you looking for in $usd?'
2025-05-15 09:43:13,388 - WARNING - No match found for question: 'what annual salary are you looking for in $usd?' (best score: 0)
2025-05-15 09:43:13,389 - INFO - Processing question: 'are you looking for full-time or part-time work?'
2025-05-15 09:43:13,389 - WARNING - No match found for question: 'are you looking for full-time or part-time work?' (best score: 0)
2025-05-15 09:43:13,389 - INFO - Processing question: 'how would you best describe your ideal work environment?'
2025-05-15 09:43:13,390 - WARNING - No match found for question: 'how would you best describe your ideal work environment?' (best score: 0)
2025-05-15 09:43:13,390 - INFO - Processing question: 'how do you handle deadlines and pressure?'
2025-05-15 09:43:13,390 - WARNING - No match found for question: 'how do you handle deadlines and pressure?' (best score: 0)
2025-05-15 09:43:13,391 - INFO - Processing question: 'how do you handle situations where you have too many tasks to complete on your own?'
2025-05-15 09:43:13,391 - WARNING - No match found for question: 'how do you handle situations where you have too many tasks to complete on your own?' (best score: 0)
2025-05-15 09:43:13,391 - INFO - Processing question: 'how much are you willing to work when things are urgent?'
2025-05-15 09:43:13,392 - WARNING - No match found for question: 'how much are you willing to work when things are urgent?' (best score: 0)
2025-05-15 09:43:13,392 - INFO - Processing question: 'are you comfortable working with python?'
2025-05-15 09:43:13,392 - WARNING - No match found for question: 'are you comfortable working with python?' (best score: 0)
2025-05-15 09:43:13,393 - INFO - Processing question: 'do you currently have legal authorization to work in the country where the position is based?'
2025-05-15 09:43:13,393 - WARNING - No match found for question: 'do you currently have legal authorization to work in the country where the position is based?' (best score: 0)
2025-05-15 09:43:13,393 - INFO - Processing question: 'are you excited to work in-office five days a week?'
2025-05-15 09:43:13,394 - WARNING - No match found for question: 'are you excited to work in-office five days a week?' (best score: 0)
2025-05-15 09:43:13,394 - INFO - Q&A section filled successfully!
2025-05-15 09:43:13,394 - INFO - Form filled successfully!
2025-05-15 09:43:14,410 - INFO - Starting submission process...
2025-05-15 09:43:14,497 - INFO - Required field not filled: 158ca948-d245-4cb8-ad4d-9dd7f4a70d69
2025-05-15 09:43:14,512 - INFO - Required field not filled: 51027920-6052-4076-81dd-e3a89da3aef5
2025-05-15 09:43:14,765 - INFO - Waiting for 2 required fields to be filled: ['158ca948-d245-4cb8-ad4d-9dd7f4a70d69', '51027920-6052-4076-81dd-e3a89da3aef5']
2025-05-15 09:43:16,879 - INFO - Required field not filled: 158ca948-d245-4cb8-ad4d-9dd7f4a70d69
2025-05-15 09:43:16,894 - INFO - Required field not filled: 51027920-6052-4076-81dd-e3a89da3aef5
2025-05-15 09:43:17,078 - INFO - Waiting for 2 required fields to be filled: ['158ca948-d245-4cb8-ad4d-9dd7f4a70d69', '51027920-6052-4076-81dd-e3a89da3aef5']
2025-05-15 09:43:19,226 - INFO - Required field not filled: 158ca948-d245-4cb8-ad4d-9dd7f4a70d69
2025-05-15 09:43:19,244 - INFO - Required field not filled: 51027920-6052-4076-81dd-e3a89da3aef5
2025-05-15 09:43:19,426 - INFO - Waiting for 2 required fields to be filled: ['158ca948-d245-4cb8-ad4d-9dd7f4a70d69', '51027920-6052-4076-81dd-e3a89da3aef5']
2025-05-15 09:43:21,512 - INFO - Required field not filled: 158ca948-d245-4cb8-ad4d-9dd7f4a70d69
2025-05-15 09:43:21,532 - INFO - Required field not filled: 51027920-6052-4076-81dd-e3a89da3aef5
2025-05-15 09:43:21,728 - INFO - Waiting for 2 required fields to be filled: ['158ca948-d245-4cb8-ad4d-9dd7f4a70d69', '51027920-6052-4076-81dd-e3a89da3aef5']
2025-05-15 09:43:23,842 - INFO - Required field not filled: 51027920-6052-4076-81dd-e3a89da3aef5
2025-05-15 09:43:23,997 - INFO - Waiting for 1 required fields to be filled: ['51027920-6052-4076-81dd-e3a89da3aef5']
2025-05-15 09:43:26,147 - INFO - Required field not filled: 51027920-6052-4076-81dd-e3a89da3aef5
2025-05-15 09:43:26,298 - INFO - Waiting for 1 required fields to be filled: ['51027920-6052-4076-81dd-e3a89da3aef5']
2025-05-15 09:43:28,449 - INFO - Required field not filled: 51027920-6052-4076-81dd-e3a89da3aef5
2025-05-15 09:43:28,594 - INFO - Waiting for 1 required fields to be filled: ['51027920-6052-4076-81dd-e3a89da3aef5']
2025-05-15 09:43:30,706 - INFO - Required field not filled: 51027920-6052-4076-81dd-e3a89da3aef5
2025-05-15 09:43:30,862 - INFO - Waiting for 1 required fields to be filled: ['51027920-6052-4076-81dd-e3a89da3aef5']
2025-05-15 09:43:33,129 - INFO - All required fields are filled.
2025-05-15 09:43:33,170 - INFO - Found submit button using selector: button._primary_8wvgw_96
2025-05-15 09:43:34,699 - INFO - Clicked submit button normally
2025-05-15 09:43:37,089 - INFO - Page changed after click - assuming submission started
2025-05-15 09:43:57,491 - WARNING - Error during submission verification: Message: 

2025-05-15 09:43:57,506 - INFO - URL suggests we left application page - assuming success
2025-05-15 09:43:57,506 - INFO - Application submitted successfully!
2025-05-15 09:43:57,506 - INFO - Log directory ensured: C:\Users\hr\OneDrive\Desktop\merge\all_job_app\logs
2025-05-15 09:43:57,512 - INFO - Log entry written to logs/ashby_log_2025-05-15.csv
2025-05-15 09:43:57,513 - INFO - Log directory ensured: C:\Users\hr\OneDrive\Desktop\merge\all_job_app\logs
2025-05-15 09:43:57,514 - INFO - Log entry written to logs/ashby_log_2025-05-15.csv
2025-05-15 09:43:57,934 - INFO - Job application process completed!
2025-05-15 09:44:54,756 - INFO - Selected profile: narsimlu.yaml
2025-05-15 09:44:54,784 - INFO - Detected Chrome version: 136.0.7103.93
2025-05-15 09:44:54,784 - INFO - ====== WebDriver manager ======
2025-05-15 09:44:55,649 - INFO - Get LATEST chromedriver version for google-chrome
2025-05-15 09:44:55,699 - INFO - Get LATEST chromedriver version for google-chrome
2025-05-15 09:44:55,767 - INFO - Driver [C:\Users\hr\.wdm\drivers\chromedriver\win64\136.0.7103.94\chromedriver-win32/chromedriver.exe] found in cache
2025-05-15 09:44:56,730 - INFO - patching driver executable C:\Users\hr\appdata\roaming\undetected_chromedriver\undetected_chromedriver.exe
2025-05-15 09:44:57,562 - INFO - Processing job: https://jobs.ashbyhq.com/airwallex/f5c945c9-dc25-4b35-a6bd-ae2fef539727
2025-05-15 09:44:59,749 - INFO - Opened job page: https://jobs.ashbyhq.com/airwallex/f5c945c9-dc25-4b35-a6bd-ae2fef539727
2025-05-15 09:45:02,988 - INFO - Apply button clicked successfully!
2025-05-15 09:45:07,994 - INFO - Attempting to upload resume from: C:\Users\hr\OneDrive\Desktop\merge\all_job_app\resume/narsimlu.pdf
2025-05-15 09:45:08,591 - INFO - Resume file sent to input element
2025-05-15 09:45:23,946 - WARNING - No explicit upload confirmation detected: Message: 

2025-05-15 09:45:23,947 - INFO - Filling out the application form...
2025-05-15 09:45:24,057 - INFO - Filled field name with value Narasimulu Alli
2025-05-15 09:45:24,165 - INFO - Filled field email with value narasi.mymail@gmail.com
2025-05-15 09:45:24,257 - INFO - Filled field phone with value 469-514-1494
2025-05-15 09:45:24,257 - WARNING - No value provided for mandatory field: address
2025-05-15 09:45:34,692 - WARNING - Error filling field location with selector input[role='combobox']: Message: 
Stacktrace:
	GetHandleVerifier [0x0068FC83+61635]
	GetHandleVerifier [0x0068FCC4+61700]
	(No symbol) [0x004B05D3]
	(No symbol) [0x004F899E]
	(No symbol) [0x004F8D3B]
	(No symbol) [0x00540E12]
	(No symbol) [0x0051D2E4]
	(No symbol) [0x0053E61B]
	(No symbol) [0x0051D096]
	(No symbol) [0x004EC840]
	(No symbol) [0x004ED6A4]
	GetHandleVerifier [0x009145A3+2701795]
	GetHandleVerifier [0x0090FD26+2683238]
	GetHandleVerifier [0x0092AA6E+2793134]
	GetHandleVerifier [0x006A6945+155013]
	GetHandleVerifier [0x006AD02D+181357]
	GetHandleVerifier [0x006974D8+92440]
	GetHandleVerifier [0x00697680+92864]
	GetHandleVerifier [0x00682070+5296]
	BaseThreadInitThunk [0x759AFCC9+25]
	RtlGetAppContainerNamedObjectPath [0x771B82AE+286]
	RtlGetAppContainerNamedObjectPath [0x771B827E+238]

2025-05-15 09:45:45,159 - WARNING - Error filling field location with selector input[placeholder*='Start typing']: Message: 
Stacktrace:
	GetHandleVerifier [0x0068FC83+61635]
	GetHandleVerifier [0x0068FCC4+61700]
	(No symbol) [0x004B05D3]
	(No symbol) [0x004F899E]
	(No symbol) [0x004F8D3B]
	(No symbol) [0x00540E12]
	(No symbol) [0x0051D2E4]
	(No symbol) [0x0053E61B]
	(No symbol) [0x0051D096]
	(No symbol) [0x004EC840]
	(No symbol) [0x004ED6A4]
	GetHandleVerifier [0x009145A3+2701795]
	GetHandleVerifier [0x0090FD26+2683238]
	GetHandleVerifier [0x0092AA6E+2793134]
	GetHandleVerifier [0x006A6945+155013]
	GetHandleVerifier [0x006AD02D+181357]
	GetHandleVerifier [0x006974D8+92440]
	GetHandleVerifier [0x00697680+92864]
	GetHandleVerifier [0x00682070+5296]
	BaseThreadInitThunk [0x759AFCC9+25]
	RtlGetAppContainerNamedObjectPath [0x771B82AE+286]
	RtlGetAppContainerNamedObjectPath [0x771B827E+238]

2025-05-15 09:45:45,299 - INFO - Filled LinkedIn field
2025-05-15 09:45:45,299 - INFO - Filling out the Q&A section...
2025-05-15 09:45:46,540 - INFO - Form Q&A questions found: ['Current company', 'Additional information', 'Twitter', 'GitHub', 'Portfolio', 'Other']
2025-05-15 09:45:46,541 - INFO - Processing question: 'where did you hear about biorender?'
2025-05-15 09:45:46,541 - WARNING - No match found for question: 'where did you hear about biorender?' (best score: 0)
2025-05-15 09:45:46,542 - INFO - Processing question: 'do you have programming experience or are you in a cs degree?'
2025-05-15 09:45:46,543 - WARNING - No match found for question: 'do you have programming experience or are you in a cs degree?' (best score: 0)
2025-05-15 09:45:46,543 - INFO - Processing question: 'are you legally authorized to work in the u.s. without restriction for any employer?'
2025-05-15 09:45:46,544 - WARNING - No match found for question: 'are you legally authorized to work in the u.s. without restriction for any employer?' (best score: 0)
2025-05-15 09:45:46,544 - INFO - Processing question: 'are you legally authorized to work in canada or the united states?'
2025-05-15 09:45:46,545 - WARNING - No match found for question: 'are you legally authorized to work in canada or the united states?' (best score: 0)
2025-05-15 09:45:46,546 - INFO - Processing question: 'how many years of experience do you have as a machine learning engineer?'
2025-05-15 09:45:46,546 - WARNING - No match found for question: 'how many years of experience do you have as a machine learning engineer?' (best score: 0)
2025-05-15 09:45:46,547 - INFO - Processing question: 'are you legally authorized to work in the united states?'
2025-05-15 09:45:46,547 - WARNING - No match found for question: 'are you legally authorized to work in the united states?' (best score: 0)
2025-05-15 09:45:46,548 - INFO - Processing question: 'what are your salary expectations?'
2025-05-15 09:45:46,548 - WARNING - No match found for question: 'what are your salary expectations?' (best score: 0)
2025-05-15 09:45:46,549 - INFO - Processing question: 'have you previously worked for hims & hers as an employee or contractor/consultant?'
2025-05-15 09:45:46,549 - WARNING - No match found for question: 'have you previously worked for hims & hers as an employee or contractor/consultant?' (best score: 0)
2025-05-15 09:45:46,550 - INFO - Processing question: 'are you legally authorized to work in canada?'
2025-05-15 09:45:46,550 - WARNING - No match found for question: 'are you legally authorized to work in canada?' (best score: 0)
2025-05-15 09:45:46,551 - INFO - Processing question: 'how did you hear about us?'
2025-05-15 09:45:46,551 - WARNING - No match found for question: 'how did you hear about us?' (best score: 0)
2025-05-15 09:45:46,552 - INFO - Processing question: 'are you a veteran/have you served in the military?'
2025-05-15 09:45:46,552 - WARNING - No match found for question: 'are you a veteran/have you served in the military?' (best score: 0)
2025-05-15 09:45:46,553 - INFO - Processing question: 'do you identify as having a disability?.no'
2025-05-15 09:45:46,553 - WARNING - No match found for question: 'do you identify as having a disability?.no' (best score: 0)
2025-05-15 09:45:46,554 - INFO - Processing question: 'will you now or in the future require immigration sponsorship by hims & hers in order to work for hims & hers in the u.s.?'
2025-05-15 09:45:46,554 - WARNING - No match found for question: 'will you now or in the future require immigration sponsorship by hims & hers in order to work for hims & hers in the u.s.?' (best score: 0)
2025-05-15 09:45:46,555 - INFO - Processing question: 'have you worked as a software engineer prior to moving into ml?'
2025-05-15 09:45:46,555 - WARNING - No match found for question: 'have you worked as a software engineer prior to moving into ml?' (best score: 0)
2025-05-15 09:45:46,555 - INFO - Processing question: 'which languages and dialects do you speak fluently?'
2025-05-15 09:45:46,556 - WARNING - No match found for question: 'which languages and dialects do you speak fluently?' (best score: 0)
2025-05-15 09:45:46,556 - INFO - Processing question: 'are you open to tier 2 (medium complexity) rlhf projects at listed rate for your location?'
2025-05-15 09:45:46,557 - WARNING - No match found for question: 'are you open to tier 2 (medium complexity) rlhf projects at listed rate for your location?' (best score: 0)
2025-05-15 09:45:46,557 - INFO - Processing question: 'do you have any familial relationships with current virta employees?'
2025-05-15 09:45:46,558 - WARNING - No match found for question: 'do you have any familial relationships with current virta employees?' (best score: 0)
2025-05-15 09:45:46,558 - INFO - Processing question: 'are you 18 or older and legally eligible to work in the country of the job you are applying for?'
2025-05-15 09:45:46,559 - WARNING - No match found for question: 'are you 18 or older and legally eligible to work in the country of the job you are applying for?' (best score: 0)
2025-05-15 09:45:46,559 - INFO - Processing question: 'will you now or in the future require sponsorship for employment?'
2025-05-15 09:45:46,559 - WARNING - No match found for question: 'will you now or in the future require sponsorship for employment?' (best score: 0)
2025-05-15 09:45:46,560 - INFO - Processing question: 'how many years of experience do you have in mle?'
2025-05-15 09:45:46,561 - WARNING - No match found for question: 'how many years of experience do you have in mle?' (best score: 0)
2025-05-15 09:45:46,561 - INFO - Processing question: 'are you legally authorized to work in the country?'
2025-05-15 09:45:46,562 - WARNING - No match found for question: 'are you legally authorized to work in the country?' (best score: 0)
2025-05-15 09:45:46,562 - INFO - Processing question: 'what is your expected salary?'
2025-05-15 09:45:46,563 - WARNING - No match found for question: 'what is your expected salary?' (best score: 0)
2025-05-15 09:45:46,563 - INFO - Processing question: 'are you legally eligible to work in the us?'
2025-05-15 09:45:46,564 - WARNING - No match found for question: 'are you legally eligible to work in the us?' (best score: 0)
2025-05-15 09:45:46,564 - INFO - Processing question: 'are you willing & able to come into our downtown san francisco office on a hybrid basis? (3 days /week)?'
2025-05-15 09:45:46,565 - WARNING - No match found for question: 'are you willing & able to come into our downtown san francisco office on a hybrid basis? (3 days /week)?' (best score: 0)
2025-05-15 09:45:46,565 - INFO - Processing question: 'can you work onsite in palo alto?'
2025-05-15 09:45:46,566 - WARNING - No match found for question: 'can you work onsite in palo alto?' (best score: 0)
2025-05-15 09:45:46,566 - INFO - Processing question: 'our offices are located in san francisco ca and new york city. please indicate which location you are interested in?'
2025-05-15 09:45:46,567 - WARNING - No match found for question: 'our offices are located in san francisco ca and new york city. please indicate which location you are interested in?' (best score: 0)
2025-05-15 09:45:46,567 - INFO - Processing question: 'will you now or will you in the future require employment visa sponsorship to work in the country in which the job you're applying for is located?'
2025-05-15 09:45:46,568 - WARNING - No match found for question: 'will you now or will you in the future require employment visa sponsorship to work in the country in which the job you're applying for is located?' (best score: 0)
2025-05-15 09:45:46,568 - INFO - Processing question: 'do you have authorization to work in the united states?'
2025-05-15 09:45:46,568 - WARNING - No match found for question: 'do you have authorization to work in the united states?' (best score: 0)
2025-05-15 09:45:46,568 - INFO - Processing question: 'will you now or in the future require sponsorship for employment visa status?'
2025-05-15 09:45:46,568 - WARNING - No match found for question: 'will you now or in the future require sponsorship for employment visa status?' (best score: 0)
2025-05-15 09:45:46,568 - INFO - Processing question: 'are you available to work in person at the promise office  location listed in the job description at least three times per week?'
2025-05-15 09:45:46,571 - WARNING - No match found for question: 'are you available to work in person at the promise office  location listed in the job description at least three times per week?' (best score: 0)
2025-05-15 09:45:46,571 - INFO - Processing question: 'are you 18 or older?'
2025-05-15 09:45:46,571 - WARNING - No match found for question: 'are you 18 or older?' (best score: 0)
2025-05-15 09:45:46,571 - INFO - Processing question: 'are you comfortable working with javascript?'
2025-05-15 09:45:46,572 - WARNING - No match found for question: 'are you comfortable working with javascript?' (best score: 0)
2025-05-15 09:45:46,572 - INFO - Processing question: 'would you willing to relocate to/be in office in san francisco?'
2025-05-15 09:45:46,573 - WARNING - No match found for question: 'would you willing to relocate to/be in office in san francisco?' (best score: 0)
2025-05-15 09:45:46,573 - INFO - Processing question: 'what annual salary are you looking for in $usd?'
2025-05-15 09:45:46,574 - WARNING - No match found for question: 'what annual salary are you looking for in $usd?' (best score: 0)
2025-05-15 09:45:46,574 - INFO - Processing question: 'are you looking for full-time or part-time work?'
2025-05-15 09:45:46,575 - WARNING - No match found for question: 'are you looking for full-time or part-time work?' (best score: 0)
2025-05-15 09:45:46,575 - INFO - Processing question: 'how would you best describe your ideal work environment?'
2025-05-15 09:45:46,576 - WARNING - No match found for question: 'how would you best describe your ideal work environment?' (best score: 0)
2025-05-15 09:45:46,576 - INFO - Processing question: 'how do you handle deadlines and pressure?'
2025-05-15 09:45:46,577 - WARNING - No match found for question: 'how do you handle deadlines and pressure?' (best score: 0)
2025-05-15 09:45:46,578 - INFO - Processing question: 'how do you handle situations where you have too many tasks to complete on your own?'
2025-05-15 09:45:46,578 - WARNING - No match found for question: 'how do you handle situations where you have too many tasks to complete on your own?' (best score: 0)
2025-05-15 09:45:46,578 - INFO - Processing question: 'how much are you willing to work when things are urgent?'
2025-05-15 09:45:46,578 - WARNING - No match found for question: 'how much are you willing to work when things are urgent?' (best score: 0)
2025-05-15 09:45:46,578 - INFO - Processing question: 'are you comfortable working with python?'
2025-05-15 09:45:46,578 - WARNING - No match found for question: 'are you comfortable working with python?' (best score: 0)
2025-05-15 09:45:46,578 - INFO - Processing question: 'do you currently have legal authorization to work in the country where the position is based?'
2025-05-15 09:45:46,581 - WARNING - No match found for question: 'do you currently have legal authorization to work in the country where the position is based?' (best score: 0)
2025-05-15 09:45:46,581 - INFO - Processing question: 'are you excited to work in-office five days a week?'
2025-05-15 09:45:46,581 - WARNING - No match found for question: 'are you excited to work in-office five days a week?' (best score: 0)
2025-05-15 09:45:46,582 - INFO - Q&A section filled successfully!
2025-05-15 09:45:46,582 - INFO - Form filled successfully!
2025-05-15 09:45:47,590 - INFO - Starting submission process...
2025-05-15 09:45:47,774 - INFO - All required fields are filled.
2025-05-15 09:45:47,824 - INFO - Found submit button using selector: button._primary_8wvgw_96
2025-05-15 09:45:49,666 - INFO - Clicked submit button normally
2025-05-15 09:45:52,025 - INFO - Page changed after click - assuming submission started
2025-05-15 09:46:12,375 - WARNING - Error during submission verification: Message: 

2025-05-15 09:46:12,391 - INFO - URL suggests we left application page - assuming success
2025-05-15 09:46:12,391 - INFO - Application submitted successfully!
2025-05-15 09:46:12,391 - INFO - Log directory ensured: C:\Users\hr\OneDrive\Desktop\merge\all_job_app\logs
2025-05-15 09:46:12,395 - INFO - Log entry written to logs/ashby_log_2025-05-15.csv
2025-05-15 09:46:12,396 - INFO - Log directory ensured: C:\Users\hr\OneDrive\Desktop\merge\all_job_app\logs
2025-05-15 09:46:12,396 - INFO - Log entry written to logs/ashby_log_2025-05-15.csv
2025-05-15 09:46:12,396 - INFO - Processing job: https://jobs.ashbyhq.com/zip/f2966399-c936-4bd2-911d-42d0b5793618
2025-05-15 09:46:13,534 - INFO - Opened job page: https://jobs.ashbyhq.com/zip/f2966399-c936-4bd2-911d-42d0b5793618
2025-05-15 09:46:16,634 - INFO - Apply button clicked successfully!
2025-05-15 09:46:21,639 - INFO - Attempting to upload resume from: C:\Users\hr\OneDrive\Desktop\merge\all_job_app\resume/narsimlu.pdf
2025-05-15 09:46:22,239 - INFO - Resume file sent to input element
2025-05-15 09:46:37,486 - WARNING - No explicit upload confirmation detected: Message: 

2025-05-15 09:46:37,486 - INFO - Filling out the application form...
2025-05-15 09:46:37,597 - INFO - Filled field name with value Narasimulu Alli
2025-05-15 09:46:37,700 - INFO - Filled field email with value narasi.mymail@gmail.com
2025-05-15 09:46:37,794 - INFO - Filled field phone with value 469-514-1494
2025-05-15 09:46:37,794 - WARNING - No value provided for mandatory field: address
2025-05-15 09:46:48,251 - WARNING - Error filling field location with selector input[role='combobox']: Message: 
Stacktrace:
	GetHandleVerifier [0x0068FC83+61635]
	GetHandleVerifier [0x0068FCC4+61700]
	(No symbol) [0x004B05D3]
	(No symbol) [0x004F899E]
	(No symbol) [0x004F8D3B]
	(No symbol) [0x00540E12]
	(No symbol) [0x0051D2E4]
	(No symbol) [0x0053E61B]
	(No symbol) [0x0051D096]
	(No symbol) [0x004EC840]
	(No symbol) [0x004ED6A4]
	GetHandleVerifier [0x009145A3+2701795]
	GetHandleVerifier [0x0090FD26+2683238]
	GetHandleVerifier [0x0092AA6E+2793134]
	GetHandleVerifier [0x006A6945+155013]
	GetHandleVerifier [0x006AD02D+181357]
	GetHandleVerifier [0x006974D8+92440]
	GetHandleVerifier [0x00697680+92864]
	GetHandleVerifier [0x00682070+5296]
	BaseThreadInitThunk [0x759AFCC9+25]
	RtlGetAppContainerNamedObjectPath [0x771B82AE+286]
	RtlGetAppContainerNamedObjectPath [0x771B827E+238]

2025-05-15 09:46:58,687 - WARNING - Error filling field location with selector input[placeholder*='Start typing']: Message: 
Stacktrace:
	GetHandleVerifier [0x0068FC83+61635]
	GetHandleVerifier [0x0068FCC4+61700]
	(No symbol) [0x004B05D3]
	(No symbol) [0x004F899E]
	(No symbol) [0x004F8D3B]
	(No symbol) [0x00540E12]
	(No symbol) [0x0051D2E4]
	(No symbol) [0x0053E61B]
	(No symbol) [0x0051D096]
	(No symbol) [0x004EC840]
	(No symbol) [0x004ED6A4]
	GetHandleVerifier [0x009145A3+2701795]
	GetHandleVerifier [0x0090FD26+2683238]
	GetHandleVerifier [0x0092AA6E+2793134]
	GetHandleVerifier [0x006A6945+155013]
	GetHandleVerifier [0x006AD02D+181357]
	GetHandleVerifier [0x006974D8+92440]
	GetHandleVerifier [0x00697680+92864]
	GetHandleVerifier [0x00682070+5296]
	BaseThreadInitThunk [0x759AFCC9+25]
	RtlGetAppContainerNamedObjectPath [0x771B82AE+286]
	RtlGetAppContainerNamedObjectPath [0x771B827E+238]

2025-05-15 09:46:58,827 - INFO - Filled LinkedIn field
2025-05-15 09:46:58,827 - INFO - Filling out the Q&A section...
2025-05-15 09:46:59,595 - INFO - Form Q&A questions found: []
2025-05-15 09:46:59,596 - WARNING - No Q&A questions found in the form. Skipping Q&A section.
2025-05-15 09:46:59,596 - INFO - Form filled successfully!
2025-05-15 09:47:00,598 - INFO - Starting submission process...
2025-05-15 09:47:00,911 - INFO - Required radio group not answered: Are you willing and able to come into our downtown SF office 3 days per week?
2025-05-15 09:47:00,938 - INFO - Waiting for 1 required fields to be filled: ['Are you willing and able to come into our downtown SF office 3 days per week?']
2025-05-15 09:47:03,203 - INFO - Required radio group not answered: Are you willing and able to come into our downtown SF office 3 days per week?
2025-05-15 09:47:03,231 - INFO - Waiting for 1 required fields to be filled: ['Are you willing and able to come into our downtown SF office 3 days per week?']
2025-05-15 09:47:05,534 - INFO - Required radio group not answered: Are you willing and able to come into our downtown SF office 3 days per week?
2025-05-15 09:47:05,568 - INFO - Waiting for 1 required fields to be filled: ['Are you willing and able to come into our downtown SF office 3 days per week?']
2025-05-15 09:47:07,880 - INFO - Required radio group not answered: Are you willing and able to come into our downtown SF office 3 days per week?
2025-05-15 09:47:07,910 - INFO - Waiting for 1 required fields to be filled: ['Are you willing and able to come into our downtown SF office 3 days per week?']
2025-05-15 09:47:10,223 - INFO - Required radio group not answered: Are you willing and able to come into our downtown SF office 3 days per week?
2025-05-15 09:47:10,250 - INFO - Waiting for 1 required fields to be filled: ['Are you willing and able to come into our downtown SF office 3 days per week?']
2025-05-15 09:47:12,591 - INFO - Required radio group not answered: Are you willing and able to come into our downtown SF office 3 days per week?
2025-05-15 09:47:12,618 - INFO - Waiting for 1 required fields to be filled: ['Are you willing and able to come into our downtown SF office 3 days per week?']
2025-05-15 09:47:14,933 - INFO - Required radio group not answered: Are you willing and able to come into our downtown SF office 3 days per week?
2025-05-15 09:47:14,969 - INFO - Waiting for 1 required fields to be filled: ['Are you willing and able to come into our downtown SF office 3 days per week?']
2025-05-15 09:47:17,258 - INFO - Required radio group not answered: Are you willing and able to come into our downtown SF office 3 days per week?
2025-05-15 09:47:17,286 - INFO - Waiting for 1 required fields to be filled: ['Are you willing and able to come into our downtown SF office 3 days per week?']
2025-05-15 09:47:19,554 - INFO - Required radio group not answered: Are you willing and able to come into our downtown SF office 3 days per week?
2025-05-15 09:47:19,585 - INFO - Waiting for 1 required fields to be filled: ['Are you willing and able to come into our downtown SF office 3 days per week?']
2025-05-15 09:47:21,832 - INFO - Required radio group not answered: Are you willing and able to come into our downtown SF office 3 days per week?
2025-05-15 09:47:21,871 - INFO - Waiting for 1 required fields to be filled: ['Are you willing and able to come into our downtown SF office 3 days per week?']
2025-05-15 09:47:24,122 - INFO - Required radio group not answered: Are you willing and able to come into our downtown SF office 3 days per week?
2025-05-15 09:47:24,153 - INFO - Waiting for 1 required fields to be filled: ['Are you willing and able to come into our downtown SF office 3 days per week?']
2025-05-15 09:47:26,431 - INFO - Required radio group not answered: Are you willing and able to come into our downtown SF office 3 days per week?
2025-05-15 09:47:26,475 - INFO - Waiting for 1 required fields to be filled: ['Are you willing and able to come into our downtown SF office 3 days per week?']
2025-05-15 09:47:28,715 - INFO - Required radio group not answered: Are you willing and able to come into our downtown SF office 3 days per week?
2025-05-15 09:47:28,751 - INFO - Waiting for 1 required fields to be filled: ['Are you willing and able to come into our downtown SF office 3 days per week?']
2025-05-15 09:47:31,066 - INFO - Required radio group not answered: Are you willing and able to come into our downtown SF office 3 days per week?
2025-05-15 09:47:31,104 - INFO - Waiting for 1 required fields to be filled: ['Are you willing and able to come into our downtown SF office 3 days per week?']
2025-05-15 09:47:33,350 - INFO - All required fields are filled.
2025-05-15 09:47:33,414 - INFO - Found submit button using selector: button._primary_8wvgw_96
2025-05-15 09:47:34,729 - INFO - Clicked submit button normally
2025-05-15 09:47:37,430 - INFO - Page changed after click - assuming submission started
2025-05-15 09:47:57,645 - WARNING - Error during submission verification: Message: 

2025-05-15 09:47:57,661 - INFO - URL suggests we left application page - assuming success
2025-05-15 09:47:57,661 - INFO - Application submitted successfully!
2025-05-15 09:47:57,661 - INFO - Log directory ensured: C:\Users\hr\OneDrive\Desktop\merge\all_job_app\logs
2025-05-15 09:47:57,664 - INFO - Log entry written to logs/ashby_log_2025-05-15.csv
2025-05-15 09:47:57,664 - INFO - Log directory ensured: C:\Users\hr\OneDrive\Desktop\merge\all_job_app\logs
2025-05-15 09:47:57,665 - INFO - Log entry written to logs/ashby_log_2025-05-15.csv
2025-05-15 09:47:57,665 - INFO - Processing job: https://jobs.ashbyhq.com/Etched/610c3836-9798-46ea-931a-02bb95b29467
2025-05-15 09:47:58,785 - INFO - Opened job page: https://jobs.ashbyhq.com/Etched/610c3836-9798-46ea-931a-02bb95b29467
2025-05-15 09:47:59,828 - INFO - Application interrupted - saving state
2025-05-15 09:47:59,828 - INFO - Log directory ensured: C:\Users\hr\OneDrive\Desktop\merge\all_job_app\logs
2025-05-15 09:47:59,828 - INFO - Log entry written to logs/ashby_log_2025-05-15.csv
2025-05-15 11:48:42,580 - INFO - Selected profile: vijay.yaml
2025-05-15 11:48:42,612 - INFO - Detected Chrome version: 136.0.7103.93
2025-05-15 11:48:42,613 - INFO - ====== WebDriver manager ======
2025-05-15 11:48:44,400 - INFO - Get LATEST chromedriver version for google-chrome
2025-05-15 11:48:44,439 - INFO - Get LATEST chromedriver version for google-chrome
2025-05-15 11:48:44,463 - INFO - Driver [C:\Users\hr\.wdm\drivers\chromedriver\win64\136.0.7103.94\chromedriver-win32/chromedriver.exe] found in cache
2025-05-15 11:48:45,421 - INFO - patching driver executable C:\Users\hr\appdata\roaming\undetected_chromedriver\undetected_chromedriver.exe
2025-05-15 11:48:46,303 - INFO - Processing job: https://jobs.ashbyhq.com/airwallex/f5c945c9-dc25-4b35-a6bd-ae2fef539727
2025-05-15 11:48:48,571 - INFO - Opened job page: https://jobs.ashbyhq.com/airwallex/f5c945c9-dc25-4b35-a6bd-ae2fef539727
2025-05-15 11:48:51,844 - INFO - Apply button clicked successfully!
2025-05-15 11:48:56,859 - INFO - Attempting to upload resume from: C:\Users\hr\OneDrive\Desktop\merge\all_job_app\resume/resume.pdf
2025-05-15 11:48:57,438 - INFO - Resume file sent to input element
2025-05-15 11:49:12,923 - WARNING - No explicit upload confirmation detected: Message: 

2025-05-15 11:49:12,924 - INFO - Filling out the application form...
2025-05-15 11:49:13,030 - INFO - Filled field name with value Vijay Yadav
2025-05-15 11:49:13,138 - INFO - Filled field email with value vijay.yadav@example.com
2025-05-15 11:49:13,242 - INFO - Filled field phone with value 1234567890
2025-05-15 11:49:13,242 - WARNING - No value provided for mandatory field: address
2025-05-15 11:49:23,273 - WARNING - Error filling field location with selector input[role='combobox']: Message: 
Stacktrace:
	GetHandleVerifier [0x0126FC83+61635]
	GetHandleVerifier [0x0126FCC4+61700]
	(No symbol) [0x010905D3]
	(No symbol) [0x010D899E]
	(No symbol) [0x010D8D3B]
	(No symbol) [0x01120E12]
	(No symbol) [0x010FD2E4]
	(No symbol) [0x0111E61B]
	(No symbol) [0x010FD096]
	(No symbol) [0x010CC840]
	(No symbol) [0x010CD6A4]
	GetHandleVerifier [0x014F45A3+2701795]
	GetHandleVerifier [0x014EFD26+2683238]
	GetHandleVerifier [0x0150AA6E+2793134]
	GetHandleVerifier [0x01286945+155013]
	GetHandleVerifier [0x0128D02D+181357]
	GetHandleVerifier [0x012774D8+92440]
	GetHandleVerifier [0x01277680+92864]
	GetHandleVerifier [0x01262070+5296]
	BaseThreadInitThunk [0x759AFCC9+25]
	RtlGetAppContainerNamedObjectPath [0x771B82AE+286]
	RtlGetAppContainerNamedObjectPath [0x771B827E+238]

2025-05-15 11:49:33,808 - WARNING - Error filling field location with selector input[placeholder*='Start typing']: Message: 
Stacktrace:
	GetHandleVerifier [0x0126FC83+61635]
	GetHandleVerifier [0x0126FCC4+61700]
	(No symbol) [0x010905D3]
	(No symbol) [0x010D899E]
	(No symbol) [0x010D8D3B]
	(No symbol) [0x01120E12]
	(No symbol) [0x010FD2E4]
	(No symbol) [0x0111E61B]
	(No symbol) [0x010FD096]
	(No symbol) [0x010CC840]
	(No symbol) [0x010CD6A4]
	GetHandleVerifier [0x014F45A3+2701795]
	GetHandleVerifier [0x014EFD26+2683238]
	GetHandleVerifier [0x0150AA6E+2793134]
	GetHandleVerifier [0x01286945+155013]
	GetHandleVerifier [0x0128D02D+181357]
	GetHandleVerifier [0x012774D8+92440]
	GetHandleVerifier [0x01277680+92864]
	GetHandleVerifier [0x01262070+5296]
	BaseThreadInitThunk [0x759AFCC9+25]
	RtlGetAppContainerNamedObjectPath [0x771B82AE+286]
	RtlGetAppContainerNamedObjectPath [0x771B827E+238]

2025-05-15 11:49:33,950 - INFO - Filled LinkedIn field
2025-05-15 11:49:33,950 - INFO - Filling out the Q&A section...
2025-05-15 11:49:35,214 - INFO - Form Q&A questions found: ['Current company', 'Additional information', 'Twitter', 'GitHub', 'Portfolio', 'Other']
2025-05-15 11:49:35,215 - INFO - Processing question: 'where did you hear about biorender?'
2025-05-15 11:49:35,215 - WARNING - No match found for question: 'where did you hear about biorender?' (best score: 0)
2025-05-15 11:49:35,216 - INFO - Processing question: 'do you have programming experience or are you in a cs degree?'
2025-05-15 11:49:35,216 - WARNING - No match found for question: 'do you have programming experience or are you in a cs degree?' (best score: 0)
2025-05-15 11:49:35,216 - INFO - Processing question: 'are you legally authorized to work in the u.s. without restriction for any employer?'
2025-05-15 11:49:35,217 - WARNING - No match found for question: 'are you legally authorized to work in the u.s. without restriction for any employer?' (best score: 0)
2025-05-15 11:49:35,218 - INFO - Processing question: 'are you legally authorized to work in canada or the united states?'
2025-05-15 11:49:35,218 - WARNING - No match found for question: 'are you legally authorized to work in canada or the united states?' (best score: 0)
2025-05-15 11:49:35,218 - INFO - Processing question: 'how many years of experience do you have as a machine learning engineer?'
2025-05-15 11:49:35,219 - WARNING - No match found for question: 'how many years of experience do you have as a machine learning engineer?' (best score: 0)
2025-05-15 11:49:35,219 - INFO - Processing question: 'are you legally authorized to work in the united states?'
2025-05-15 11:49:35,220 - WARNING - No match found for question: 'are you legally authorized to work in the united states?' (best score: 0)
2025-05-15 11:49:35,220 - INFO - Processing question: 'what are your salary expectations?'
2025-05-15 11:49:35,221 - WARNING - No match found for question: 'what are your salary expectations?' (best score: 0)
2025-05-15 11:49:35,221 - INFO - Processing question: 'have you previously worked for hims & hers as an employee or contractor/consultant?'
2025-05-15 11:49:35,222 - WARNING - No match found for question: 'have you previously worked for hims & hers as an employee or contractor/consultant?' (best score: 0)
2025-05-15 11:49:35,222 - INFO - Processing question: 'are you legally authorized to work in canada?'
2025-05-15 11:49:35,223 - WARNING - No match found for question: 'are you legally authorized to work in canada?' (best score: 0)
2025-05-15 11:49:35,224 - INFO - Processing question: 'how did you hear about us?'
2025-05-15 11:49:35,225 - WARNING - No match found for question: 'how did you hear about us?' (best score: 0)
2025-05-15 11:49:35,225 - INFO - Processing question: 'are you a veteran/have you served in the military?'
2025-05-15 11:49:35,226 - WARNING - No match found for question: 'are you a veteran/have you served in the military?' (best score: 0)
2025-05-15 11:49:35,226 - INFO - Processing question: 'do you identify as having a disability?.no'
2025-05-15 11:49:35,226 - WARNING - No match found for question: 'do you identify as having a disability?.no' (best score: 0)
2025-05-15 11:49:35,226 - INFO - Processing question: 'will you now or in the future require immigration sponsorship by hims & hers in order to work for hims & hers in the u.s.?'
2025-05-15 11:49:35,227 - WARNING - No match found for question: 'will you now or in the future require immigration sponsorship by hims & hers in order to work for hims & hers in the u.s.?' (best score: 0)
2025-05-15 11:49:35,227 - INFO - Processing question: 'have you worked as a software engineer prior to moving into ml?'
2025-05-15 11:49:35,228 - WARNING - No match found for question: 'have you worked as a software engineer prior to moving into ml?' (best score: 0)
2025-05-15 11:49:35,228 - INFO - Processing question: 'which languages and dialects do you speak fluently?'
2025-05-15 11:49:35,229 - WARNING - No match found for question: 'which languages and dialects do you speak fluently?' (best score: 0)
2025-05-15 11:49:35,229 - INFO - Processing question: 'are you open to tier 2 (medium complexity) rlhf projects at listed rate for your location?'
2025-05-15 11:49:35,230 - WARNING - No match found for question: 'are you open to tier 2 (medium complexity) rlhf projects at listed rate for your location?' (best score: 0)
2025-05-15 11:49:35,230 - INFO - Processing question: 'do you have any familial relationships with current virta employees?'
2025-05-15 11:49:35,230 - WARNING - No match found for question: 'do you have any familial relationships with current virta employees?' (best score: 0)
2025-05-15 11:49:35,231 - INFO - Processing question: 'are you 18 or older and legally eligible to work in the country of the job you are applying for?'
2025-05-15 11:49:35,231 - WARNING - No match found for question: 'are you 18 or older and legally eligible to work in the country of the job you are applying for?' (best score: 0)
2025-05-15 11:49:35,232 - INFO - Processing question: 'will you now or in the future require sponsorship for employment?'
2025-05-15 11:49:35,232 - WARNING - No match found for question: 'will you now or in the future require sponsorship for employment?' (best score: 0)
2025-05-15 11:49:35,233 - INFO - Processing question: 'how many years of experience do you have in mle?'
2025-05-15 11:49:35,233 - WARNING - No match found for question: 'how many years of experience do you have in mle?' (best score: 0)
2025-05-15 11:49:35,233 - INFO - Processing question: 'are you legally authorized to work in the country?'
2025-05-15 11:49:35,234 - WARNING - No match found for question: 'are you legally authorized to work in the country?' (best score: 0)
2025-05-15 11:49:35,234 - INFO - Processing question: 'what is your expected salary?'
2025-05-15 11:49:35,235 - WARNING - No match found for question: 'what is your expected salary?' (best score: 0)
2025-05-15 11:49:35,235 - INFO - Processing question: 'are you legally eligible to work in the us?'
2025-05-15 11:49:35,236 - WARNING - No match found for question: 'are you legally eligible to work in the us?' (best score: 0)
2025-05-15 11:49:35,236 - INFO - Processing question: 'are you willing & able to come into our downtown san francisco office on a hybrid basis? (3 days /week)?'
2025-05-15 11:49:35,237 - WARNING - No match found for question: 'are you willing & able to come into our downtown san francisco office on a hybrid basis? (3 days /week)?' (best score: 0)
2025-05-15 11:49:35,237 - INFO - Processing question: 'can you work onsite in palo alto?'
2025-05-15 11:49:35,237 - WARNING - No match found for question: 'can you work onsite in palo alto?' (best score: 0)
2025-05-15 11:49:35,238 - INFO - Processing question: 'our offices are located in san francisco ca and new york city. please indicate which location you are interested in?'
2025-05-15 11:49:35,239 - WARNING - No match found for question: 'our offices are located in san francisco ca and new york city. please indicate which location you are interested in?' (best score: 0)
2025-05-15 11:49:35,239 - INFO - Processing question: 'will you now or will you in the future require employment visa sponsorship to work in the country in which the job you're applying for is located?'
2025-05-15 11:49:35,240 - WARNING - No match found for question: 'will you now or will you in the future require employment visa sponsorship to work in the country in which the job you're applying for is located?' (best score: 0)
2025-05-15 11:49:35,240 - INFO - Processing question: 'do you have authorization to work in the united states?'
2025-05-15 11:49:35,241 - WARNING - No match found for question: 'do you have authorization to work in the united states?' (best score: 0)
2025-05-15 11:49:35,242 - INFO - Processing question: 'will you now or in the future require sponsorship for employment visa status?'
2025-05-15 11:49:35,242 - WARNING - No match found for question: 'will you now or in the future require sponsorship for employment visa status?' (best score: 0)
2025-05-15 11:49:35,243 - INFO - Processing question: 'are you available to work in person at the promise office  location listed in the job description at least three times per week?'
2025-05-15 11:49:35,243 - WARNING - No match found for question: 'are you available to work in person at the promise office  location listed in the job description at least three times per week?' (best score: 0)
2025-05-15 11:49:35,244 - INFO - Processing question: 'are you 18 or older?'
2025-05-15 11:49:35,244 - WARNING - No match found for question: 'are you 18 or older?' (best score: 0)
2025-05-15 11:49:35,244 - INFO - Processing question: 'are you comfortable working with javascript?'
2025-05-15 11:49:35,245 - WARNING - No match found for question: 'are you comfortable working with javascript?' (best score: 0)
2025-05-15 11:49:35,245 - INFO - Processing question: 'would you willing to relocate to/be in office in san francisco?'
2025-05-15 11:49:35,246 - WARNING - No match found for question: 'would you willing to relocate to/be in office in san francisco?' (best score: 0)
2025-05-15 11:49:35,246 - INFO - Processing question: 'what annual salary are you looking for in $usd?'
2025-05-15 11:49:35,247 - WARNING - No match found for question: 'what annual salary are you looking for in $usd?' (best score: 0)
2025-05-15 11:49:35,247 - INFO - Processing question: 'are you looking for full-time or part-time work?'
2025-05-15 11:49:35,248 - WARNING - No match found for question: 'are you looking for full-time or part-time work?' (best score: 0)
2025-05-15 11:49:35,248 - INFO - Processing question: 'how would you best describe your ideal work environment?'
2025-05-15 11:49:35,249 - WARNING - No match found for question: 'how would you best describe your ideal work environment?' (best score: 0)
2025-05-15 11:49:35,249 - INFO - Processing question: 'how do you handle deadlines and pressure?'
2025-05-15 11:49:35,249 - WARNING - No match found for question: 'how do you handle deadlines and pressure?' (best score: 0)
2025-05-15 11:49:35,250 - INFO - Processing question: 'how do you handle situations where you have too many tasks to complete on your own?'
2025-05-15 11:49:35,250 - WARNING - No match found for question: 'how do you handle situations where you have too many tasks to complete on your own?' (best score: 0)
2025-05-15 11:49:35,251 - INFO - Processing question: 'how much are you willing to work when things are urgent?'
2025-05-15 11:49:35,251 - WARNING - No match found for question: 'how much are you willing to work when things are urgent?' (best score: 0)
2025-05-15 11:49:35,252 - INFO - Processing question: 'are you comfortable working with python?'
2025-05-15 11:49:35,252 - WARNING - No match found for question: 'are you comfortable working with python?' (best score: 0)
2025-05-15 11:49:35,252 - INFO - Processing question: 'do you currently have legal authorization to work in the country where the position is based?'
2025-05-15 11:49:35,253 - WARNING - No match found for question: 'do you currently have legal authorization to work in the country where the position is based?' (best score: 0)
2025-05-15 11:49:35,253 - INFO - Processing question: 'are you excited to work in-office five days a week?'
2025-05-15 11:49:35,254 - WARNING - No match found for question: 'are you excited to work in-office five days a week?' (best score: 0)
2025-05-15 11:49:35,254 - INFO - Q&A section filled successfully!
2025-05-15 11:49:35,255 - INFO - Form filled successfully!
2025-05-15 11:49:36,256 - INFO - Starting submission process...
2025-05-15 11:49:36,447 - INFO - All required fields are filled.
2025-05-15 11:49:36,495 - INFO - Found submit button using selector: button._primary_8wvgw_96
2025-05-15 11:49:38,253 - INFO - Clicked submit button normally
2025-05-15 11:49:41,226 - INFO - Page changed after click - assuming submission started
2025-05-15 11:50:01,442 - WARNING - Error during submission verification: Message: 

2025-05-15 11:50:01,453 - INFO - URL suggests we left application page - assuming success
2025-05-15 11:50:01,454 - INFO - Application submitted successfully!
2025-05-15 11:50:01,455 - INFO - Log directory ensured: C:\Users\hr\OneDrive\Desktop\merge\all_job_app\logs
2025-05-15 11:50:01,456 - INFO - Log entry written to logs/ashby_log_2025-05-15.csv
2025-05-15 11:50:01,456 - INFO - Log directory ensured: C:\Users\hr\OneDrive\Desktop\merge\all_job_app\logs
2025-05-15 11:50:01,456 - INFO - Log entry written to logs/ashby_log_2025-05-15.csv
2025-05-15 11:50:01,456 - INFO - Processing job: https://jobs.ashbyhq.com/zip/f2966399-c936-4bd2-911d-42d0b5793618
2025-05-15 11:50:02,617 - INFO - Opened job page: https://jobs.ashbyhq.com/zip/f2966399-c936-4bd2-911d-42d0b5793618
2025-05-15 11:50:05,780 - INFO - Apply button clicked successfully!
2025-05-15 11:50:10,786 - INFO - Attempting to upload resume from: C:\Users\hr\OneDrive\Desktop\merge\all_job_app\resume/resume.pdf
2025-05-15 11:50:11,402 - INFO - Resume file sent to input element
2025-05-15 11:50:26,708 - WARNING - No explicit upload confirmation detected: Message: 

2025-05-15 11:50:26,708 - INFO - Filling out the application form...
2025-05-15 11:50:26,802 - INFO - Filled field name with value Vijay Yadav
2025-05-15 11:50:26,918 - INFO - Filled field email with value vijay.yadav@example.com
2025-05-15 11:50:27,018 - INFO - Filled field phone with value 1234567890
2025-05-15 11:50:27,018 - WARNING - No value provided for mandatory field: address
2025-05-15 11:50:37,476 - WARNING - Error filling field location with selector input[role='combobox']: Message: 
Stacktrace:
	GetHandleVerifier [0x0126FC83+61635]
	GetHandleVerifier [0x0126FCC4+61700]
	(No symbol) [0x010905D3]
	(No symbol) [0x010D899E]
	(No symbol) [0x010D8D3B]
	(No symbol) [0x01120E12]
	(No symbol) [0x010FD2E4]
	(No symbol) [0x0111E61B]
	(No symbol) [0x010FD096]
	(No symbol) [0x010CC840]
	(No symbol) [0x010CD6A4]
	GetHandleVerifier [0x014F45A3+2701795]
	GetHandleVerifier [0x014EFD26+2683238]
	GetHandleVerifier [0x0150AA6E+2793134]
	GetHandleVerifier [0x01286945+155013]
	GetHandleVerifier [0x0128D02D+181357]
	GetHandleVerifier [0x012774D8+92440]
	GetHandleVerifier [0x01277680+92864]
	GetHandleVerifier [0x01262070+5296]
	BaseThreadInitThunk [0x759AFCC9+25]
	RtlGetAppContainerNamedObjectPath [0x771B82AE+286]
	RtlGetAppContainerNamedObjectPath [0x771B827E+238]

2025-05-15 11:50:47,924 - WARNING - Error filling field location with selector input[placeholder*='Start typing']: Message: 
Stacktrace:
	GetHandleVerifier [0x0126FC83+61635]
	GetHandleVerifier [0x0126FCC4+61700]
	(No symbol) [0x010905D3]
	(No symbol) [0x010D899E]
	(No symbol) [0x010D8D3B]
	(No symbol) [0x01120E12]
	(No symbol) [0x010FD2E4]
	(No symbol) [0x0111E61B]
	(No symbol) [0x010FD096]
	(No symbol) [0x010CC840]
	(No symbol) [0x010CD6A4]
	GetHandleVerifier [0x014F45A3+2701795]
	GetHandleVerifier [0x014EFD26+2683238]
	GetHandleVerifier [0x0150AA6E+2793134]
	GetHandleVerifier [0x01286945+155013]
	GetHandleVerifier [0x0128D02D+181357]
	GetHandleVerifier [0x012774D8+92440]
	GetHandleVerifier [0x01277680+92864]
	GetHandleVerifier [0x01262070+5296]
	BaseThreadInitThunk [0x759AFCC9+25]
	RtlGetAppContainerNamedObjectPath [0x771B82AE+286]
	RtlGetAppContainerNamedObjectPath [0x771B827E+238]

2025-05-15 11:50:48,128 - INFO - Filled LinkedIn field
2025-05-15 11:50:48,128 - INFO - Filling out the Q&A section...
2025-05-15 11:50:48,882 - INFO - Form Q&A questions found: []
2025-05-15 11:50:48,882 - WARNING - No Q&A questions found in the form. Skipping Q&A section.
2025-05-15 11:50:48,882 - INFO - Form filled successfully!
2025-05-15 11:50:49,884 - INFO - Starting submission process...
2025-05-15 11:50:50,204 - INFO - Required radio group not answered: Are you willing and able to come into our downtown SF office 3 days per week?
2025-05-15 11:50:50,232 - INFO - Waiting for 1 required fields to be filled: ['Are you willing and able to come into our downtown SF office 3 days per week?']
2025-05-15 11:50:52,503 - INFO - Required radio group not answered: Are you willing and able to come into our downtown SF office 3 days per week?
2025-05-15 11:50:52,531 - INFO - Waiting for 1 required fields to be filled: ['Are you willing and able to come into our downtown SF office 3 days per week?']
2025-05-15 11:50:54,799 - INFO - Required radio group not answered: Are you willing and able to come into our downtown SF office 3 days per week?
2025-05-15 11:50:54,835 - INFO - Waiting for 1 required fields to be filled: ['Are you willing and able to come into our downtown SF office 3 days per week?']
2025-05-15 11:50:57,118 - INFO - Required radio group not answered: Are you willing and able to come into our downtown SF office 3 days per week?
2025-05-15 11:50:57,143 - INFO - Waiting for 1 required fields to be filled: ['Are you willing and able to come into our downtown SF office 3 days per week?']
2025-05-15 11:50:59,381 - INFO - Required radio group not answered: Are you willing and able to come into our downtown SF office 3 days per week?
2025-05-15 11:50:59,418 - INFO - Waiting for 1 required fields to be filled: ['Are you willing and able to come into our downtown SF office 3 days per week?']
2025-05-15 11:51:01,682 - INFO - Required radio group not answered: Are you willing and able to come into our downtown SF office 3 days per week?
2025-05-15 11:51:01,709 - INFO - Waiting for 1 required fields to be filled: ['Are you willing and able to come into our downtown SF office 3 days per week?']
2025-05-15 11:51:03,959 - INFO - Required radio group not answered: Are you willing and able to come into our downtown SF office 3 days per week?
2025-05-15 11:51:03,980 - INFO - Waiting for 1 required fields to be filled: ['Are you willing and able to come into our downtown SF office 3 days per week?']
2025-05-15 11:51:06,247 - INFO - Required radio group not answered: Are you willing and able to come into our downtown SF office 3 days per week?
2025-05-15 11:51:06,277 - INFO - Waiting for 1 required fields to be filled: ['Are you willing and able to come into our downtown SF office 3 days per week?']
2025-05-15 11:51:08,607 - INFO - Required radio group not answered: Are you willing and able to come into our downtown SF office 3 days per week?
2025-05-15 11:51:08,631 - INFO - Waiting for 1 required fields to be filled: ['Are you willing and able to come into our downtown SF office 3 days per week?']
2025-05-15 11:51:10,903 - INFO - Required radio group not answered: Are you willing and able to come into our downtown SF office 3 days per week?
2025-05-15 11:51:10,931 - INFO - Waiting for 1 required fields to be filled: ['Are you willing and able to come into our downtown SF office 3 days per week?']
2025-05-15 11:51:13,211 - INFO - Required radio group not answered: Are you willing and able to come into our downtown SF office 3 days per week?
2025-05-15 11:51:13,247 - INFO - Waiting for 1 required fields to be filled: ['Are you willing and able to come into our downtown SF office 3 days per week?']
2025-05-15 11:51:15,527 - INFO - Required radio group not answered: Are you willing and able to come into our downtown SF office 3 days per week?
2025-05-15 11:51:15,550 - INFO - Waiting for 1 required fields to be filled: ['Are you willing and able to come into our downtown SF office 3 days per week?']
2025-05-15 11:51:17,819 - INFO - Required radio group not answered: Are you willing and able to come into our downtown SF office 3 days per week?
2025-05-15 11:51:17,853 - INFO - Waiting for 1 required fields to be filled: ['Are you willing and able to come into our downtown SF office 3 days per week?']
2025-05-15 11:51:20,141 - INFO - Required radio group not answered: Are you willing and able to come into our downtown SF office 3 days per week?
2025-05-15 11:51:20,173 - INFO - Waiting for 1 required fields to be filled: ['Are you willing and able to come into our downtown SF office 3 days per week?']
2025-05-15 11:51:22,451 - INFO - Required radio group not answered: Are you willing and able to come into our downtown SF office 3 days per week?
2025-05-15 11:51:22,480 - INFO - Waiting for 1 required fields to be filled: ['Are you willing and able to come into our downtown SF office 3 days per week?']
2025-05-15 11:51:24,752 - INFO - Required radio group not answered: Are you willing and able to come into our downtown SF office 3 days per week?
2025-05-15 11:51:24,778 - INFO - Waiting for 1 required fields to be filled: ['Are you willing and able to come into our downtown SF office 3 days per week?']
2025-05-15 11:51:27,068 - INFO - Required radio group not answered: Are you willing and able to come into our downtown SF office 3 days per week?
2025-05-15 11:51:27,095 - INFO - Waiting for 1 required fields to be filled: ['Are you willing and able to come into our downtown SF office 3 days per week?']
2025-05-15 11:51:29,348 - INFO - Required radio group not answered: Are you willing and able to come into our downtown SF office 3 days per week?
2025-05-15 11:51:29,388 - INFO - Waiting for 1 required fields to be filled: ['Are you willing and able to come into our downtown SF office 3 days per week?']
2025-05-15 11:51:31,665 - INFO - Required radio group not answered: Are you willing and able to come into our downtown SF office 3 days per week?
2025-05-15 11:51:31,677 - INFO - Waiting for 1 required fields to be filled: ['Are you willing and able to come into our downtown SF office 3 days per week?']
2025-05-15 11:51:34,027 - INFO - Required radio group not answered: Are you willing and able to come into our downtown SF office 3 days per week?
2025-05-15 11:51:34,057 - INFO - Waiting for 1 required fields to be filled: ['Are you willing and able to come into our downtown SF office 3 days per week?']
2025-05-15 11:51:36,312 - INFO - All required fields are filled.
2025-05-15 11:51:36,354 - INFO - Found submit button using selector: button._primary_8wvgw_96
2025-05-15 11:51:37,509 - INFO - Clicked submit button normally
2025-05-15 11:51:39,817 - INFO - Page changed after click - assuming submission started
2025-05-15 11:51:59,950 - WARNING - Error during submission verification: Message: 

2025-05-15 11:51:59,959 - INFO - URL suggests we left application page - assuming success
2025-05-15 11:51:59,960 - INFO - Application submitted successfully!
2025-05-15 11:51:59,960 - INFO - Log directory ensured: C:\Users\hr\OneDrive\Desktop\merge\all_job_app\logs
2025-05-15 11:51:59,961 - INFO - Log entry written to logs/ashby_log_2025-05-15.csv
2025-05-15 11:51:59,962 - INFO - Log directory ensured: C:\Users\hr\OneDrive\Desktop\merge\all_job_app\logs
2025-05-15 11:51:59,963 - INFO - Log entry written to logs/ashby_log_2025-05-15.csv
2025-05-15 11:51:59,963 - INFO - Processing job: https://jobs.ashbyhq.com/Etched/610c3836-9798-46ea-931a-02bb95b29467
2025-05-15 11:52:00,668 - INFO - Opened job page: https://jobs.ashbyhq.com/Etched/610c3836-9798-46ea-931a-02bb95b29467
2025-05-15 11:52:03,776 - INFO - Apply button clicked successfully!
2025-05-15 11:52:08,787 - INFO - Attempting to upload resume from: C:\Users\hr\OneDrive\Desktop\merge\all_job_app\resume/resume.pdf
2025-05-15 11:52:19,303 - ERROR - Could not find file input element
2025-05-15 11:52:19,303 - INFO - Filling out the application form...
2025-05-15 11:52:29,783 - WARNING - Error filling field name with selector #_systemfield_name: Message: 
Stacktrace:
	GetHandleVerifier [0x0126FC83+61635]
	GetHandleVerifier [0x0126FCC4+61700]
	(No symbol) [0x010905D3]
	(No symbol) [0x010D899E]
	(No symbol) [0x010D8D3B]
	(No symbol) [0x01120E12]
	(No symbol) [0x010FD2E4]
	(No symbol) [0x0111E61B]
	(No symbol) [0x010FD096]
	(No symbol) [0x010CC840]
	(No symbol) [0x010CD6A4]
	GetHandleVerifier [0x014F45A3+2701795]
	GetHandleVerifier [0x014EFD26+2683238]
	GetHandleVerifier [0x0150AA6E+2793134]
	GetHandleVerifier [0x01286945+155013]
	GetHandleVerifier [0x0128D02D+181357]
	GetHandleVerifier [0x012774D8+92440]
	GetHandleVerifier [0x01277680+92864]
	GetHandleVerifier [0x01262070+5296]
	BaseThreadInitThunk [0x759AFCC9+25]
	RtlGetAppContainerNamedObjectPath [0x771B82AE+286]
	RtlGetAppContainerNamedObjectPath [0x771B827E+238]

2025-05-15 11:52:40,312 - WARNING - Error filling field name with selector input[name='name']: Message: 
Stacktrace:
	GetHandleVerifier [0x0126FC83+61635]
	GetHandleVerifier [0x0126FCC4+61700]
	(No symbol) [0x010905D3]
	(No symbol) [0x010D899E]
	(No symbol) [0x010D8D3B]
	(No symbol) [0x01120E12]
	(No symbol) [0x010FD2E4]
	(No symbol) [0x0111E61B]
	(No symbol) [0x010FD096]
	(No symbol) [0x010CC840]
	(No symbol) [0x010CD6A4]
	GetHandleVerifier [0x014F45A3+2701795]
	GetHandleVerifier [0x014EFD26+2683238]
	GetHandleVerifier [0x0150AA6E+2793134]
	GetHandleVerifier [0x01286945+155013]
	GetHandleVerifier [0x0128D02D+181357]
	GetHandleVerifier [0x012774D8+92440]
	GetHandleVerifier [0x01277680+92864]
	GetHandleVerifier [0x01262070+5296]
	BaseThreadInitThunk [0x759AFCC9+25]
	RtlGetAppContainerNamedObjectPath [0x771B82AE+286]
	RtlGetAppContainerNamedObjectPath [0x771B827E+238]

2025-05-15 11:52:48,191 - INFO - Application interrupted - saving state
2025-05-15 11:52:48,191 - INFO - Log directory ensured: C:\Users\hr\OneDrive\Desktop\merge\all_job_app\logs
2025-05-15 11:52:48,191 - INFO - Log entry written to logs/ashby_log_2025-05-15.csv
2025-05-15 11:59:51,157 - INFO - Selected profile: vijay.yaml
2025-05-15 11:59:51,176 - INFO - Detected Chrome version: 136.0.7103.93
2025-05-15 11:59:51,177 - INFO - ====== WebDriver manager ======
2025-05-15 11:59:52,118 - INFO - Get LATEST chromedriver version for google-chrome
2025-05-15 11:59:52,163 - INFO - Get LATEST chromedriver version for google-chrome
2025-05-15 11:59:52,211 - INFO - Driver [C:\Users\hr\.wdm\drivers\chromedriver\win64\136.0.7103.94\chromedriver-win32/chromedriver.exe] found in cache
2025-05-15 11:59:53,107 - INFO - patching driver executable C:\Users\hr\appdata\roaming\undetected_chromedriver\undetected_chromedriver.exe
2025-05-15 11:59:53,955 - INFO - Processing job: https://jobs.ashbyhq.com/airwallex/f5c945c9-dc25-4b35-a6bd-ae2fef539727
2025-05-15 11:59:55,815 - INFO - Opened job page: https://jobs.ashbyhq.com/airwallex/f5c945c9-dc25-4b35-a6bd-ae2fef539727
2025-05-15 11:59:59,060 - INFO - Apply button clicked successfully!
2025-05-15 12:00:04,063 - INFO - Attempting to upload resume from: C:\Users\hr\OneDrive\Desktop\merge\all_job_app\resume/resume.pdf
2025-05-15 12:00:04,635 - INFO - Resume file sent to input element
2025-05-15 12:00:19,658 - WARNING - No explicit upload confirmation detected: Message: 

2025-05-15 12:00:19,659 - INFO - Filling out the application form...
2025-05-15 12:00:19,760 - INFO - Filled field name with value Vijay Yadav
2025-05-15 12:00:19,867 - INFO - Filled field email with value vijay.yadav@example.com
2025-05-15 12:00:19,958 - INFO - Filled field phone with value 1234567890
2025-05-15 12:00:19,958 - WARNING - No value provided for mandatory field: address
2025-05-15 12:00:30,008 - WARNING - Error filling field location with selector input[role='combobox']: Message: 
Stacktrace:
	GetHandleVerifier [0x004FFC83+61635]
	GetHandleVerifier [0x004FFCC4+61700]
	(No symbol) [0x003205D3]
	(No symbol) [0x0036899E]
	(No symbol) [0x00368D3B]
	(No symbol) [0x003B0E12]
	(No symbol) [0x0038D2E4]
	(No symbol) [0x003AE61B]
	(No symbol) [0x0038D096]
	(No symbol) [0x0035C840]
	(No symbol) [0x0035D6A4]
	GetHandleVerifier [0x007845A3+2701795]
	GetHandleVerifier [0x0077FD26+2683238]
	GetHandleVerifier [0x0079AA6E+2793134]
	GetHandleVerifier [0x00516945+155013]
	GetHandleVerifier [0x0051D02D+181357]
	GetHandleVerifier [0x005074D8+92440]
	GetHandleVerifier [0x00507680+92864]
	GetHandleVerifier [0x004F2070+5296]
	BaseThreadInitThunk [0x759AFCC9+25]
	RtlGetAppContainerNamedObjectPath [0x771B82AE+286]
	RtlGetAppContainerNamedObjectPath [0x771B827E+238]

2025-05-15 12:00:33,827 - INFO - Application interrupted - saving state
2025-05-15 12:00:33,835 - INFO - Log directory ensured: C:\Users\hr\OneDrive\Desktop\merge\all_job_app\logs
2025-05-15 12:00:33,835 - INFO - Log entry written to logs/ashby_log_2025-05-15.csv
2025-05-15 12:00:46,813 - INFO - Selected profile: vijay.yaml
2025-05-15 12:00:46,832 - INFO - Detected Chrome version: 136.0.7103.93
2025-05-15 12:00:46,832 - INFO - ====== WebDriver manager ======
2025-05-15 12:00:47,748 - INFO - Get LATEST chromedriver version for google-chrome
2025-05-15 12:00:47,782 - INFO - Get LATEST chromedriver version for google-chrome
2025-05-15 12:00:47,804 - INFO - Driver [C:\Users\hr\.wdm\drivers\chromedriver\win64\136.0.7103.94\chromedriver-win32/chromedriver.exe] found in cache
2025-05-15 12:00:48,699 - INFO - patching driver executable C:\Users\hr\appdata\roaming\undetected_chromedriver\undetected_chromedriver.exe
2025-05-15 12:00:49,565 - INFO - Processing job: https://jobs.ashbyhq.com/airwallex/f5c945c9-dc25-4b35-a6bd-ae2fef539727
2025-05-15 12:00:50,986 - INFO - Opened job page: https://jobs.ashbyhq.com/airwallex/f5c945c9-dc25-4b35-a6bd-ae2fef539727
2025-05-15 12:00:54,262 - INFO - Apply button clicked successfully!
2025-05-15 12:00:59,273 - INFO - Attempting to upload resume from: C:\Users\hr\OneDrive\Desktop\merge\all_job_app\resume/resume.pdf
2025-05-15 12:00:59,899 - INFO - Resume file sent to input element
2025-05-15 12:01:15,198 - WARNING - No explicit upload confirmation detected: Message: 

2025-05-15 12:01:15,199 - INFO - Filling out the application form...
2025-05-15 12:01:15,313 - INFO - Filled field name with value Vijay Yadav
2025-05-15 12:01:15,427 - INFO - Filled field email with value vijay.yadav@example.com
2025-05-15 12:01:15,522 - INFO - Filled field phone with value 1234567890
2025-05-15 12:01:15,522 - WARNING - No value provided for mandatory field: address
2025-05-15 12:01:26,039 - WARNING - Error filling field location with selector input[role='combobox']: Message: 
Stacktrace:
	GetHandleVerifier [0x0106FC83+61635]
	GetHandleVerifier [0x0106FCC4+61700]
	(No symbol) [0x00E905D3]
	(No symbol) [0x00ED899E]
	(No symbol) [0x00ED8D3B]
	(No symbol) [0x00F20E12]
	(No symbol) [0x00EFD2E4]
	(No symbol) [0x00F1E61B]
	(No symbol) [0x00EFD096]
	(No symbol) [0x00ECC840]
	(No symbol) [0x00ECD6A4]
	GetHandleVerifier [0x012F45A3+2701795]
	GetHandleVerifier [0x012EFD26+2683238]
	GetHandleVerifier [0x0130AA6E+2793134]
	GetHandleVerifier [0x01086945+155013]
	GetHandleVerifier [0x0108D02D+181357]
	GetHandleVerifier [0x010774D8+92440]
	GetHandleVerifier [0x01077680+92864]
	GetHandleVerifier [0x01062070+5296]
	BaseThreadInitThunk [0x759AFCC9+25]
	RtlGetAppContainerNamedObjectPath [0x771B82AE+286]
	RtlGetAppContainerNamedObjectPath [0x771B827E+238]

2025-05-15 12:01:36,060 - WARNING - Error filling field location with selector input[placeholder*='Start typing']: Message: 
Stacktrace:
	GetHandleVerifier [0x0106FC83+61635]
	GetHandleVerifier [0x0106FCC4+61700]
	(No symbol) [0x00E905D3]
	(No symbol) [0x00ED899E]
	(No symbol) [0x00ED8D3B]
	(No symbol) [0x00F20E12]
	(No symbol) [0x00EFD2E4]
	(No symbol) [0x00F1E61B]
	(No symbol) [0x00EFD096]
	(No symbol) [0x00ECC840]
	(No symbol) [0x00ECD6A4]
	GetHandleVerifier [0x012F45A3+2701795]
	GetHandleVerifier [0x012EFD26+2683238]
	GetHandleVerifier [0x0130AA6E+2793134]
	GetHandleVerifier [0x01086945+155013]
	GetHandleVerifier [0x0108D02D+181357]
	GetHandleVerifier [0x010774D8+92440]
	GetHandleVerifier [0x01077680+92864]
	GetHandleVerifier [0x01062070+5296]
	BaseThreadInitThunk [0x759AFCC9+25]
	RtlGetAppContainerNamedObjectPath [0x771B82AE+286]
	RtlGetAppContainerNamedObjectPath [0x771B827E+238]

2025-05-15 12:01:36,204 - INFO - Filled LinkedIn field
2025-05-15 12:01:36,204 - INFO - Filling out the Q&A section...
2025-05-15 12:01:37,420 - INFO - Form Q&A questions found: ['Current company', 'Additional information', 'Twitter', 'GitHub', 'Portfolio', 'Other']
2025-05-15 12:01:37,421 - INFO - Processing question: 'where did you hear about biorender?'
2025-05-15 12:01:37,421 - WARNING - No match found for question: 'where did you hear about biorender?' (best score: 0)
2025-05-15 12:01:37,422 - INFO - Processing question: 'do you have programming experience or are you in a cs degree?'
2025-05-15 12:01:37,422 - WARNING - No match found for question: 'do you have programming experience or are you in a cs degree?' (best score: 0)
2025-05-15 12:01:37,423 - INFO - Processing question: 'are you legally authorized to work in the u.s. without restriction for any employer?'
2025-05-15 12:01:37,423 - WARNING - No match found for question: 'are you legally authorized to work in the u.s. without restriction for any employer?' (best score: 0)
2025-05-15 12:01:37,423 - INFO - Processing question: 'are you legally authorized to work in canada or the united states?'
2025-05-15 12:01:37,424 - WARNING - No match found for question: 'are you legally authorized to work in canada or the united states?' (best score: 0)
2025-05-15 12:01:37,425 - INFO - Processing question: 'how many years of experience do you have as a machine learning engineer?'
2025-05-15 12:01:37,427 - WARNING - No match found for question: 'how many years of experience do you have as a machine learning engineer?' (best score: 0)
2025-05-15 12:01:37,427 - INFO - Processing question: 'are you legally authorized to work in the united states?'
2025-05-15 12:01:37,429 - WARNING - No match found for question: 'are you legally authorized to work in the united states?' (best score: 0)
2025-05-15 12:01:37,429 - INFO - Processing question: 'what are your salary expectations?'
2025-05-15 12:01:37,430 - WARNING - No match found for question: 'what are your salary expectations?' (best score: 0)
2025-05-15 12:01:37,430 - INFO - Processing question: 'have you previously worked for hims & hers as an employee or contractor/consultant?'
2025-05-15 12:01:37,431 - WARNING - No match found for question: 'have you previously worked for hims & hers as an employee or contractor/consultant?' (best score: 0)
2025-05-15 12:01:37,432 - INFO - Processing question: 'are you legally authorized to work in canada?'
2025-05-15 12:01:37,432 - WARNING - No match found for question: 'are you legally authorized to work in canada?' (best score: 0)
2025-05-15 12:01:37,433 - INFO - Processing question: 'how did you hear about us?'
2025-05-15 12:01:37,433 - WARNING - No match found for question: 'how did you hear about us?' (best score: 0)
2025-05-15 12:01:37,434 - INFO - Processing question: 'are you a veteran/have you served in the military?'
2025-05-15 12:01:37,434 - WARNING - No match found for question: 'are you a veteran/have you served in the military?' (best score: 0)
2025-05-15 12:01:37,435 - INFO - Processing question: 'do you identify as having a disability?.no'
2025-05-15 12:01:37,435 - WARNING - No match found for question: 'do you identify as having a disability?.no' (best score: 0)
2025-05-15 12:01:37,436 - INFO - Processing question: 'will you now or in the future require immigration sponsorship by hims & hers in order to work for hims & hers in the u.s.?'
2025-05-15 12:01:37,436 - WARNING - No match found for question: 'will you now or in the future require immigration sponsorship by hims & hers in order to work for hims & hers in the u.s.?' (best score: 0)
2025-05-15 12:01:37,437 - INFO - Processing question: 'have you worked as a software engineer prior to moving into ml?'
2025-05-15 12:01:37,438 - WARNING - No match found for question: 'have you worked as a software engineer prior to moving into ml?' (best score: 0)
2025-05-15 12:01:37,438 - INFO - Processing question: 'which languages and dialects do you speak fluently?'
2025-05-15 12:01:37,439 - WARNING - No match found for question: 'which languages and dialects do you speak fluently?' (best score: 0)
2025-05-15 12:01:37,439 - INFO - Processing question: 'are you open to tier 2 (medium complexity) rlhf projects at listed rate for your location?'
2025-05-15 12:01:37,440 - WARNING - No match found for question: 'are you open to tier 2 (medium complexity) rlhf projects at listed rate for your location?' (best score: 0)
2025-05-15 12:01:37,440 - INFO - Processing question: 'do you have any familial relationships with current virta employees?'
2025-05-15 12:01:37,441 - WARNING - No match found for question: 'do you have any familial relationships with current virta employees?' (best score: 0)
2025-05-15 12:01:37,441 - INFO - Processing question: 'are you 18 or older and legally eligible to work in the country of the job you are applying for?'
2025-05-15 12:01:37,442 - WARNING - No match found for question: 'are you 18 or older and legally eligible to work in the country of the job you are applying for?' (best score: 0)
2025-05-15 12:01:37,443 - INFO - Processing question: 'will you now or in the future require sponsorship for employment?'
2025-05-15 12:01:37,444 - WARNING - No match found for question: 'will you now or in the future require sponsorship for employment?' (best score: 0)
2025-05-15 12:01:37,444 - INFO - Processing question: 'how many years of experience do you have in mle?'
2025-05-15 12:01:37,445 - WARNING - No match found for question: 'how many years of experience do you have in mle?' (best score: 0)
2025-05-15 12:01:37,445 - INFO - Processing question: 'are you legally authorized to work in the country?'
2025-05-15 12:01:37,446 - WARNING - No match found for question: 'are you legally authorized to work in the country?' (best score: 0)
2025-05-15 12:01:37,446 - INFO - Processing question: 'what is your expected salary?'
2025-05-15 12:01:37,447 - WARNING - No match found for question: 'what is your expected salary?' (best score: 0)
2025-05-15 12:01:37,447 - INFO - Processing question: 'are you legally eligible to work in the us?'
2025-05-15 12:01:37,448 - WARNING - No match found for question: 'are you legally eligible to work in the us?' (best score: 0)
2025-05-15 12:01:37,448 - INFO - Processing question: 'are you willing & able to come into our downtown san francisco office on a hybrid basis? (3 days /week)?'
2025-05-15 12:01:37,449 - WARNING - No match found for question: 'are you willing & able to come into our downtown san francisco office on a hybrid basis? (3 days /week)?' (best score: 0)
2025-05-15 12:01:37,450 - INFO - Processing question: 'can you work onsite in palo alto?'
2025-05-15 12:01:37,450 - WARNING - No match found for question: 'can you work onsite in palo alto?' (best score: 0)
2025-05-15 12:01:37,451 - INFO - Processing question: 'our offices are located in san francisco ca and new york city. please indicate which location you are interested in?'
2025-05-15 12:01:37,451 - WARNING - No match found for question: 'our offices are located in san francisco ca and new york city. please indicate which location you are interested in?' (best score: 0)
2025-05-15 12:01:37,452 - INFO - Processing question: 'will you now or will you in the future require employment visa sponsorship to work in the country in which the job you're applying for is located?'
2025-05-15 12:01:37,452 - WARNING - No match found for question: 'will you now or will you in the future require employment visa sponsorship to work in the country in which the job you're applying for is located?' (best score: 0)
2025-05-15 12:01:37,453 - INFO - Processing question: 'do you have authorization to work in the united states?'
2025-05-15 12:01:37,453 - WARNING - No match found for question: 'do you have authorization to work in the united states?' (best score: 0)
2025-05-15 12:01:37,453 - INFO - Processing question: 'will you now or in the future require sponsorship for employment visa status?'
2025-05-15 12:01:37,454 - WARNING - No match found for question: 'will you now or in the future require sponsorship for employment visa status?' (best score: 0)
2025-05-15 12:01:37,454 - INFO - Processing question: 'are you available to work in person at the promise office  location listed in the job description at least three times per week?'
2025-05-15 12:01:37,455 - WARNING - No match found for question: 'are you available to work in person at the promise office  location listed in the job description at least three times per week?' (best score: 0)
2025-05-15 12:01:37,455 - INFO - Processing question: 'are you 18 or older?'
2025-05-15 12:01:37,456 - WARNING - No match found for question: 'are you 18 or older?' (best score: 0)
2025-05-15 12:01:37,456 - INFO - Processing question: 'are you comfortable working with javascript?'
2025-05-15 12:01:37,457 - WARNING - No match found for question: 'are you comfortable working with javascript?' (best score: 0)
2025-05-15 12:01:37,458 - INFO - Processing question: 'would you willing to relocate to/be in office in san francisco?'
2025-05-15 12:01:37,459 - WARNING - No match found for question: 'would you willing to relocate to/be in office in san francisco?' (best score: 0)
2025-05-15 12:01:37,459 - INFO - Processing question: 'what annual salary are you looking for in $usd?'
2025-05-15 12:01:37,460 - WARNING - No match found for question: 'what annual salary are you looking for in $usd?' (best score: 0)
2025-05-15 12:01:37,461 - INFO - Processing question: 'are you looking for full-time or part-time work?'
2025-05-15 12:01:37,462 - WARNING - No match found for question: 'are you looking for full-time or part-time work?' (best score: 0)
2025-05-15 12:01:37,462 - INFO - Processing question: 'how would you best describe your ideal work environment?'
2025-05-15 12:01:37,463 - WARNING - No match found for question: 'how would you best describe your ideal work environment?' (best score: 0)
2025-05-15 12:01:37,463 - INFO - Processing question: 'how do you handle deadlines and pressure?'
2025-05-15 12:01:37,463 - WARNING - No match found for question: 'how do you handle deadlines and pressure?' (best score: 0)
2025-05-15 12:01:37,464 - INFO - Processing question: 'how do you handle situations where you have too many tasks to complete on your own?'
2025-05-15 12:01:37,464 - WARNING - No match found for question: 'how do you handle situations where you have too many tasks to complete on your own?' (best score: 0)
2025-05-15 12:01:37,465 - INFO - Processing question: 'how much are you willing to work when things are urgent?'
2025-05-15 12:01:37,465 - WARNING - No match found for question: 'how much are you willing to work when things are urgent?' (best score: 0)
2025-05-15 12:01:37,466 - INFO - Processing question: 'are you comfortable working with python?'
2025-05-15 12:01:37,466 - WARNING - No match found for question: 'are you comfortable working with python?' (best score: 0)
2025-05-15 12:01:37,467 - INFO - Processing question: 'do you currently have legal authorization to work in the country where the position is based?'
2025-05-15 12:01:37,467 - WARNING - No match found for question: 'do you currently have legal authorization to work in the country where the position is based?' (best score: 0)
2025-05-15 12:01:37,468 - INFO - Processing question: 'are you excited to work in-office five days a week?'
2025-05-15 12:01:37,468 - WARNING - No match found for question: 'are you excited to work in-office five days a week?' (best score: 0)
2025-05-15 12:01:37,469 - INFO - Q&A section filled successfully!
2025-05-15 12:01:37,469 - INFO - Form filled successfully!
2025-05-15 12:01:38,473 - INFO - Starting submission process...
2025-05-15 12:01:38,683 - INFO - All required fields are filled.
2025-05-15 12:01:38,721 - INFO - Found submit button using selector: button._primary_8wvgw_96
2025-05-15 12:01:40,284 - INFO - Clicked submit button normally
2025-05-15 12:01:42,821 - INFO - Page changed after click - assuming submission started
2025-05-15 12:02:02,909 - WARNING - Error during submission verification: Message: 

2025-05-15 12:02:02,928 - INFO - URL suggests we left application page - assuming success
2025-05-15 12:02:02,929 - INFO - Application submitted successfully!
2025-05-15 12:02:02,930 - INFO - Log directory ensured: C:\Users\hr\OneDrive\Desktop\merge\all_job_app\logs
2025-05-15 12:02:02,932 - INFO - Log entry written to logs/ashby_log_2025-05-15.csv
2025-05-15 12:02:02,933 - INFO - Log directory ensured: C:\Users\hr\OneDrive\Desktop\merge\all_job_app\logs
2025-05-15 12:02:02,934 - INFO - Log entry written to logs/ashby_log_2025-05-15.csv
2025-05-15 12:02:02,934 - INFO - Processing job: https://jobs.ashbyhq.com/zip/f2966399-c936-4bd2-911d-42d0b5793618
2025-05-15 12:02:03,511 - INFO - Opened job page: https://jobs.ashbyhq.com/zip/f2966399-c936-4bd2-911d-42d0b5793618
2025-05-15 12:02:06,661 - INFO - Apply button clicked successfully!
2025-05-15 12:02:11,668 - INFO - Attempting to upload resume from: C:\Users\hr\OneDrive\Desktop\merge\all_job_app\resume/resume.pdf
2025-05-15 12:02:22,211 - ERROR - Could not find file input element
2025-05-15 12:02:22,211 - INFO - Filling out the application form...
2025-05-15 12:02:32,308 - WARNING - Error filling field name with selector #_systemfield_name: Message: 
Stacktrace:
	GetHandleVerifier [0x0106FC83+61635]
	GetHandleVerifier [0x0106FCC4+61700]
	(No symbol) [0x00E905D3]
	(No symbol) [0x00ED899E]
	(No symbol) [0x00ED8D3B]
	(No symbol) [0x00F20E12]
	(No symbol) [0x00EFD2E4]
	(No symbol) [0x00F1E61B]
	(No symbol) [0x00EFD096]
	(No symbol) [0x00ECC840]
	(No symbol) [0x00ECD6A4]
	GetHandleVerifier [0x012F45A3+2701795]
	GetHandleVerifier [0x012EFD26+2683238]
	GetHandleVerifier [0x0130AA6E+2793134]
	GetHandleVerifier [0x01086945+155013]
	GetHandleVerifier [0x0108D02D+181357]
	GetHandleVerifier [0x010774D8+92440]
	GetHandleVerifier [0x01077680+92864]
	GetHandleVerifier [0x01062070+5296]
	BaseThreadInitThunk [0x759AFCC9+25]
	RtlGetAppContainerNamedObjectPath [0x771B82AE+286]
	RtlGetAppContainerNamedObjectPath [0x771B827E+238]

2025-05-15 12:02:38,273 - INFO - Application interrupted - saving state
2025-05-15 12:02:38,273 - INFO - Log directory ensured: C:\Users\hr\OneDrive\Desktop\merge\all_job_app\logs
2025-05-15 12:02:38,282 - INFO - Log entry written to logs/ashby_log_2025-05-15.csv
2025-05-15 12:07:34,942 - INFO - Selected profile: vijay.yaml
2025-05-15 12:07:34,962 - INFO - Detected Chrome version: 136.0.7103.93
2025-05-15 12:07:34,962 - INFO - ====== WebDriver manager ======
2025-05-15 12:07:35,888 - INFO - Get LATEST chromedriver version for google-chrome
2025-05-15 12:07:35,928 - INFO - Get LATEST chromedriver version for google-chrome
2025-05-15 12:07:35,958 - INFO - Driver [C:\Users\hr\.wdm\drivers\chromedriver\win64\136.0.7103.94\chromedriver-win32/chromedriver.exe] found in cache
2025-05-15 12:07:37,359 - INFO - patching driver executable C:\Users\hr\appdata\roaming\undetected_chromedriver\undetected_chromedriver.exe
2025-05-15 12:07:38,225 - INFO - Processing job: https://jobs.ashbyhq.com/airwallex/f5c945c9-dc25-4b35-a6bd-ae2fef539727
2025-05-15 12:07:40,773 - INFO - Opened job page: https://jobs.ashbyhq.com/airwallex/f5c945c9-dc25-4b35-a6bd-ae2fef539727
2025-05-15 12:07:44,050 - INFO - Apply button clicked successfully!
2025-05-15 12:07:49,060 - INFO - Attempting to upload resume from: C:\Users\hr\OneDrive\Desktop\merge\all_job_app\resume/resume.pdf
2025-05-15 12:07:49,641 - INFO - Resume file sent to input element
2025-05-15 12:08:05,098 - WARNING - No explicit upload confirmation detected: Message: 

2025-05-15 12:08:05,098 - INFO - Filling out the application form...
2025-05-15 12:08:05,207 - INFO - Filled field name with value Vijay Yadav
2025-05-15 12:08:05,319 - INFO - Filled field email with value vijay.yadav@example.com
2025-05-15 12:08:05,426 - INFO - Filled field phone with value 1234567890
2025-05-15 12:08:05,426 - WARNING - No value provided for mandatory field: address
2025-05-15 12:08:15,433 - WARNING - Error filling field location with selector input[role='combobox']: Message: 
Stacktrace:
	GetHandleVerifier [0x00CFFC83+61635]
	GetHandleVerifier [0x00CFFCC4+61700]
	(No symbol) [0x00B205D3]
	(No symbol) [0x00B6899E]
	(No symbol) [0x00B68D3B]
	(No symbol) [0x00BB0E12]
	(No symbol) [0x00B8D2E4]
	(No symbol) [0x00BAE61B]
	(No symbol) [0x00B8D096]
	(No symbol) [0x00B5C840]
	(No symbol) [0x00B5D6A4]
	GetHandleVerifier [0x00F845A3+2701795]
	GetHandleVerifier [0x00F7FD26+2683238]
	GetHandleVerifier [0x00F9AA6E+2793134]
	GetHandleVerifier [0x00D16945+155013]
	GetHandleVerifier [0x00D1D02D+181357]
	GetHandleVerifier [0x00D074D8+92440]
	GetHandleVerifier [0x00D07680+92864]
	GetHandleVerifier [0x00CF2070+5296]
	BaseThreadInitThunk [0x759AFCC9+25]
	RtlGetAppContainerNamedObjectPath [0x771B82AE+286]
	RtlGetAppContainerNamedObjectPath [0x771B827E+238]

2025-05-15 12:08:25,486 - WARNING - Error filling field location with selector input[placeholder*='Start typing']: Message: 
Stacktrace:
	GetHandleVerifier [0x00CFFC83+61635]
	GetHandleVerifier [0x00CFFCC4+61700]
	(No symbol) [0x00B205D3]
	(No symbol) [0x00B6899E]
	(No symbol) [0x00B68D3B]
	(No symbol) [0x00BB0E12]
	(No symbol) [0x00B8D2E4]
	(No symbol) [0x00BAE61B]
	(No symbol) [0x00B8D096]
	(No symbol) [0x00B5C840]
	(No symbol) [0x00B5D6A4]
	GetHandleVerifier [0x00F845A3+2701795]
	GetHandleVerifier [0x00F7FD26+2683238]
	GetHandleVerifier [0x00F9AA6E+2793134]
	GetHandleVerifier [0x00D16945+155013]
	GetHandleVerifier [0x00D1D02D+181357]
	GetHandleVerifier [0x00D074D8+92440]
	GetHandleVerifier [0x00D07680+92864]
	GetHandleVerifier [0x00CF2070+5296]
	BaseThreadInitThunk [0x759AFCC9+25]
	RtlGetAppContainerNamedObjectPath [0x771B82AE+286]
	RtlGetAppContainerNamedObjectPath [0x771B827E+238]

2025-05-15 12:08:25,636 - INFO - Filled LinkedIn field
2025-05-15 12:08:25,636 - INFO - Filling out the Q&A section...
2025-05-15 12:08:26,915 - INFO - Form Q&A questions found: ['Current company', 'Additional information', 'Twitter', 'GitHub', 'Portfolio', 'Other']
2025-05-15 12:08:26,916 - INFO - Processing question: 'where did you hear about biorender?'
2025-05-15 12:08:26,916 - WARNING - No match found for question: 'where did you hear about biorender?' (best score: 0)
2025-05-15 12:08:26,917 - INFO - Processing question: 'do you have programming experience or are you in a cs degree?'
2025-05-15 12:08:26,917 - WARNING - No match found for question: 'do you have programming experience or are you in a cs degree?' (best score: 0)
2025-05-15 12:08:26,918 - INFO - Processing question: 'are you legally authorized to work in the u.s. without restriction for any employer?'
2025-05-15 12:08:26,918 - WARNING - No match found for question: 'are you legally authorized to work in the u.s. without restriction for any employer?' (best score: 0)
2025-05-15 12:08:26,919 - INFO - Processing question: 'are you legally authorized to work in canada or the united states?'
2025-05-15 12:08:26,919 - WARNING - No match found for question: 'are you legally authorized to work in canada or the united states?' (best score: 0)
2025-05-15 12:08:26,919 - INFO - Processing question: 'how many years of experience do you have as a machine learning engineer?'
2025-05-15 12:08:26,920 - WARNING - No match found for question: 'how many years of experience do you have as a machine learning engineer?' (best score: 0)
2025-05-15 12:08:26,920 - INFO - Processing question: 'are you legally authorized to work in the united states?'
2025-05-15 12:08:26,921 - WARNING - No match found for question: 'are you legally authorized to work in the united states?' (best score: 0)
2025-05-15 12:08:26,921 - INFO - Processing question: 'what are your salary expectations?'
2025-05-15 12:08:26,922 - WARNING - No match found for question: 'what are your salary expectations?' (best score: 0)
2025-05-15 12:08:26,922 - INFO - Processing question: 'have you previously worked for hims & hers as an employee or contractor/consultant?'
2025-05-15 12:08:26,923 - WARNING - No match found for question: 'have you previously worked for hims & hers as an employee or contractor/consultant?' (best score: 0)
2025-05-15 12:08:26,923 - INFO - Processing question: 'are you legally authorized to work in canada?'
2025-05-15 12:08:26,923 - WARNING - No match found for question: 'are you legally authorized to work in canada?' (best score: 0)
2025-05-15 12:08:26,924 - INFO - Processing question: 'how did you hear about us?'
2025-05-15 12:08:26,924 - WARNING - No match found for question: 'how did you hear about us?' (best score: 0)
2025-05-15 12:08:26,924 - INFO - Processing question: 'are you a veteran/have you served in the military?'
2025-05-15 12:08:26,925 - WARNING - No match found for question: 'are you a veteran/have you served in the military?' (best score: 0)
2025-05-15 12:08:26,925 - INFO - Processing question: 'do you identify as having a disability?.no'
2025-05-15 12:08:26,926 - WARNING - No match found for question: 'do you identify as having a disability?.no' (best score: 0)
2025-05-15 12:08:26,926 - INFO - Processing question: 'will you now or in the future require immigration sponsorship by hims & hers in order to work for hims & hers in the u.s.?'
2025-05-15 12:08:26,927 - WARNING - No match found for question: 'will you now or in the future require immigration sponsorship by hims & hers in order to work for hims & hers in the u.s.?' (best score: 0)
2025-05-15 12:08:26,927 - INFO - Processing question: 'have you worked as a software engineer prior to moving into ml?'
2025-05-15 12:08:26,928 - WARNING - No match found for question: 'have you worked as a software engineer prior to moving into ml?' (best score: 0)
2025-05-15 12:08:26,928 - INFO - Processing question: 'which languages and dialects do you speak fluently?'
2025-05-15 12:08:26,928 - WARNING - No match found for question: 'which languages and dialects do you speak fluently?' (best score: 0)
2025-05-15 12:08:26,929 - INFO - Processing question: 'are you open to tier 2 (medium complexity) rlhf projects at listed rate for your location?'
2025-05-15 12:08:26,930 - WARNING - No match found for question: 'are you open to tier 2 (medium complexity) rlhf projects at listed rate for your location?' (best score: 0)
2025-05-15 12:08:26,930 - INFO - Processing question: 'do you have any familial relationships with current virta employees?'
2025-05-15 12:08:26,931 - WARNING - No match found for question: 'do you have any familial relationships with current virta employees?' (best score: 0)
2025-05-15 12:08:26,931 - INFO - Processing question: 'are you 18 or older and legally eligible to work in the country of the job you are applying for?'
2025-05-15 12:08:26,932 - WARNING - No match found for question: 'are you 18 or older and legally eligible to work in the country of the job you are applying for?' (best score: 0)
2025-05-15 12:08:26,932 - INFO - Processing question: 'will you now or in the future require sponsorship for employment?'
2025-05-15 12:08:26,932 - WARNING - No match found for question: 'will you now or in the future require sponsorship for employment?' (best score: 0)
2025-05-15 12:08:26,933 - INFO - Processing question: 'how many years of experience do you have in mle?'
2025-05-15 12:08:26,933 - WARNING - No match found for question: 'how many years of experience do you have in mle?' (best score: 0)
2025-05-15 12:08:26,933 - INFO - Processing question: 'are you legally authorized to work in the country?'
2025-05-15 12:08:26,934 - WARNING - No match found for question: 'are you legally authorized to work in the country?' (best score: 0)
2025-05-15 12:08:26,934 - INFO - Processing question: 'what is your expected salary?'
2025-05-15 12:08:26,935 - WARNING - No match found for question: 'what is your expected salary?' (best score: 0)
2025-05-15 12:08:26,935 - INFO - Processing question: 'are you legally eligible to work in the us?'
2025-05-15 12:08:26,936 - WARNING - No match found for question: 'are you legally eligible to work in the us?' (best score: 0)
2025-05-15 12:08:26,936 - INFO - Processing question: 'are you willing & able to come into our downtown san francisco office on a hybrid basis? (3 days /week)?'
2025-05-15 12:08:26,937 - WARNING - No match found for question: 'are you willing & able to come into our downtown san francisco office on a hybrid basis? (3 days /week)?' (best score: 0)
2025-05-15 12:08:26,937 - INFO - Processing question: 'can you work onsite in palo alto?'
2025-05-15 12:08:26,937 - WARNING - No match found for question: 'can you work onsite in palo alto?' (best score: 0)
2025-05-15 12:08:26,938 - INFO - Processing question: 'our offices are located in san francisco ca and new york city. please indicate which location you are interested in?'
2025-05-15 12:08:26,938 - WARNING - No match found for question: 'our offices are located in san francisco ca and new york city. please indicate which location you are interested in?' (best score: 0)
2025-05-15 12:08:26,939 - INFO - Processing question: 'will you now or will you in the future require employment visa sponsorship to work in the country in which the job you're applying for is located?'
2025-05-15 12:08:26,939 - WARNING - No match found for question: 'will you now or will you in the future require employment visa sponsorship to work in the country in which the job you're applying for is located?' (best score: 0)
2025-05-15 12:08:26,940 - INFO - Processing question: 'do you have authorization to work in the united states?'
2025-05-15 12:08:26,940 - WARNING - No match found for question: 'do you have authorization to work in the united states?' (best score: 0)
2025-05-15 12:08:26,940 - INFO - Processing question: 'will you now or in the future require sponsorship for employment visa status?'
2025-05-15 12:08:26,941 - WARNING - No match found for question: 'will you now or in the future require sponsorship for employment visa status?' (best score: 0)
2025-05-15 12:08:26,941 - INFO - Processing question: 'are you available to work in person at the promise office  location listed in the job description at least three times per week?'
2025-05-15 12:08:26,942 - WARNING - No match found for question: 'are you available to work in person at the promise office  location listed in the job description at least three times per week?' (best score: 0)
2025-05-15 12:08:26,942 - INFO - Processing question: 'are you 18 or older?'
2025-05-15 12:08:26,943 - WARNING - No match found for question: 'are you 18 or older?' (best score: 0)
2025-05-15 12:08:26,943 - INFO - Processing question: 'are you comfortable working with javascript?'
2025-05-15 12:08:26,943 - WARNING - No match found for question: 'are you comfortable working with javascript?' (best score: 0)
2025-05-15 12:08:26,944 - INFO - Processing question: 'would you willing to relocate to/be in office in san francisco?'
2025-05-15 12:08:26,945 - WARNING - No match found for question: 'would you willing to relocate to/be in office in san francisco?' (best score: 0)
2025-05-15 12:08:26,945 - INFO - Processing question: 'what annual salary are you looking for in $usd?'
2025-05-15 12:08:26,945 - WARNING - No match found for question: 'what annual salary are you looking for in $usd?' (best score: 0)
2025-05-15 12:08:26,946 - INFO - Processing question: 'are you looking for full-time or part-time work?'
2025-05-15 12:08:26,947 - WARNING - No match found for question: 'are you looking for full-time or part-time work?' (best score: 0)
2025-05-15 12:08:26,947 - INFO - Processing question: 'how would you best describe your ideal work environment?'
2025-05-15 12:08:26,948 - WARNING - No match found for question: 'how would you best describe your ideal work environment?' (best score: 0)
2025-05-15 12:08:26,948 - INFO - Processing question: 'how do you handle deadlines and pressure?'
2025-05-15 12:08:26,949 - WARNING - No match found for question: 'how do you handle deadlines and pressure?' (best score: 0)
2025-05-15 12:08:26,949 - INFO - Processing question: 'how do you handle situations where you have too many tasks to complete on your own?'
2025-05-15 12:08:26,950 - WARNING - No match found for question: 'how do you handle situations where you have too many tasks to complete on your own?' (best score: 0)
2025-05-15 12:08:26,950 - INFO - Processing question: 'how much are you willing to work when things are urgent?'
2025-05-15 12:08:26,951 - WARNING - No match found for question: 'how much are you willing to work when things are urgent?' (best score: 0)
2025-05-15 12:08:26,951 - INFO - Processing question: 'are you comfortable working with python?'
2025-05-15 12:08:26,952 - WARNING - No match found for question: 'are you comfortable working with python?' (best score: 0)
2025-05-15 12:08:26,952 - INFO - Processing question: 'do you currently have legal authorization to work in the country where the position is based?'
2025-05-15 12:08:26,953 - WARNING - No match found for question: 'do you currently have legal authorization to work in the country where the position is based?' (best score: 0)
2025-05-15 12:08:26,953 - INFO - Processing question: 'are you excited to work in-office five days a week?'
2025-05-15 12:08:26,954 - WARNING - No match found for question: 'are you excited to work in-office five days a week?' (best score: 0)
2025-05-15 12:08:26,955 - INFO - Q&A section filled successfully!
2025-05-15 12:08:26,956 - INFO - Form filled successfully!
2025-05-15 12:08:27,963 - INFO - Starting submission process...
2025-05-15 12:08:28,170 - INFO - All required fields are filled.
2025-05-15 12:08:28,214 - INFO - Found submit button using selector: button._primary_8wvgw_96
2025-05-15 12:08:29,231 - INFO - Clicked submit button normally
2025-05-15 12:08:33,381 - INFO - Used JavaScript click
2025-05-15 12:08:36,408 - INFO - Used forced visibility click
2025-05-15 12:08:38,985 - INFO - Page changed after click - assuming submission started
2025-05-15 12:08:59,248 - WARNING - Error during submission verification: Message: 

2025-05-15 12:08:59,259 - INFO - URL suggests we left application page - assuming success
2025-05-15 12:08:59,260 - INFO - Application submitted successfully!
2025-05-15 12:08:59,261 - INFO - Log directory ensured: C:\Users\hr\OneDrive\Desktop\merge\all_job_app\logs
2025-05-15 12:08:59,262 - INFO - Log entry written to logs/ashby_log_2025-05-15.csv
2025-05-15 12:08:59,262 - INFO - Log directory ensured: C:\Users\hr\OneDrive\Desktop\merge\all_job_app\logs
2025-05-15 12:08:59,262 - INFO - Log entry written to logs/ashby_log_2025-05-15.csv
2025-05-15 12:08:59,262 - INFO - Processing job: https://jobs.ashbyhq.com/zip/f2966399-c936-4bd2-911d-42d0b5793618
2025-05-15 12:08:59,810 - INFO - Opened job page: https://jobs.ashbyhq.com/zip/f2966399-c936-4bd2-911d-42d0b5793618
2025-05-15 12:09:02,935 - INFO - Apply button clicked successfully!
2025-05-15 12:09:07,942 - INFO - Attempting to upload resume from: C:\Users\hr\OneDrive\Desktop\merge\all_job_app\resume/resume.pdf
2025-05-15 12:09:12,280 - INFO - Application interrupted - saving state
2025-05-15 12:09:12,280 - INFO - Log directory ensured: C:\Users\hr\OneDrive\Desktop\merge\all_job_app\logs
2025-05-15 12:09:12,285 - INFO - Log entry written to logs/ashby_log_2025-05-15.csv
2025-05-15 12:33:06,239 - INFO - Selected profile: vijay.yaml
2025-05-15 12:33:06,273 - INFO - Detected Chrome version: 136.0.7103.93
2025-05-15 12:33:06,274 - INFO - ====== WebDriver manager ======
2025-05-15 12:33:07,207 - INFO - Get LATEST chromedriver version for google-chrome
2025-05-15 12:33:07,241 - INFO - Get LATEST chromedriver version for google-chrome
2025-05-15 12:33:07,265 - INFO - Driver [C:\Users\hr\.wdm\drivers\chromedriver\win64\136.0.7103.94\chromedriver-win32/chromedriver.exe] found in cache
2025-05-15 12:33:08,141 - INFO - patching driver executable C:\Users\hr\appdata\roaming\undetected_chromedriver\undetected_chromedriver.exe
2025-05-15 12:33:09,029 - INFO - Processing job: https://jobs.ashbyhq.com/airwallex/f5c945c9-dc25-4b35-a6bd-ae2fef539727
2025-05-15 12:33:10,901 - INFO - Opened job page: https://jobs.ashbyhq.com/airwallex/f5c945c9-dc25-4b35-a6bd-ae2fef539727
2025-05-15 12:33:14,210 - INFO - Apply button clicked successfully!
2025-05-15 12:33:19,224 - INFO - Attempting to upload resume from: C:\Users\hr\OneDrive\Desktop\merge\all_job_app\resume/resume.pdf
2025-05-15 12:33:19,882 - INFO - Resume file sent to input element
2025-05-15 12:33:35,350 - WARNING - No explicit upload confirmation detected: Message: 

2025-05-15 12:33:35,351 - INFO - Filling out the application form...
2025-05-15 12:33:35,471 - INFO - Filled field name with value Vijay Yadav
2025-05-15 12:33:35,582 - INFO - Filled field email with value vijay.yadav@example.com
2025-05-15 12:33:35,684 - INFO - Filled field phone with value 1234567890
2025-05-15 12:33:35,685 - WARNING - No value provided for mandatory field: address
2025-05-15 12:33:45,797 - WARNING - Error filling field location with selector input[role='combobox']: Message: 
Stacktrace:
	GetHandleVerifier [0x004AFC83+61635]
	GetHandleVerifier [0x004AFCC4+61700]
	(No symbol) [0x002D05D3]
	(No symbol) [0x0031899E]
	(No symbol) [0x00318D3B]
	(No symbol) [0x00360E12]
	(No symbol) [0x0033D2E4]
	(No symbol) [0x0035E61B]
	(No symbol) [0x0033D096]
	(No symbol) [0x0030C840]
	(No symbol) [0x0030D6A4]
	GetHandleVerifier [0x007345A3+2701795]
	GetHandleVerifier [0x0072FD26+2683238]
	GetHandleVerifier [0x0074AA6E+2793134]
	GetHandleVerifier [0x004C6945+155013]
	GetHandleVerifier [0x004CD02D+181357]
	GetHandleVerifier [0x004B74D8+92440]
	GetHandleVerifier [0x004B7680+92864]
	GetHandleVerifier [0x004A2070+5296]
	BaseThreadInitThunk [0x759AFCC9+25]
	RtlGetAppContainerNamedObjectPath [0x771B82AE+286]
	RtlGetAppContainerNamedObjectPath [0x771B827E+238]

2025-05-15 12:33:55,877 - WARNING - Error filling field location with selector input[placeholder*='Start typing']: Message: 
Stacktrace:
	GetHandleVerifier [0x004AFC83+61635]
	GetHandleVerifier [0x004AFCC4+61700]
	(No symbol) [0x002D05D3]
	(No symbol) [0x0031899E]
	(No symbol) [0x00318D3B]
	(No symbol) [0x00360E12]
	(No symbol) [0x0033D2E4]
	(No symbol) [0x0035E61B]
	(No symbol) [0x0033D096]
	(No symbol) [0x0030C840]
	(No symbol) [0x0030D6A4]
	GetHandleVerifier [0x007345A3+2701795]
	GetHandleVerifier [0x0072FD26+2683238]
	GetHandleVerifier [0x0074AA6E+2793134]
	GetHandleVerifier [0x004C6945+155013]
	GetHandleVerifier [0x004CD02D+181357]
	GetHandleVerifier [0x004B74D8+92440]
	GetHandleVerifier [0x004B7680+92864]
	GetHandleVerifier [0x004A2070+5296]
	BaseThreadInitThunk [0x759AFCC9+25]
	RtlGetAppContainerNamedObjectPath [0x771B82AE+286]
	RtlGetAppContainerNamedObjectPath [0x771B827E+238]

2025-05-15 12:33:56,031 - INFO - Filled LinkedIn field
2025-05-15 12:33:56,031 - INFO - Filling out the Q&A section...
2025-05-15 12:33:57,324 - INFO - Form Q&A questions found: ['Current company', 'Additional information', 'Twitter', 'GitHub', 'Portfolio', 'Other']
2025-05-15 12:33:57,325 - INFO - Processing question: 'where did you hear about biorender?'
2025-05-15 12:33:57,326 - WARNING - No match found for question: 'where did you hear about biorender?' (best score: 0)
2025-05-15 12:33:57,326 - INFO - Processing question: 'do you have programming experience or are you in a cs degree?'
2025-05-15 12:33:57,327 - WARNING - No match found for question: 'do you have programming experience or are you in a cs degree?' (best score: 0)
2025-05-15 12:33:57,328 - INFO - Processing question: 'are you legally authorized to work in the u.s. without restriction for any employer?'
2025-05-15 12:33:57,328 - WARNING - No match found for question: 'are you legally authorized to work in the u.s. without restriction for any employer?' (best score: 0)
2025-05-15 12:33:57,329 - INFO - Processing question: 'are you legally authorized to work in canada or the united states?'
2025-05-15 12:33:57,330 - WARNING - No match found for question: 'are you legally authorized to work in canada or the united states?' (best score: 0)
2025-05-15 12:33:57,330 - INFO - Processing question: 'how many years of experience do you have as a machine learning engineer?'
2025-05-15 12:33:57,331 - WARNING - No match found for question: 'how many years of experience do you have as a machine learning engineer?' (best score: 0)
2025-05-15 12:33:57,331 - INFO - Processing question: 'are you legally authorized to work in the united states?'
2025-05-15 12:33:57,332 - WARNING - No match found for question: 'are you legally authorized to work in the united states?' (best score: 0)
2025-05-15 12:33:57,333 - INFO - Processing question: 'what are your salary expectations?'
2025-05-15 12:33:57,333 - WARNING - No match found for question: 'what are your salary expectations?' (best score: 0)
2025-05-15 12:33:57,333 - INFO - Processing question: 'have you previously worked for hims & hers as an employee or contractor/consultant?'
2025-05-15 12:33:57,334 - WARNING - No match found for question: 'have you previously worked for hims & hers as an employee or contractor/consultant?' (best score: 0)
2025-05-15 12:33:57,335 - INFO - Processing question: 'are you legally authorized to work in canada?'
2025-05-15 12:33:57,335 - WARNING - No match found for question: 'are you legally authorized to work in canada?' (best score: 0)
2025-05-15 12:33:57,336 - INFO - Processing question: 'how did you hear about us?'
2025-05-15 12:33:57,336 - WARNING - No match found for question: 'how did you hear about us?' (best score: 0)
2025-05-15 12:33:57,337 - INFO - Processing question: 'are you a veteran/have you served in the military?'
2025-05-15 12:33:57,337 - WARNING - No match found for question: 'are you a veteran/have you served in the military?' (best score: 0)
2025-05-15 12:33:57,338 - INFO - Processing question: 'do you identify as having a disability?.no'
2025-05-15 12:33:57,338 - WARNING - No match found for question: 'do you identify as having a disability?.no' (best score: 0)
2025-05-15 12:33:57,339 - INFO - Processing question: 'will you now or in the future require immigration sponsorship by hims & hers in order to work for hims & hers in the u.s.?'
2025-05-15 12:33:57,340 - WARNING - No match found for question: 'will you now or in the future require immigration sponsorship by hims & hers in order to work for hims & hers in the u.s.?' (best score: 0)
2025-05-15 12:33:57,341 - INFO - Processing question: 'have you worked as a software engineer prior to moving into ml?'
2025-05-15 12:33:57,342 - WARNING - No match found for question: 'have you worked as a software engineer prior to moving into ml?' (best score: 0)
2025-05-15 12:33:57,342 - INFO - Processing question: 'which languages and dialects do you speak fluently?'
2025-05-15 12:33:57,343 - WARNING - No match found for question: 'which languages and dialects do you speak fluently?' (best score: 0)
2025-05-15 12:33:57,343 - INFO - Processing question: 'are you open to tier 2 (medium complexity) rlhf projects at listed rate for your location?'
2025-05-15 12:33:57,345 - WARNING - No match found for question: 'are you open to tier 2 (medium complexity) rlhf projects at listed rate for your location?' (best score: 0)
2025-05-15 12:33:57,345 - INFO - Processing question: 'do you have any familial relationships with current virta employees?'
2025-05-15 12:33:57,346 - WARNING - No match found for question: 'do you have any familial relationships with current virta employees?' (best score: 0)
2025-05-15 12:33:57,347 - INFO - Processing question: 'are you 18 or older and legally eligible to work in the country of the job you are applying for?'
2025-05-15 12:33:57,348 - WARNING - No match found for question: 'are you 18 or older and legally eligible to work in the country of the job you are applying for?' (best score: 0)
2025-05-15 12:33:57,348 - INFO - Processing question: 'will you now or in the future require sponsorship for employment?'
2025-05-15 12:33:57,349 - WARNING - No match found for question: 'will you now or in the future require sponsorship for employment?' (best score: 0)
2025-05-15 12:33:57,350 - INFO - Processing question: 'how many years of experience do you have in mle?'
2025-05-15 12:33:57,350 - WARNING - No match found for question: 'how many years of experience do you have in mle?' (best score: 0)
2025-05-15 12:33:57,351 - INFO - Processing question: 'are you legally authorized to work in the country?'
2025-05-15 12:33:57,351 - WARNING - No match found for question: 'are you legally authorized to work in the country?' (best score: 0)
2025-05-15 12:33:57,352 - INFO - Processing question: 'what is your expected salary?'
2025-05-15 12:33:57,353 - WARNING - No match found for question: 'what is your expected salary?' (best score: 0)
2025-05-15 12:33:57,353 - INFO - Processing question: 'are you legally eligible to work in the us?'
2025-05-15 12:33:57,354 - WARNING - No match found for question: 'are you legally eligible to work in the us?' (best score: 0)
2025-05-15 12:33:57,354 - INFO - Processing question: 'are you willing & able to come into our downtown san francisco office on a hybrid basis? (3 days /week)?'
2025-05-15 12:33:57,355 - WARNING - No match found for question: 'are you willing & able to come into our downtown san francisco office on a hybrid basis? (3 days /week)?' (best score: 0)
2025-05-15 12:33:57,355 - INFO - Processing question: 'can you work onsite in palo alto?'
2025-05-15 12:33:57,356 - WARNING - No match found for question: 'can you work onsite in palo alto?' (best score: 0)
2025-05-15 12:33:57,357 - INFO - Processing question: 'our offices are located in san francisco ca and new york city. please indicate which location you are interested in?'
2025-05-15 12:33:57,358 - WARNING - No match found for question: 'our offices are located in san francisco ca and new york city. please indicate which location you are interested in?' (best score: 0)
2025-05-15 12:33:57,359 - INFO - Processing question: 'will you now or will you in the future require employment visa sponsorship to work in the country in which the job you're applying for is located?'
2025-05-15 12:33:57,360 - WARNING - No match found for question: 'will you now or will you in the future require employment visa sponsorship to work in the country in which the job you're applying for is located?' (best score: 0)
2025-05-15 12:33:57,360 - INFO - Processing question: 'do you have authorization to work in the united states?'
2025-05-15 12:33:57,362 - WARNING - No match found for question: 'do you have authorization to work in the united states?' (best score: 0)
2025-05-15 12:33:57,362 - INFO - Processing question: 'will you now or in the future require sponsorship for employment visa status?'
2025-05-15 12:33:57,363 - WARNING - No match found for question: 'will you now or in the future require sponsorship for employment visa status?' (best score: 0)
2025-05-15 12:33:57,363 - INFO - Processing question: 'are you available to work in person at the promise office  location listed in the job description at least three times per week?'
2025-05-15 12:33:57,364 - WARNING - No match found for question: 'are you available to work in person at the promise office  location listed in the job description at least three times per week?' (best score: 0)
2025-05-15 12:33:57,365 - INFO - Processing question: 'are you 18 or older?'
2025-05-15 12:33:57,365 - WARNING - No match found for question: 'are you 18 or older?' (best score: 0)
2025-05-15 12:33:57,365 - INFO - Processing question: 'are you comfortable working with javascript?'
2025-05-15 12:33:57,366 - WARNING - No match found for question: 'are you comfortable working with javascript?' (best score: 0)
2025-05-15 12:33:57,367 - INFO - Processing question: 'would you willing to relocate to/be in office in san francisco?'
2025-05-15 12:33:57,367 - WARNING - No match found for question: 'would you willing to relocate to/be in office in san francisco?' (best score: 0)
2025-05-15 12:33:57,368 - INFO - Processing question: 'what annual salary are you looking for in $usd?'
2025-05-15 12:33:57,368 - WARNING - No match found for question: 'what annual salary are you looking for in $usd?' (best score: 0)
2025-05-15 12:33:57,369 - INFO - Processing question: 'are you looking for full-time or part-time work?'
2025-05-15 12:33:57,369 - WARNING - No match found for question: 'are you looking for full-time or part-time work?' (best score: 0)
2025-05-15 12:33:57,370 - INFO - Processing question: 'how would you best describe your ideal work environment?'
2025-05-15 12:33:57,371 - WARNING - No match found for question: 'how would you best describe your ideal work environment?' (best score: 0)
2025-05-15 12:33:57,371 - INFO - Processing question: 'how do you handle deadlines and pressure?'
2025-05-15 12:33:57,372 - WARNING - No match found for question: 'how do you handle deadlines and pressure?' (best score: 0)
2025-05-15 12:33:57,373 - INFO - Processing question: 'how do you handle situations where you have too many tasks to complete on your own?'
2025-05-15 12:33:57,374 - WARNING - No match found for question: 'how do you handle situations where you have too many tasks to complete on your own?' (best score: 0)
2025-05-15 12:33:57,374 - INFO - Processing question: 'how much are you willing to work when things are urgent?'
2025-05-15 12:33:57,375 - WARNING - No match found for question: 'how much are you willing to work when things are urgent?' (best score: 0)
2025-05-15 12:33:57,376 - INFO - Processing question: 'are you comfortable working with python?'
2025-05-15 12:33:57,376 - WARNING - No match found for question: 'are you comfortable working with python?' (best score: 0)
2025-05-15 12:33:57,377 - INFO - Processing question: 'do you currently have legal authorization to work in the country where the position is based?'
2025-05-15 12:33:57,378 - WARNING - No match found for question: 'do you currently have legal authorization to work in the country where the position is based?' (best score: 0)
2025-05-15 12:33:57,378 - INFO - Processing question: 'are you excited to work in-office five days a week?'
2025-05-15 12:33:57,379 - WARNING - No match found for question: 'are you excited to work in-office five days a week?' (best score: 0)
2025-05-15 12:33:57,380 - INFO - Q&A section filled successfully!
2025-05-15 12:33:57,380 - INFO - Form filled successfully!
2025-05-15 12:33:58,392 - INFO - Starting submission process...
2025-05-15 12:33:58,607 - INFO - All required fields are filled.
2025-05-15 12:33:58,650 - INFO - Found submit button using selector: button._primary_8wvgw_96
2025-05-15 12:34:00,032 - INFO - Clicked submit button normally
2025-05-15 12:34:03,003 - INFO - Page changed after click - assuming submission started
2025-05-15 12:34:23,478 - WARNING - Error during submission verification: Message: 

2025-05-15 12:34:23,489 - INFO - URL suggests we left application page - assuming success
2025-05-15 12:34:23,490 - INFO - Application submitted successfully!
2025-05-15 12:34:23,491 - INFO - Log directory ensured: C:\Users\hr\OneDrive\Desktop\merge\all_job_app\logs
2025-05-15 12:34:23,492 - INFO - Log entry written to logs/ashby_log_2025-05-15.csv
2025-05-15 12:34:23,493 - INFO - Processing job: https://jobs.ashbyhq.com/zip/f2966399-c936-4bd2-911d-42d0b5793618
2025-05-15 12:34:24,601 - INFO - Opened job page: https://jobs.ashbyhq.com/zip/f2966399-c936-4bd2-911d-42d0b5793618
2025-05-15 12:34:27,702 - INFO - Apply button clicked successfully!
2025-05-15 12:34:32,717 - INFO - Attempting to upload resume from: C:\Users\hr\OneDrive\Desktop\merge\all_job_app\resume/resume.pdf
2025-05-15 12:34:33,308 - INFO - Resume file sent to input element
2025-05-15 12:34:48,835 - WARNING - No explicit upload confirmation detected: Message: 

2025-05-15 12:34:48,835 - INFO - Filling out the application form...
2025-05-15 12:34:48,945 - INFO - Filled field name with value Vijay Yadav
2025-05-15 12:34:49,068 - INFO - Filled field email with value vijay.yadav@example.com
2025-05-15 12:34:49,212 - INFO - Filled field phone with value 1234567890
2025-05-15 12:34:49,213 - WARNING - No value provided for mandatory field: address
2025-05-15 12:34:59,712 - WARNING - Error filling field location with selector input[role='combobox']: Message: 
Stacktrace:
	GetHandleVerifier [0x004AFC83+61635]
	GetHandleVerifier [0x004AFCC4+61700]
	(No symbol) [0x002D05D3]
	(No symbol) [0x0031899E]
	(No symbol) [0x00318D3B]
	(No symbol) [0x00360E12]
	(No symbol) [0x0033D2E4]
	(No symbol) [0x0035E61B]
	(No symbol) [0x0033D096]
	(No symbol) [0x0030C840]
	(No symbol) [0x0030D6A4]
	GetHandleVerifier [0x007345A3+2701795]
	GetHandleVerifier [0x0072FD26+2683238]
	GetHandleVerifier [0x0074AA6E+2793134]
	GetHandleVerifier [0x004C6945+155013]
	GetHandleVerifier [0x004CD02D+181357]
	GetHandleVerifier [0x004B74D8+92440]
	GetHandleVerifier [0x004B7680+92864]
	GetHandleVerifier [0x004A2070+5296]
	BaseThreadInitThunk [0x759AFCC9+25]
	RtlGetAppContainerNamedObjectPath [0x771B82AE+286]
	RtlGetAppContainerNamedObjectPath [0x771B827E+238]

2025-05-15 12:35:10,221 - WARNING - Error filling field location with selector input[placeholder*='Start typing']: Message: 
Stacktrace:
	GetHandleVerifier [0x004AFC83+61635]
	GetHandleVerifier [0x004AFCC4+61700]
	(No symbol) [0x002D05D3]
	(No symbol) [0x0031899E]
	(No symbol) [0x00318D3B]
	(No symbol) [0x00360E12]
	(No symbol) [0x0033D2E4]
	(No symbol) [0x0035E61B]
	(No symbol) [0x0033D096]
	(No symbol) [0x0030C840]
	(No symbol) [0x0030D6A4]
	GetHandleVerifier [0x007345A3+2701795]
	GetHandleVerifier [0x0072FD26+2683238]
	GetHandleVerifier [0x0074AA6E+2793134]
	GetHandleVerifier [0x004C6945+155013]
	GetHandleVerifier [0x004CD02D+181357]
	GetHandleVerifier [0x004B74D8+92440]
	GetHandleVerifier [0x004B7680+92864]
	GetHandleVerifier [0x004A2070+5296]
	BaseThreadInitThunk [0x759AFCC9+25]
	RtlGetAppContainerNamedObjectPath [0x771B82AE+286]
	RtlGetAppContainerNamedObjectPath [0x771B827E+238]

2025-05-15 12:35:10,362 - INFO - Filled LinkedIn field
2025-05-15 12:35:10,362 - INFO - Filling out the Q&A section...
2025-05-15 12:35:11,165 - INFO - Form Q&A questions found: []
2025-05-15 12:35:11,165 - WARNING - No Q&A questions found in the form. Skipping Q&A section.
2025-05-15 12:35:11,165 - INFO - Form filled successfully!
2025-05-15 12:35:12,180 - INFO - Starting submission process...
2025-05-15 12:35:12,521 - INFO - Required radio group not answered: Are you willing and able to come into our downtown SF office 3 days per week?
2025-05-15 12:35:12,549 - INFO - Waiting for 1 required fields to be filled: ['Are you willing and able to come into our downtown SF office 3 days per week?']
2025-05-15 12:35:14,826 - INFO - Required radio group not answered: Are you willing and able to come into our downtown SF office 3 days per week?
2025-05-15 12:35:14,853 - INFO - Waiting for 1 required fields to be filled: ['Are you willing and able to come into our downtown SF office 3 days per week?']
2025-05-15 12:35:17,127 - INFO - Required radio group not answered: Are you willing and able to come into our downtown SF office 3 days per week?
2025-05-15 12:35:17,155 - INFO - Waiting for 1 required fields to be filled: ['Are you willing and able to come into our downtown SF office 3 days per week?']
2025-05-15 12:35:19,437 - INFO - Required radio group not answered: Are you willing and able to come into our downtown SF office 3 days per week?
2025-05-15 12:35:19,464 - INFO - Waiting for 1 required fields to be filled: ['Are you willing and able to come into our downtown SF office 3 days per week?']
2025-05-15 12:35:21,804 - INFO - Required radio group not answered: Are you willing and able to come into our downtown SF office 3 days per week?
2025-05-15 12:35:21,831 - INFO - Waiting for 1 required fields to be filled: ['Are you willing and able to come into our downtown SF office 3 days per week?']
2025-05-15 12:35:24,109 - INFO - Required radio group not answered: Are you willing and able to come into our downtown SF office 3 days per week?
2025-05-15 12:35:24,137 - INFO - Waiting for 1 required fields to be filled: ['Are you willing and able to come into our downtown SF office 3 days per week?']
2025-05-15 12:35:26,441 - INFO - Required radio group not answered: Are you willing and able to come into our downtown SF office 3 days per week?
2025-05-15 12:35:26,475 - INFO - Waiting for 1 required fields to be filled: ['Are you willing and able to come into our downtown SF office 3 days per week?']
2025-05-15 12:35:28,771 - INFO - Required radio group not answered: Are you willing and able to come into our downtown SF office 3 days per week?
2025-05-15 12:35:28,796 - INFO - Waiting for 1 required fields to be filled: ['Are you willing and able to come into our downtown SF office 3 days per week?']
2025-05-15 12:35:31,076 - INFO - Required radio group not answered: Are you willing and able to come into our downtown SF office 3 days per week?
2025-05-15 12:35:31,107 - INFO - Waiting for 1 required fields to be filled: ['Are you willing and able to come into our downtown SF office 3 days per week?']
2025-05-15 12:35:33,392 - INFO - Required radio group not answered: Are you willing and able to come into our downtown SF office 3 days per week?
2025-05-15 12:35:33,422 - INFO - Waiting for 1 required fields to be filled: ['Are you willing and able to come into our downtown SF office 3 days per week?']
2025-05-15 12:35:35,699 - INFO - Required radio group not answered: Are you willing and able to come into our downtown SF office 3 days per week?
2025-05-15 12:35:35,726 - INFO - Waiting for 1 required fields to be filled: ['Are you willing and able to come into our downtown SF office 3 days per week?']
2025-05-15 12:35:38,004 - INFO - All required fields are filled.
2025-05-15 12:35:38,046 - INFO - Found submit button using selector: button._primary_8wvgw_96
2025-05-15 12:35:39,267 - INFO - Clicked submit button normally
2025-05-15 12:35:42,271 - INFO - Page changed after click - assuming submission started
2025-05-15 12:36:02,534 - WARNING - Error during submission verification: Message: 

2025-05-15 12:36:02,548 - INFO - URL suggests we left application page - assuming success
2025-05-15 12:36:02,549 - INFO - Application submitted successfully!
2025-05-15 12:36:02,550 - INFO - Log directory ensured: C:\Users\hr\OneDrive\Desktop\merge\all_job_app\logs
2025-05-15 12:36:02,551 - INFO - Log entry written to logs/ashby_log_2025-05-15.csv
2025-05-15 12:36:02,552 - INFO - Processing job: https://jobs.ashbyhq.com/Etched/610c3836-9798-46ea-931a-02bb95b29467
2025-05-15 12:36:03,704 - INFO - Opened job page: https://jobs.ashbyhq.com/Etched/610c3836-9798-46ea-931a-02bb95b29467
2025-05-15 12:36:06,825 - INFO - Apply button clicked successfully!
2025-05-15 12:36:11,839 - INFO - Attempting to upload resume from: C:\Users\hr\OneDrive\Desktop\merge\all_job_app\resume/resume.pdf
2025-05-15 12:36:12,471 - INFO - Resume file sent to input element
2025-05-15 12:36:27,930 - WARNING - No explicit upload confirmation detected: Message: 

2025-05-15 12:36:27,930 - INFO - Filling out the application form...
2025-05-15 12:36:28,053 - INFO - Filled field name with value Vijay Yadav
2025-05-15 12:36:28,157 - INFO - Filled field email with value vijay.yadav@example.com
2025-05-15 12:36:38,619 - WARNING - Error filling field phone with selector input[type='tel']: Message: 
Stacktrace:
	GetHandleVerifier [0x004AFC83+61635]
	GetHandleVerifier [0x004AFCC4+61700]
	(No symbol) [0x002D05D3]
	(No symbol) [0x0031899E]
	(No symbol) [0x00318D3B]
	(No symbol) [0x00360E12]
	(No symbol) [0x0033D2E4]
	(No symbol) [0x0035E61B]
	(No symbol) [0x0033D096]
	(No symbol) [0x0030C840]
	(No symbol) [0x0030D6A4]
	GetHandleVerifier [0x007345A3+2701795]
	GetHandleVerifier [0x0072FD26+2683238]
	GetHandleVerifier [0x0074AA6E+2793134]
	GetHandleVerifier [0x004C6945+155013]
	GetHandleVerifier [0x004CD02D+181357]
	GetHandleVerifier [0x004B74D8+92440]
	GetHandleVerifier [0x004B7680+92864]
	GetHandleVerifier [0x004A2070+5296]
	BaseThreadInitThunk [0x759AFCC9+25]
	RtlGetAppContainerNamedObjectPath [0x771B82AE+286]
	RtlGetAppContainerNamedObjectPath [0x771B827E+238]

2025-05-15 12:36:49,072 - WARNING - Error filling field phone with selector input[name='phone']: Message: 
Stacktrace:
	GetHandleVerifier [0x004AFC83+61635]
	GetHandleVerifier [0x004AFCC4+61700]
	(No symbol) [0x002D05D3]
	(No symbol) [0x0031899E]
	(No symbol) [0x00318D3B]
	(No symbol) [0x00360E12]
	(No symbol) [0x0033D2E4]
	(No symbol) [0x0035E61B]
	(No symbol) [0x0033D096]
	(No symbol) [0x0030C840]
	(No symbol) [0x0030D6A4]
	GetHandleVerifier [0x007345A3+2701795]
	GetHandleVerifier [0x0072FD26+2683238]
	GetHandleVerifier [0x0074AA6E+2793134]
	GetHandleVerifier [0x004C6945+155013]
	GetHandleVerifier [0x004CD02D+181357]
	GetHandleVerifier [0x004B74D8+92440]
	GetHandleVerifier [0x004B7680+92864]
	GetHandleVerifier [0x004A2070+5296]
	BaseThreadInitThunk [0x759AFCC9+25]
	RtlGetAppContainerNamedObjectPath [0x771B82AE+286]
	RtlGetAppContainerNamedObjectPath [0x771B827E+238]

2025-05-15 12:36:59,611 - WARNING - Error filling field phone with selector input[type='number']: Message: 
Stacktrace:
	GetHandleVerifier [0x004AFC83+61635]
	GetHandleVerifier [0x004AFCC4+61700]
	(No symbol) [0x002D05D3]
	(No symbol) [0x0031899E]
	(No symbol) [0x00318D3B]
	(No symbol) [0x00360E12]
	(No symbol) [0x0033D2E4]
	(No symbol) [0x0035E61B]
	(No symbol) [0x0033D096]
	(No symbol) [0x0030C840]
	(No symbol) [0x0030D6A4]
	GetHandleVerifier [0x007345A3+2701795]
	GetHandleVerifier [0x0072FD26+2683238]
	GetHandleVerifier [0x0074AA6E+2793134]
	GetHandleVerifier [0x004C6945+155013]
	GetHandleVerifier [0x004CD02D+181357]
	GetHandleVerifier [0x004B74D8+92440]
	GetHandleVerifier [0x004B7680+92864]
	GetHandleVerifier [0x004A2070+5296]
	BaseThreadInitThunk [0x759AFCC9+25]
	RtlGetAppContainerNamedObjectPath [0x771B82AE+286]
	RtlGetAppContainerNamedObjectPath [0x771B827E+238]

2025-05-15 12:36:59,625 - WARNING - No value provided for mandatory field: address
2025-05-15 12:37:09,666 - WARNING - Error filling field location with selector input[role='combobox']: Message: 
Stacktrace:
	GetHandleVerifier [0x004AFC83+61635]
	GetHandleVerifier [0x004AFCC4+61700]
	(No symbol) [0x002D05D3]
	(No symbol) [0x0031899E]
	(No symbol) [0x00318D3B]
	(No symbol) [0x00360E12]
	(No symbol) [0x0033D2E4]
	(No symbol) [0x0035E61B]
	(No symbol) [0x0033D096]
	(No symbol) [0x0030C840]
	(No symbol) [0x0030D6A4]
	GetHandleVerifier [0x007345A3+2701795]
	GetHandleVerifier [0x0072FD26+2683238]
	GetHandleVerifier [0x0074AA6E+2793134]
	GetHandleVerifier [0x004C6945+155013]
	GetHandleVerifier [0x004CD02D+181357]
	GetHandleVerifier [0x004B74D8+92440]
	GetHandleVerifier [0x004B7680+92864]
	GetHandleVerifier [0x004A2070+5296]
	BaseThreadInitThunk [0x759AFCC9+25]
	RtlGetAppContainerNamedObjectPath [0x771B82AE+286]
	RtlGetAppContainerNamedObjectPath [0x771B827E+238]

2025-05-15 12:37:20,168 - WARNING - Error filling field location with selector input[placeholder*='Start typing']: Message: 
Stacktrace:
	GetHandleVerifier [0x004AFC83+61635]
	GetHandleVerifier [0x004AFCC4+61700]
	(No symbol) [0x002D05D3]
	(No symbol) [0x0031899E]
	(No symbol) [0x00318D3B]
	(No symbol) [0x00360E12]
	(No symbol) [0x0033D2E4]
	(No symbol) [0x0035E61B]
	(No symbol) [0x0033D096]
	(No symbol) [0x0030C840]
	(No symbol) [0x0030D6A4]
	GetHandleVerifier [0x007345A3+2701795]
	GetHandleVerifier [0x0072FD26+2683238]
	GetHandleVerifier [0x0074AA6E+2793134]
	GetHandleVerifier [0x004C6945+155013]
	GetHandleVerifier [0x004CD02D+181357]
	GetHandleVerifier [0x004B74D8+92440]
	GetHandleVerifier [0x004B7680+92864]
	GetHandleVerifier [0x004A2070+5296]
	BaseThreadInitThunk [0x759AFCC9+25]
	RtlGetAppContainerNamedObjectPath [0x771B82AE+286]
	RtlGetAppContainerNamedObjectPath [0x771B827E+238]

2025-05-15 12:37:30,614 - WARNING - LinkedIn field not found or failed to fill: Message: 
Stacktrace:
	GetHandleVerifier [0x004AFC83+61635]
	GetHandleVerifier [0x004AFCC4+61700]
	(No symbol) [0x002D05D3]
	(No symbol) [0x0031899E]
	(No symbol) [0x00318D3B]
	(No symbol) [0x00360E12]
	(No symbol) [0x0033D2E4]
	(No symbol) [0x0035E61B]
	(No symbol) [0x0033D096]
	(No symbol) [0x0030C840]
	(No symbol) [0x0030D6A4]
	GetHandleVerifier [0x007345A3+2701795]
	GetHandleVerifier [0x0072FD26+2683238]
	GetHandleVerifier [0x0074AA6E+2793134]
	GetHandleVerifier [0x004C6945+155013]
	GetHandleVerifier [0x004CD02D+181357]
	GetHandleVerifier [0x004B74D8+92440]
	GetHandleVerifier [0x004B7680+92864]
	GetHandleVerifier [0x004A2070+5296]
	BaseThreadInitThunk [0x759AFCC9+25]
	RtlGetAppContainerNamedObjectPath [0x771B82AE+286]
	RtlGetAppContainerNamedObjectPath [0x771B827E+238]

2025-05-15 12:37:30,622 - INFO - Filling out the Q&A section...
2025-05-15 12:37:31,280 - INFO - Form Q&A questions found: []
2025-05-15 12:37:31,280 - WARNING - No Q&A questions found in the form. Skipping Q&A section.
2025-05-15 12:37:31,282 - INFO - Form filled successfully!
2025-05-15 12:37:32,285 - INFO - Starting submission process...
2025-05-15 12:37:32,464 - INFO - All required fields are filled.
2025-05-15 12:37:32,508 - INFO - Found submit button using selector: button._primary_8wvgw_96
2025-05-15 12:37:33,616 - INFO - Clicked submit button normally
2025-05-15 12:37:37,407 - INFO - Used JavaScript click
2025-05-15 12:37:41,435 - INFO - Used forced visibility click
2025-05-15 12:37:44,261 - ERROR - Failed to click submit button
2025-05-15 12:37:44,261 - INFO - Log directory ensured: C:\Users\hr\OneDrive\Desktop\merge\all_job_app\logs
2025-05-15 12:37:44,261 - INFO - Log entry written to logs/ashby_log_2025-05-15.csv
2025-05-15 12:37:44,261 - INFO - Processing job: https://jobs.ashbyhq.com/character/3ab40c3d-63bd-4634-a126-5a3d25d3263b
2025-05-15 12:37:45,084 - INFO - Opened job page: https://jobs.ashbyhq.com/character/3ab40c3d-63bd-4634-a126-5a3d25d3263b
2025-05-15 12:37:48,234 - INFO - Apply button clicked successfully!
2025-05-15 12:37:53,240 - INFO - Attempting to upload resume from: C:\Users\hr\OneDrive\Desktop\merge\all_job_app\resume/resume.pdf
2025-05-15 12:38:03,749 - ERROR - Could not find file input element
2025-05-15 12:38:03,749 - INFO - Filling out the application form...
2025-05-15 12:38:14,255 - WARNING - Error filling field name with selector #_systemfield_name: Message: 
Stacktrace:
	GetHandleVerifier [0x004AFC83+61635]
	GetHandleVerifier [0x004AFCC4+61700]
	(No symbol) [0x002D05D3]
	(No symbol) [0x0031899E]
	(No symbol) [0x00318D3B]
	(No symbol) [0x00360E12]
	(No symbol) [0x0033D2E4]
	(No symbol) [0x0035E61B]
	(No symbol) [0x0033D096]
	(No symbol) [0x0030C840]
	(No symbol) [0x0030D6A4]
	GetHandleVerifier [0x007345A3+2701795]
	GetHandleVerifier [0x0072FD26+2683238]
	GetHandleVerifier [0x0074AA6E+2793134]
	GetHandleVerifier [0x004C6945+155013]
	GetHandleVerifier [0x004CD02D+181357]
	GetHandleVerifier [0x004B74D8+92440]
	GetHandleVerifier [0x004B7680+92864]
	GetHandleVerifier [0x004A2070+5296]
	BaseThreadInitThunk [0x759AFCC9+25]
	RtlGetAppContainerNamedObjectPath [0x771B82AE+286]
	RtlGetAppContainerNamedObjectPath [0x771B827E+238]

2025-05-15 12:38:24,288 - WARNING - Error filling field name with selector input[name='name']: Message: 
Stacktrace:
	GetHandleVerifier [0x004AFC83+61635]
	GetHandleVerifier [0x004AFCC4+61700]
	(No symbol) [0x002D05D3]
	(No symbol) [0x0031899E]
	(No symbol) [0x00318D3B]
	(No symbol) [0x00360E12]
	(No symbol) [0x0033D2E4]
	(No symbol) [0x0035E61B]
	(No symbol) [0x0033D096]
	(No symbol) [0x0030C840]
	(No symbol) [0x0030D6A4]
	GetHandleVerifier [0x007345A3+2701795]
	GetHandleVerifier [0x0072FD26+2683238]
	GetHandleVerifier [0x0074AA6E+2793134]
	GetHandleVerifier [0x004C6945+155013]
	GetHandleVerifier [0x004CD02D+181357]
	GetHandleVerifier [0x004B74D8+92440]
	GetHandleVerifier [0x004B7680+92864]
	GetHandleVerifier [0x004A2070+5296]
	BaseThreadInitThunk [0x759AFCC9+25]
	RtlGetAppContainerNamedObjectPath [0x771B82AE+286]
	RtlGetAppContainerNamedObjectPath [0x771B827E+238]

2025-05-15 12:38:34,795 - WARNING - Error filling field email with selector #_systemfield_email: Message: 
Stacktrace:
	GetHandleVerifier [0x004AFC83+61635]
	GetHandleVerifier [0x004AFCC4+61700]
	(No symbol) [0x002D05D3]
	(No symbol) [0x0031899E]
	(No symbol) [0x00318D3B]
	(No symbol) [0x00360E12]
	(No symbol) [0x0033D2E4]
	(No symbol) [0x0035E61B]
	(No symbol) [0x0033D096]
	(No symbol) [0x0030C840]
	(No symbol) [0x0030D6A4]
	GetHandleVerifier [0x007345A3+2701795]
	GetHandleVerifier [0x0072FD26+2683238]
	GetHandleVerifier [0x0074AA6E+2793134]
	GetHandleVerifier [0x004C6945+155013]
	GetHandleVerifier [0x004CD02D+181357]
	GetHandleVerifier [0x004B74D8+92440]
	GetHandleVerifier [0x004B7680+92864]
	GetHandleVerifier [0x004A2070+5296]
	BaseThreadInitThunk [0x759AFCC9+25]
	RtlGetAppContainerNamedObjectPath [0x771B82AE+286]
	RtlGetAppContainerNamedObjectPath [0x771B827E+238]

2025-05-15 12:38:45,320 - WARNING - Error filling field email with selector input[name='email']: Message: 
Stacktrace:
	GetHandleVerifier [0x004AFC83+61635]
	GetHandleVerifier [0x004AFCC4+61700]
	(No symbol) [0x002D05D3]
	(No symbol) [0x0031899E]
	(No symbol) [0x00318D3B]
	(No symbol) [0x00360E12]
	(No symbol) [0x0033D2E4]
	(No symbol) [0x0035E61B]
	(No symbol) [0x0033D096]
	(No symbol) [0x0030C840]
	(No symbol) [0x0030D6A4]
	GetHandleVerifier [0x007345A3+2701795]
	GetHandleVerifier [0x0072FD26+2683238]
	GetHandleVerifier [0x0074AA6E+2793134]
	GetHandleVerifier [0x004C6945+155013]
	GetHandleVerifier [0x004CD02D+181357]
	GetHandleVerifier [0x004B74D8+92440]
	GetHandleVerifier [0x004B7680+92864]
	GetHandleVerifier [0x004A2070+5296]
	BaseThreadInitThunk [0x759AFCC9+25]
	RtlGetAppContainerNamedObjectPath [0x771B82AE+286]
	RtlGetAppContainerNamedObjectPath [0x771B827E+238]

2025-05-15 12:38:55,385 - WARNING - Error filling field phone with selector input[type='tel']: Message: 
Stacktrace:
	GetHandleVerifier [0x004AFC83+61635]
	GetHandleVerifier [0x004AFCC4+61700]
	(No symbol) [0x002D05D3]
	(No symbol) [0x0031899E]
	(No symbol) [0x00318D3B]
	(No symbol) [0x00360E12]
	(No symbol) [0x0033D2E4]
	(No symbol) [0x0035E61B]
	(No symbol) [0x0033D096]
	(No symbol) [0x0030C840]
	(No symbol) [0x0030D6A4]
	GetHandleVerifier [0x007345A3+2701795]
	GetHandleVerifier [0x0072FD26+2683238]
	GetHandleVerifier [0x0074AA6E+2793134]
	GetHandleVerifier [0x004C6945+155013]
	GetHandleVerifier [0x004CD02D+181357]
	GetHandleVerifier [0x004B74D8+92440]
	GetHandleVerifier [0x004B7680+92864]
	GetHandleVerifier [0x004A2070+5296]
	BaseThreadInitThunk [0x759AFCC9+25]
	RtlGetAppContainerNamedObjectPath [0x771B82AE+286]
	RtlGetAppContainerNamedObjectPath [0x771B827E+238]

2025-05-15 12:39:05,866 - WARNING - Error filling field phone with selector input[name='phone']: Message: 
Stacktrace:
	GetHandleVerifier [0x004AFC83+61635]
	GetHandleVerifier [0x004AFCC4+61700]
	(No symbol) [0x002D05D3]
	(No symbol) [0x0031899E]
	(No symbol) [0x00318D3B]
	(No symbol) [0x00360E12]
	(No symbol) [0x0033D2E4]
	(No symbol) [0x0035E61B]
	(No symbol) [0x0033D096]
	(No symbol) [0x0030C840]
	(No symbol) [0x0030D6A4]
	GetHandleVerifier [0x007345A3+2701795]
	GetHandleVerifier [0x0072FD26+2683238]
	GetHandleVerifier [0x0074AA6E+2793134]
	GetHandleVerifier [0x004C6945+155013]
	GetHandleVerifier [0x004CD02D+181357]
	GetHandleVerifier [0x004B74D8+92440]
	GetHandleVerifier [0x004B7680+92864]
	GetHandleVerifier [0x004A2070+5296]
	BaseThreadInitThunk [0x759AFCC9+25]
	RtlGetAppContainerNamedObjectPath [0x771B82AE+286]
	RtlGetAppContainerNamedObjectPath [0x771B827E+238]

2025-05-15 12:39:16,307 - WARNING - Error filling field phone with selector input[type='number']: Message: 
Stacktrace:
	GetHandleVerifier [0x004AFC83+61635]
	GetHandleVerifier [0x004AFCC4+61700]
	(No symbol) [0x002D05D3]
	(No symbol) [0x0031899E]
	(No symbol) [0x00318D3B]
	(No symbol) [0x00360E12]
	(No symbol) [0x0033D2E4]
	(No symbol) [0x0035E61B]
	(No symbol) [0x0033D096]
	(No symbol) [0x0030C840]
	(No symbol) [0x0030D6A4]
	GetHandleVerifier [0x007345A3+2701795]
	GetHandleVerifier [0x0072FD26+2683238]
	GetHandleVerifier [0x0074AA6E+2793134]
	GetHandleVerifier [0x004C6945+155013]
	GetHandleVerifier [0x004CD02D+181357]
	GetHandleVerifier [0x004B74D8+92440]
	GetHandleVerifier [0x004B7680+92864]
	GetHandleVerifier [0x004A2070+5296]
	BaseThreadInitThunk [0x759AFCC9+25]
	RtlGetAppContainerNamedObjectPath [0x771B82AE+286]
	RtlGetAppContainerNamedObjectPath [0x771B827E+238]

2025-05-15 12:39:16,318 - WARNING - No value provided for mandatory field: address
2025-05-15 12:39:26,783 - WARNING - Error filling field location with selector input[role='combobox']: Message: 
Stacktrace:
	GetHandleVerifier [0x004AFC83+61635]
	GetHandleVerifier [0x004AFCC4+61700]
	(No symbol) [0x002D05D3]
	(No symbol) [0x0031899E]
	(No symbol) [0x00318D3B]
	(No symbol) [0x00360E12]
	(No symbol) [0x0033D2E4]
	(No symbol) [0x0035E61B]
	(No symbol) [0x0033D096]
	(No symbol) [0x0030C840]
	(No symbol) [0x0030D6A4]
	GetHandleVerifier [0x007345A3+2701795]
	GetHandleVerifier [0x0072FD26+2683238]
	GetHandleVerifier [0x0074AA6E+2793134]
	GetHandleVerifier [0x004C6945+155013]
	GetHandleVerifier [0x004CD02D+181357]
	GetHandleVerifier [0x004B74D8+92440]
	GetHandleVerifier [0x004B7680+92864]
	GetHandleVerifier [0x004A2070+5296]
	BaseThreadInitThunk [0x759AFCC9+25]
	RtlGetAppContainerNamedObjectPath [0x771B82AE+286]
	RtlGetAppContainerNamedObjectPath [0x771B827E+238]

2025-05-15 12:39:36,800 - WARNING - Error filling field location with selector input[placeholder*='Start typing']: Message: 
Stacktrace:
	GetHandleVerifier [0x004AFC83+61635]
	GetHandleVerifier [0x004AFCC4+61700]
	(No symbol) [0x002D05D3]
	(No symbol) [0x0031899E]
	(No symbol) [0x00318D3B]
	(No symbol) [0x00360E12]
	(No symbol) [0x0033D2E4]
	(No symbol) [0x0035E61B]
	(No symbol) [0x0033D096]
	(No symbol) [0x0030C840]
	(No symbol) [0x0030D6A4]
	GetHandleVerifier [0x007345A3+2701795]
	GetHandleVerifier [0x0072FD26+2683238]
	GetHandleVerifier [0x0074AA6E+2793134]
	GetHandleVerifier [0x004C6945+155013]
	GetHandleVerifier [0x004CD02D+181357]
	GetHandleVerifier [0x004B74D8+92440]
	GetHandleVerifier [0x004B7680+92864]
	GetHandleVerifier [0x004A2070+5296]
	BaseThreadInitThunk [0x759AFCC9+25]
	RtlGetAppContainerNamedObjectPath [0x771B82AE+286]
	RtlGetAppContainerNamedObjectPath [0x771B827E+238]

2025-05-15 12:39:47,247 - WARNING - LinkedIn field not found or failed to fill: Message: 
Stacktrace:
	GetHandleVerifier [0x004AFC83+61635]
	GetHandleVerifier [0x004AFCC4+61700]
	(No symbol) [0x002D05D3]
	(No symbol) [0x0031899E]
	(No symbol) [0x00318D3B]
	(No symbol) [0x00360E12]
	(No symbol) [0x0033D2E4]
	(No symbol) [0x0035E61B]
	(No symbol) [0x0033D096]
	(No symbol) [0x0030C840]
	(No symbol) [0x0030D6A4]
	GetHandleVerifier [0x007345A3+2701795]
	GetHandleVerifier [0x0072FD26+2683238]
	GetHandleVerifier [0x0074AA6E+2793134]
	GetHandleVerifier [0x004C6945+155013]
	GetHandleVerifier [0x004CD02D+181357]
	GetHandleVerifier [0x004B74D8+92440]
	GetHandleVerifier [0x004B7680+92864]
	GetHandleVerifier [0x004A2070+5296]
	BaseThreadInitThunk [0x759AFCC9+25]
	RtlGetAppContainerNamedObjectPath [0x771B82AE+286]
	RtlGetAppContainerNamedObjectPath [0x771B827E+238]

2025-05-15 12:39:47,260 - INFO - Filling out the Q&A section...
2025-05-15 12:39:57,784 - WARNING - Could not locate form container
2025-05-15 12:39:57,834 - INFO - Form Q&A questions found: []
2025-05-15 12:39:57,834 - WARNING - No Q&A questions found in the form. Skipping Q&A section.
2025-05-15 12:39:57,834 - INFO - Form filled successfully!
2025-05-15 12:39:58,847 - INFO - Starting submission process...
2025-05-15 12:39:58,865 - INFO - All required fields are filled.
2025-05-15 12:39:58,898 - INFO - Found submit button using selector: button._primary_8wvgw_96
2025-05-15 12:40:00,662 - INFO - Clicked submit button normally
2025-05-15 12:40:02,723 - INFO - Page changed after click - assuming submission started
2025-05-15 12:40:22,889 - WARNING - Error during submission verification: Message: 

2025-05-15 12:40:22,893 - INFO - URL suggests we left application page - assuming success
2025-05-15 12:40:22,893 - INFO - Application submitted successfully!
2025-05-15 12:40:22,894 - INFO - Log directory ensured: C:\Users\hr\OneDrive\Desktop\merge\all_job_app\logs
2025-05-15 12:40:22,894 - INFO - Log entry written to logs/ashby_log_2025-05-15.csv
2025-05-15 12:40:22,895 - INFO - Processing job: https://jobs.ashbyhq.com/phil/455246bd-d464-4ac4-a807-53cbfecfca25
2025-05-15 12:40:24,535 - INFO - Opened job page: https://jobs.ashbyhq.com/phil/455246bd-d464-4ac4-a807-53cbfecfca25
2025-05-15 12:40:27,714 - INFO - Apply button clicked successfully!
2025-05-15 12:40:32,727 - INFO - Attempting to upload resume from: C:\Users\hr\OneDrive\Desktop\merge\all_job_app\resume/resume.pdf
2025-05-15 12:40:33,334 - INFO - Resume file sent to input element
2025-05-15 12:40:48,472 - WARNING - No explicit upload confirmation detected: Message: 

2025-05-15 12:40:48,474 - INFO - Filling out the application form...
2025-05-15 12:40:48,594 - INFO - Filled field name with value Vijay Yadav
2025-05-15 12:40:48,716 - INFO - Filled field email with value vijay.yadav@example.com
2025-05-15 12:40:58,734 - WARNING - Error filling field phone with selector input[type='tel']: Message: 
Stacktrace:
	GetHandleVerifier [0x004AFC83+61635]
	GetHandleVerifier [0x004AFCC4+61700]
	(No symbol) [0x002D05D3]
	(No symbol) [0x0031899E]
	(No symbol) [0x00318D3B]
	(No symbol) [0x00360E12]
	(No symbol) [0x0033D2E4]
	(No symbol) [0x0035E61B]
	(No symbol) [0x0033D096]
	(No symbol) [0x0030C840]
	(No symbol) [0x0030D6A4]
	GetHandleVerifier [0x007345A3+2701795]
	GetHandleVerifier [0x0072FD26+2683238]
	GetHandleVerifier [0x0074AA6E+2793134]
	GetHandleVerifier [0x004C6945+155013]
	GetHandleVerifier [0x004CD02D+181357]
	GetHandleVerifier [0x004B74D8+92440]
	GetHandleVerifier [0x004B7680+92864]
	GetHandleVerifier [0x004A2070+5296]
	BaseThreadInitThunk [0x759AFCC9+25]
	RtlGetAppContainerNamedObjectPath [0x771B82AE+286]
	RtlGetAppContainerNamedObjectPath [0x771B827E+238]

2025-05-15 12:41:09,204 - WARNING - Error filling field phone with selector input[name='phone']: Message: 
Stacktrace:
	GetHandleVerifier [0x004AFC83+61635]
	GetHandleVerifier [0x004AFCC4+61700]
	(No symbol) [0x002D05D3]
	(No symbol) [0x0031899E]
	(No symbol) [0x00318D3B]
	(No symbol) [0x00360E12]
	(No symbol) [0x0033D2E4]
	(No symbol) [0x0035E61B]
	(No symbol) [0x0033D096]
	(No symbol) [0x0030C840]
	(No symbol) [0x0030D6A4]
	GetHandleVerifier [0x007345A3+2701795]
	GetHandleVerifier [0x0072FD26+2683238]
	GetHandleVerifier [0x0074AA6E+2793134]
	GetHandleVerifier [0x004C6945+155013]
	GetHandleVerifier [0x004CD02D+181357]
	GetHandleVerifier [0x004B74D8+92440]
	GetHandleVerifier [0x004B7680+92864]
	GetHandleVerifier [0x004A2070+5296]
	BaseThreadInitThunk [0x759AFCC9+25]
	RtlGetAppContainerNamedObjectPath [0x771B82AE+286]
	RtlGetAppContainerNamedObjectPath [0x771B827E+238]

2025-05-15 12:41:09,369 - INFO - Filled field phone with value 1234567890
2025-05-15 12:41:09,369 - WARNING - No value provided for mandatory field: address
2025-05-15 12:41:19,388 - WARNING - Error filling field location with selector input[role='combobox']: Message: 
Stacktrace:
	GetHandleVerifier [0x004AFC83+61635]
	GetHandleVerifier [0x004AFCC4+61700]
	(No symbol) [0x002D05D3]
	(No symbol) [0x0031899E]
	(No symbol) [0x00318D3B]
	(No symbol) [0x00360E12]
	(No symbol) [0x0033D2E4]
	(No symbol) [0x0035E61B]
	(No symbol) [0x0033D096]
	(No symbol) [0x0030C840]
	(No symbol) [0x0030D6A4]
	GetHandleVerifier [0x007345A3+2701795]
	GetHandleVerifier [0x0072FD26+2683238]
	GetHandleVerifier [0x0074AA6E+2793134]
	GetHandleVerifier [0x004C6945+155013]
	GetHandleVerifier [0x004CD02D+181357]
	GetHandleVerifier [0x004B74D8+92440]
	GetHandleVerifier [0x004B7680+92864]
	GetHandleVerifier [0x004A2070+5296]
	BaseThreadInitThunk [0x759AFCC9+25]
	RtlGetAppContainerNamedObjectPath [0x771B82AE+286]
	RtlGetAppContainerNamedObjectPath [0x771B827E+238]

2025-05-15 12:41:29,914 - WARNING - Error filling field location with selector input[placeholder*='Start typing']: Message: 
Stacktrace:
	GetHandleVerifier [0x004AFC83+61635]
	GetHandleVerifier [0x004AFCC4+61700]
	(No symbol) [0x002D05D3]
	(No symbol) [0x0031899E]
	(No symbol) [0x00318D3B]
	(No symbol) [0x00360E12]
	(No symbol) [0x0033D2E4]
	(No symbol) [0x0035E61B]
	(No symbol) [0x0033D096]
	(No symbol) [0x0030C840]
	(No symbol) [0x0030D6A4]
	GetHandleVerifier [0x007345A3+2701795]
	GetHandleVerifier [0x0072FD26+2683238]
	GetHandleVerifier [0x0074AA6E+2793134]
	GetHandleVerifier [0x004C6945+155013]
	GetHandleVerifier [0x004CD02D+181357]
	GetHandleVerifier [0x004B74D8+92440]
	GetHandleVerifier [0x004B7680+92864]
	GetHandleVerifier [0x004A2070+5296]
	BaseThreadInitThunk [0x759AFCC9+25]
	RtlGetAppContainerNamedObjectPath [0x771B82AE+286]
	RtlGetAppContainerNamedObjectPath [0x771B827E+238]

2025-05-15 12:41:40,000 - WARNING - LinkedIn field not found or failed to fill: Message: 
Stacktrace:
	GetHandleVerifier [0x004AFC83+61635]
	GetHandleVerifier [0x004AFCC4+61700]
	(No symbol) [0x002D05D3]
	(No symbol) [0x0031899E]
	(No symbol) [0x00318D3B]
	(No symbol) [0x00360E12]
	(No symbol) [0x0033D2E4]
	(No symbol) [0x0035E61B]
	(No symbol) [0x0033D096]
	(No symbol) [0x0030C840]
	(No symbol) [0x0030D6A4]
	GetHandleVerifier [0x007345A3+2701795]
	GetHandleVerifier [0x0072FD26+2683238]
	GetHandleVerifier [0x0074AA6E+2793134]
	GetHandleVerifier [0x004C6945+155013]
	GetHandleVerifier [0x004CD02D+181357]
	GetHandleVerifier [0x004B74D8+92440]
	GetHandleVerifier [0x004B7680+92864]
	GetHandleVerifier [0x004A2070+5296]
	BaseThreadInitThunk [0x759AFCC9+25]
	RtlGetAppContainerNamedObjectPath [0x771B82AE+286]
	RtlGetAppContainerNamedObjectPath [0x771B827E+238]

2025-05-15 12:41:40,015 - INFO - Filling out the Q&A section...
2025-05-15 12:41:40,922 - INFO - Form Q&A questions found: ['Salary Requirement', "Briefly describe a LLM project you've worked on"]
2025-05-15 12:41:40,923 - INFO - Processing question: 'where did you hear about biorender?'
2025-05-15 12:41:40,924 - WARNING - No match found for question: 'where did you hear about biorender?' (best score: 0)
2025-05-15 12:41:40,924 - INFO - Processing question: 'do you have programming experience or are you in a cs degree?'
2025-05-15 12:41:40,924 - WARNING - No match found for question: 'do you have programming experience or are you in a cs degree?' (best score: 0)
2025-05-15 12:41:40,925 - INFO - Processing question: 'are you legally authorized to work in the u.s. without restriction for any employer?'
2025-05-15 12:41:40,926 - WARNING - No match found for question: 'are you legally authorized to work in the u.s. without restriction for any employer?' (best score: 0)
2025-05-15 12:41:40,926 - INFO - Processing question: 'are you legally authorized to work in canada or the united states?'
2025-05-15 12:41:40,927 - WARNING - No match found for question: 'are you legally authorized to work in canada or the united states?' (best score: 0)
2025-05-15 12:41:40,927 - INFO - Processing question: 'how many years of experience do you have as a machine learning engineer?'
2025-05-15 12:41:40,928 - WARNING - No match found for question: 'how many years of experience do you have as a machine learning engineer?' (best score: 0)
2025-05-15 12:41:40,928 - INFO - Processing question: 'are you legally authorized to work in the united states?'
2025-05-15 12:41:40,928 - WARNING - No match found for question: 'are you legally authorized to work in the united states?' (best score: 0)
2025-05-15 12:41:40,929 - INFO - Processing question: 'what are your salary expectations?'
2025-05-15 12:41:40,929 - WARNING - No match found for question: 'what are your salary expectations?' (best score: 0)
2025-05-15 12:41:40,929 - INFO - Processing question: 'have you previously worked for hims & hers as an employee or contractor/consultant?'
2025-05-15 12:41:40,930 - WARNING - No match found for question: 'have you previously worked for hims & hers as an employee or contractor/consultant?' (best score: 0)
2025-05-15 12:41:40,930 - INFO - Processing question: 'are you legally authorized to work in canada?'
2025-05-15 12:41:40,931 - WARNING - No match found for question: 'are you legally authorized to work in canada?' (best score: 0)
2025-05-15 12:41:40,931 - INFO - Processing question: 'how did you hear about us?'
2025-05-15 12:41:40,931 - WARNING - No match found for question: 'how did you hear about us?' (best score: 0)
2025-05-15 12:41:40,932 - INFO - Processing question: 'are you a veteran/have you served in the military?'
2025-05-15 12:41:40,932 - WARNING - No match found for question: 'are you a veteran/have you served in the military?' (best score: 0)
2025-05-15 12:41:40,933 - INFO - Processing question: 'do you identify as having a disability?.no'
2025-05-15 12:41:40,933 - WARNING - No match found for question: 'do you identify as having a disability?.no' (best score: 0)
2025-05-15 12:41:40,934 - INFO - Processing question: 'will you now or in the future require immigration sponsorship by hims & hers in order to work for hims & hers in the u.s.?'
2025-05-15 12:41:40,934 - WARNING - No match found for question: 'will you now or in the future require immigration sponsorship by hims & hers in order to work for hims & hers in the u.s.?' (best score: 0)
2025-05-15 12:41:40,935 - INFO - Processing question: 'have you worked as a software engineer prior to moving into ml?'
2025-05-15 12:41:40,935 - WARNING - No match found for question: 'have you worked as a software engineer prior to moving into ml?' (best score: 0)
2025-05-15 12:41:40,935 - INFO - Processing question: 'which languages and dialects do you speak fluently?'
2025-05-15 12:41:40,936 - WARNING - No match found for question: 'which languages and dialects do you speak fluently?' (best score: 0)
2025-05-15 12:41:40,936 - INFO - Processing question: 'are you open to tier 2 (medium complexity) rlhf projects at listed rate for your location?'
2025-05-15 12:41:40,937 - WARNING - No match found for question: 'are you open to tier 2 (medium complexity) rlhf projects at listed rate for your location?' (best score: 0)
2025-05-15 12:41:40,937 - INFO - Processing question: 'do you have any familial relationships with current virta employees?'
2025-05-15 12:41:40,938 - WARNING - No match found for question: 'do you have any familial relationships with current virta employees?' (best score: 0)
2025-05-15 12:41:40,938 - INFO - Processing question: 'are you 18 or older and legally eligible to work in the country of the job you are applying for?'
2025-05-15 12:41:40,939 - WARNING - No match found for question: 'are you 18 or older and legally eligible to work in the country of the job you are applying for?' (best score: 0)
2025-05-15 12:41:40,940 - INFO - Processing question: 'will you now or in the future require sponsorship for employment?'
2025-05-15 12:41:40,940 - WARNING - No match found for question: 'will you now or in the future require sponsorship for employment?' (best score: 0)
2025-05-15 12:41:40,941 - INFO - Processing question: 'how many years of experience do you have in mle?'
2025-05-15 12:41:40,941 - WARNING - No match found for question: 'how many years of experience do you have in mle?' (best score: 0)
2025-05-15 12:41:40,942 - INFO - Processing question: 'are you legally authorized to work in the country?'
2025-05-15 12:41:40,942 - WARNING - No match found for question: 'are you legally authorized to work in the country?' (best score: 0)
2025-05-15 12:41:40,943 - INFO - Processing question: 'what is your expected salary?'
2025-05-15 12:41:40,943 - WARNING - No match found for question: 'what is your expected salary?' (best score: 0)
2025-05-15 12:41:40,944 - INFO - Processing question: 'are you legally eligible to work in the us?'
2025-05-15 12:41:40,944 - WARNING - No match found for question: 'are you legally eligible to work in the us?' (best score: 0)
2025-05-15 12:41:40,945 - INFO - Processing question: 'are you willing & able to come into our downtown san francisco office on a hybrid basis? (3 days /week)?'
2025-05-15 12:41:40,945 - WARNING - No match found for question: 'are you willing & able to come into our downtown san francisco office on a hybrid basis? (3 days /week)?' (best score: 0)
2025-05-15 12:41:40,946 - INFO - Processing question: 'can you work onsite in palo alto?'
2025-05-15 12:41:40,946 - WARNING - No match found for question: 'can you work onsite in palo alto?' (best score: 0)
2025-05-15 12:41:40,946 - INFO - Processing question: 'our offices are located in san francisco ca and new york city. please indicate which location you are interested in?'
2025-05-15 12:41:40,947 - WARNING - No match found for question: 'our offices are located in san francisco ca and new york city. please indicate which location you are interested in?' (best score: 0)
2025-05-15 12:41:40,947 - INFO - Processing question: 'will you now or will you in the future require employment visa sponsorship to work in the country in which the job you're applying for is located?'
2025-05-15 12:41:40,948 - WARNING - No match found for question: 'will you now or will you in the future require employment visa sponsorship to work in the country in which the job you're applying for is located?' (best score: 0)
2025-05-15 12:41:40,949 - INFO - Processing question: 'do you have authorization to work in the united states?'
2025-05-15 12:41:40,949 - WARNING - No match found for question: 'do you have authorization to work in the united states?' (best score: 0)
2025-05-15 12:41:40,949 - INFO - Processing question: 'will you now or in the future require sponsorship for employment visa status?'
2025-05-15 12:41:40,950 - WARNING - No match found for question: 'will you now or in the future require sponsorship for employment visa status?' (best score: 0)
2025-05-15 12:41:40,950 - INFO - Processing question: 'are you available to work in person at the promise office  location listed in the job description at least three times per week?'
2025-05-15 12:41:40,951 - WARNING - No match found for question: 'are you available to work in person at the promise office  location listed in the job description at least three times per week?' (best score: 0)
2025-05-15 12:41:40,951 - INFO - Processing question: 'are you 18 or older?'
2025-05-15 12:41:40,952 - WARNING - No match found for question: 'are you 18 or older?' (best score: 0)
2025-05-15 12:41:40,952 - INFO - Processing question: 'are you comfortable working with javascript?'
2025-05-15 12:41:40,952 - WARNING - No match found for question: 'are you comfortable working with javascript?' (best score: 0)
2025-05-15 12:41:40,953 - INFO - Processing question: 'would you willing to relocate to/be in office in san francisco?'
2025-05-15 12:41:40,953 - WARNING - No match found for question: 'would you willing to relocate to/be in office in san francisco?' (best score: 0)
2025-05-15 12:41:40,954 - INFO - Processing question: 'what annual salary are you looking for in $usd?'
2025-05-15 12:41:40,954 - WARNING - No match found for question: 'what annual salary are you looking for in $usd?' (best score: 0)
2025-05-15 12:41:40,954 - INFO - Processing question: 'are you looking for full-time or part-time work?'
2025-05-15 12:41:40,956 - WARNING - No match found for question: 'are you looking for full-time or part-time work?' (best score: 0)
2025-05-15 12:41:40,956 - INFO - Processing question: 'how would you best describe your ideal work environment?'
2025-05-15 12:41:40,957 - WARNING - No match found for question: 'how would you best describe your ideal work environment?' (best score: 0)
2025-05-15 12:41:40,958 - INFO - Processing question: 'how do you handle deadlines and pressure?'
2025-05-15 12:41:40,959 - WARNING - No match found for question: 'how do you handle deadlines and pressure?' (best score: 0)
2025-05-15 12:41:40,959 - INFO - Processing question: 'how do you handle situations where you have too many tasks to complete on your own?'
2025-05-15 12:41:40,960 - WARNING - No match found for question: 'how do you handle situations where you have too many tasks to complete on your own?' (best score: 0)
2025-05-15 12:41:40,961 - INFO - Processing question: 'how much are you willing to work when things are urgent?'
2025-05-15 12:41:40,962 - WARNING - No match found for question: 'how much are you willing to work when things are urgent?' (best score: 0)
2025-05-15 12:41:40,962 - INFO - Processing question: 'are you comfortable working with python?'
2025-05-15 12:41:40,963 - WARNING - No match found for question: 'are you comfortable working with python?' (best score: 0)
2025-05-15 12:41:40,963 - INFO - Processing question: 'do you currently have legal authorization to work in the country where the position is based?'
2025-05-15 12:41:40,963 - WARNING - No match found for question: 'do you currently have legal authorization to work in the country where the position is based?' (best score: 0)
2025-05-15 12:41:40,964 - INFO - Processing question: 'are you excited to work in-office five days a week?'
2025-05-15 12:41:40,964 - WARNING - No match found for question: 'are you excited to work in-office five days a week?' (best score: 0)
2025-05-15 12:41:40,964 - INFO - Q&A section filled successfully!
2025-05-15 12:41:40,965 - INFO - Form filled successfully!
2025-05-15 12:41:41,970 - INFO - Starting submission process...
2025-05-15 12:41:42,092 - INFO - Required field not filled: 158ca948-d245-4cb8-ad4d-9dd7f4a70d69
2025-05-15 12:41:42,107 - INFO - Required field not filled: 51027920-6052-4076-81dd-e3a89da3aef5
2025-05-15 12:41:42,343 - INFO - Waiting for 2 required fields to be filled: ['158ca948-d245-4cb8-ad4d-9dd7f4a70d69', '51027920-6052-4076-81dd-e3a89da3aef5']
2025-05-15 12:41:44,437 - INFO - Required field not filled: 158ca948-d245-4cb8-ad4d-9dd7f4a70d69
2025-05-15 12:41:44,454 - INFO - Required field not filled: 51027920-6052-4076-81dd-e3a89da3aef5
2025-05-15 12:41:44,640 - INFO - Waiting for 2 required fields to be filled: ['158ca948-d245-4cb8-ad4d-9dd7f4a70d69', '51027920-6052-4076-81dd-e3a89da3aef5']
2025-05-15 12:41:46,722 - INFO - Required field not filled: 158ca948-d245-4cb8-ad4d-9dd7f4a70d69
2025-05-15 12:41:46,737 - INFO - Required field not filled: 51027920-6052-4076-81dd-e3a89da3aef5
2025-05-15 12:41:46,905 - INFO - Waiting for 2 required fields to be filled: ['158ca948-d245-4cb8-ad4d-9dd7f4a70d69', '51027920-6052-4076-81dd-e3a89da3aef5']
2025-05-15 12:41:49,015 - INFO - Required field not filled: 158ca948-d245-4cb8-ad4d-9dd7f4a70d69
2025-05-15 12:41:49,031 - INFO - Required field not filled: 51027920-6052-4076-81dd-e3a89da3aef5
2025-05-15 12:41:49,239 - INFO - Waiting for 2 required fields to be filled: ['158ca948-d245-4cb8-ad4d-9dd7f4a70d69', '51027920-6052-4076-81dd-e3a89da3aef5']
2025-05-15 12:41:51,336 - INFO - Required field not filled: 158ca948-d245-4cb8-ad4d-9dd7f4a70d69
2025-05-15 12:41:51,358 - INFO - Required field not filled: 51027920-6052-4076-81dd-e3a89da3aef5
2025-05-15 12:41:51,540 - INFO - Waiting for 2 required fields to be filled: ['158ca948-d245-4cb8-ad4d-9dd7f4a70d69', '51027920-6052-4076-81dd-e3a89da3aef5']
2025-05-15 12:41:53,718 - INFO - Required field not filled: 51027920-6052-4076-81dd-e3a89da3aef5
2025-05-15 12:41:53,842 - INFO - Waiting for 1 required fields to be filled: ['51027920-6052-4076-81dd-e3a89da3aef5']
2025-05-15 12:41:55,970 - INFO - Required field not filled: 51027920-6052-4076-81dd-e3a89da3aef5
2025-05-15 12:41:56,116 - INFO - Waiting for 1 required fields to be filled: ['51027920-6052-4076-81dd-e3a89da3aef5']
2025-05-15 12:41:58,240 - INFO - Required field not filled: 51027920-6052-4076-81dd-e3a89da3aef5
2025-05-15 12:41:58,405 - INFO - Waiting for 1 required fields to be filled: ['51027920-6052-4076-81dd-e3a89da3aef5']
2025-05-15 12:42:00,650 - INFO - All required fields are filled.
2025-05-15 12:42:00,697 - INFO - Found submit button using selector: button._primary_8wvgw_96
2025-05-15 12:42:01,629 - INFO - Clicked submit button normally
2025-05-15 12:42:04,507 - INFO - Page changed after click - assuming submission started
2025-05-15 12:42:24,649 - WARNING - Error during submission verification: Message: 

2025-05-15 12:42:24,665 - INFO - URL suggests we left application page - assuming success
2025-05-15 12:42:24,666 - INFO - Application submitted successfully!
2025-05-15 12:42:24,667 - INFO - Log directory ensured: C:\Users\hr\OneDrive\Desktop\merge\all_job_app\logs
2025-05-15 12:42:24,668 - INFO - Log entry written to logs/ashby_log_2025-05-15.csv
2025-05-15 12:42:24,668 - INFO - Processing job: https://jobs.ashbyhq.com/Phil/455246bd-d464-4ac4-a807-53cbfecfca25
2025-05-15 12:42:26,110 - INFO - Opened job page: https://jobs.ashbyhq.com/Phil/455246bd-d464-4ac4-a807-53cbfecfca25
2025-05-15 12:42:29,288 - INFO - Apply button clicked successfully!
2025-05-15 12:42:34,296 - INFO - Attempting to upload resume from: C:\Users\hr\OneDrive\Desktop\merge\all_job_app\resume/resume.pdf
2025-05-15 12:42:34,898 - INFO - Resume file sent to input element
2025-05-15 12:42:50,231 - WARNING - No explicit upload confirmation detected: Message: 

2025-05-15 12:42:50,232 - INFO - Filling out the application form...
2025-05-15 12:42:50,352 - INFO - Filled field name with value Vijay Yadav
2025-05-15 12:42:50,517 - INFO - Filled field email with value vijay.yadav@example.com
2025-05-15 12:43:01,035 - WARNING - Error filling field phone with selector input[type='tel']: Message: 
Stacktrace:
	GetHandleVerifier [0x004AFC83+61635]
	GetHandleVerifier [0x004AFCC4+61700]
	(No symbol) [0x002D05D3]
	(No symbol) [0x0031899E]
	(No symbol) [0x00318D3B]
	(No symbol) [0x00360E12]
	(No symbol) [0x0033D2E4]
	(No symbol) [0x0035E61B]
	(No symbol) [0x0033D096]
	(No symbol) [0x0030C840]
	(No symbol) [0x0030D6A4]
	GetHandleVerifier [0x007345A3+2701795]
	GetHandleVerifier [0x0072FD26+2683238]
	GetHandleVerifier [0x0074AA6E+2793134]
	GetHandleVerifier [0x004C6945+155013]
	GetHandleVerifier [0x004CD02D+181357]
	GetHandleVerifier [0x004B74D8+92440]
	GetHandleVerifier [0x004B7680+92864]
	GetHandleVerifier [0x004A2070+5296]
	BaseThreadInitThunk [0x759AFCC9+25]
	RtlGetAppContainerNamedObjectPath [0x771B82AE+286]
	RtlGetAppContainerNamedObjectPath [0x771B827E+238]

2025-05-15 12:43:11,534 - WARNING - Error filling field phone with selector input[name='phone']: Message: 
Stacktrace:
	GetHandleVerifier [0x004AFC83+61635]
	GetHandleVerifier [0x004AFCC4+61700]
	(No symbol) [0x002D05D3]
	(No symbol) [0x0031899E]
	(No symbol) [0x00318D3B]
	(No symbol) [0x00360E12]
	(No symbol) [0x0033D2E4]
	(No symbol) [0x0035E61B]
	(No symbol) [0x0033D096]
	(No symbol) [0x0030C840]
	(No symbol) [0x0030D6A4]
	GetHandleVerifier [0x007345A3+2701795]
	GetHandleVerifier [0x0072FD26+2683238]
	GetHandleVerifier [0x0074AA6E+2793134]
	GetHandleVerifier [0x004C6945+155013]
	GetHandleVerifier [0x004CD02D+181357]
	GetHandleVerifier [0x004B74D8+92440]
	GetHandleVerifier [0x004B7680+92864]
	GetHandleVerifier [0x004A2070+5296]
	BaseThreadInitThunk [0x759AFCC9+25]
	RtlGetAppContainerNamedObjectPath [0x771B82AE+286]
	RtlGetAppContainerNamedObjectPath [0x771B827E+238]

2025-05-15 12:43:11,698 - INFO - Filled field phone with value 1234567890
2025-05-15 12:43:11,698 - WARNING - No value provided for mandatory field: address
2025-05-15 12:43:21,760 - WARNING - Error filling field location with selector input[role='combobox']: Message: 
Stacktrace:
	GetHandleVerifier [0x004AFC83+61635]
	GetHandleVerifier [0x004AFCC4+61700]
	(No symbol) [0x002D05D3]
	(No symbol) [0x0031899E]
	(No symbol) [0x00318D3B]
	(No symbol) [0x00360E12]
	(No symbol) [0x0033D2E4]
	(No symbol) [0x0035E61B]
	(No symbol) [0x0033D096]
	(No symbol) [0x0030C840]
	(No symbol) [0x0030D6A4]
	GetHandleVerifier [0x007345A3+2701795]
	GetHandleVerifier [0x0072FD26+2683238]
	GetHandleVerifier [0x0074AA6E+2793134]
	GetHandleVerifier [0x004C6945+155013]
	GetHandleVerifier [0x004CD02D+181357]
	GetHandleVerifier [0x004B74D8+92440]
	GetHandleVerifier [0x004B7680+92864]
	GetHandleVerifier [0x004A2070+5296]
	BaseThreadInitThunk [0x759AFCC9+25]
	RtlGetAppContainerNamedObjectPath [0x771B82AE+286]
	RtlGetAppContainerNamedObjectPath [0x771B827E+238]

2025-05-15 12:43:31,797 - WARNING - Error filling field location with selector input[placeholder*='Start typing']: Message: 
Stacktrace:
	GetHandleVerifier [0x004AFC83+61635]
	GetHandleVerifier [0x004AFCC4+61700]
	(No symbol) [0x002D05D3]
	(No symbol) [0x0031899E]
	(No symbol) [0x00318D3B]
	(No symbol) [0x00360E12]
	(No symbol) [0x0033D2E4]
	(No symbol) [0x0035E61B]
	(No symbol) [0x0033D096]
	(No symbol) [0x0030C840]
	(No symbol) [0x0030D6A4]
	GetHandleVerifier [0x007345A3+2701795]
	GetHandleVerifier [0x0072FD26+2683238]
	GetHandleVerifier [0x0074AA6E+2793134]
	GetHandleVerifier [0x004C6945+155013]
	GetHandleVerifier [0x004CD02D+181357]
	GetHandleVerifier [0x004B74D8+92440]
	GetHandleVerifier [0x004B7680+92864]
	GetHandleVerifier [0x004A2070+5296]
	BaseThreadInitThunk [0x759AFCC9+25]
	RtlGetAppContainerNamedObjectPath [0x771B82AE+286]
	RtlGetAppContainerNamedObjectPath [0x771B827E+238]

2025-05-15 12:43:41,826 - WARNING - LinkedIn field not found or failed to fill: Message: 
Stacktrace:
	GetHandleVerifier [0x004AFC83+61635]
	GetHandleVerifier [0x004AFCC4+61700]
	(No symbol) [0x002D05D3]
	(No symbol) [0x0031899E]
	(No symbol) [0x00318D3B]
	(No symbol) [0x00360E12]
	(No symbol) [0x0033D2E4]
	(No symbol) [0x0035E61B]
	(No symbol) [0x0033D096]
	(No symbol) [0x0030C840]
	(No symbol) [0x0030D6A4]
	GetHandleVerifier [0x007345A3+2701795]
	GetHandleVerifier [0x0072FD26+2683238]
	GetHandleVerifier [0x0074AA6E+2793134]
	GetHandleVerifier [0x004C6945+155013]
	GetHandleVerifier [0x004CD02D+181357]
	GetHandleVerifier [0x004B74D8+92440]
	GetHandleVerifier [0x004B7680+92864]
	GetHandleVerifier [0x004A2070+5296]
	BaseThreadInitThunk [0x759AFCC9+25]
	RtlGetAppContainerNamedObjectPath [0x771B82AE+286]
	RtlGetAppContainerNamedObjectPath [0x771B827E+238]

2025-05-15 12:43:41,835 - INFO - Filling out the Q&A section...
2025-05-15 12:43:42,690 - INFO - Form Q&A questions found: ['Salary Requirement', "Briefly describe a LLM project you've worked on"]
2025-05-15 12:43:42,690 - INFO - Processing question: 'where did you hear about biorender?'
2025-05-15 12:43:42,691 - WARNING - No match found for question: 'where did you hear about biorender?' (best score: 0)
2025-05-15 12:43:42,692 - INFO - Processing question: 'do you have programming experience or are you in a cs degree?'
2025-05-15 12:43:42,692 - WARNING - No match found for question: 'do you have programming experience or are you in a cs degree?' (best score: 0)
2025-05-15 12:43:42,693 - INFO - Processing question: 'are you legally authorized to work in the u.s. without restriction for any employer?'
2025-05-15 12:43:42,693 - WARNING - No match found for question: 'are you legally authorized to work in the u.s. without restriction for any employer?' (best score: 0)
2025-05-15 12:43:42,693 - INFO - Processing question: 'are you legally authorized to work in canada or the united states?'
2025-05-15 12:43:42,694 - WARNING - No match found for question: 'are you legally authorized to work in canada or the united states?' (best score: 0)
2025-05-15 12:43:42,694 - INFO - Processing question: 'how many years of experience do you have as a machine learning engineer?'
2025-05-15 12:43:42,695 - WARNING - No match found for question: 'how many years of experience do you have as a machine learning engineer?' (best score: 0)
2025-05-15 12:43:42,696 - INFO - Processing question: 'are you legally authorized to work in the united states?'
2025-05-15 12:43:42,696 - WARNING - No match found for question: 'are you legally authorized to work in the united states?' (best score: 0)
2025-05-15 12:43:42,697 - INFO - Processing question: 'what are your salary expectations?'
2025-05-15 12:43:42,698 - WARNING - No match found for question: 'what are your salary expectations?' (best score: 0)
2025-05-15 12:43:42,698 - INFO - Processing question: 'have you previously worked for hims & hers as an employee or contractor/consultant?'
2025-05-15 12:43:42,699 - WARNING - No match found for question: 'have you previously worked for hims & hers as an employee or contractor/consultant?' (best score: 0)
2025-05-15 12:43:42,699 - INFO - Processing question: 'are you legally authorized to work in canada?'
2025-05-15 12:43:42,700 - WARNING - No match found for question: 'are you legally authorized to work in canada?' (best score: 0)
2025-05-15 12:43:42,700 - INFO - Processing question: 'how did you hear about us?'
2025-05-15 12:43:42,701 - WARNING - No match found for question: 'how did you hear about us?' (best score: 0)
2025-05-15 12:43:42,701 - INFO - Processing question: 'are you a veteran/have you served in the military?'
2025-05-15 12:43:42,702 - WARNING - No match found for question: 'are you a veteran/have you served in the military?' (best score: 0)
2025-05-15 12:43:42,702 - INFO - Processing question: 'do you identify as having a disability?.no'
2025-05-15 12:43:42,703 - WARNING - No match found for question: 'do you identify as having a disability?.no' (best score: 0)
2025-05-15 12:43:42,703 - INFO - Processing question: 'will you now or in the future require immigration sponsorship by hims & hers in order to work for hims & hers in the u.s.?'
2025-05-15 12:43:42,704 - WARNING - No match found for question: 'will you now or in the future require immigration sponsorship by hims & hers in order to work for hims & hers in the u.s.?' (best score: 0)
2025-05-15 12:43:42,704 - INFO - Processing question: 'have you worked as a software engineer prior to moving into ml?'
2025-05-15 12:43:42,705 - WARNING - No match found for question: 'have you worked as a software engineer prior to moving into ml?' (best score: 0)
2025-05-15 12:43:42,705 - INFO - Processing question: 'which languages and dialects do you speak fluently?'
2025-05-15 12:43:42,705 - WARNING - No match found for question: 'which languages and dialects do you speak fluently?' (best score: 0)
2025-05-15 12:43:42,706 - INFO - Processing question: 'are you open to tier 2 (medium complexity) rlhf projects at listed rate for your location?'
2025-05-15 12:43:42,706 - WARNING - No match found for question: 'are you open to tier 2 (medium complexity) rlhf projects at listed rate for your location?' (best score: 0)
2025-05-15 12:43:42,707 - INFO - Processing question: 'do you have any familial relationships with current virta employees?'
2025-05-15 12:43:42,707 - WARNING - No match found for question: 'do you have any familial relationships with current virta employees?' (best score: 0)
2025-05-15 12:43:42,708 - INFO - Processing question: 'are you 18 or older and legally eligible to work in the country of the job you are applying for?'
2025-05-15 12:43:42,708 - WARNING - No match found for question: 'are you 18 or older and legally eligible to work in the country of the job you are applying for?' (best score: 0)
2025-05-15 12:43:42,710 - INFO - Processing question: 'will you now or in the future require sponsorship for employment?'
2025-05-15 12:43:42,710 - WARNING - No match found for question: 'will you now or in the future require sponsorship for employment?' (best score: 0)
2025-05-15 12:43:42,710 - INFO - Processing question: 'how many years of experience do you have in mle?'
2025-05-15 12:43:42,711 - WARNING - No match found for question: 'how many years of experience do you have in mle?' (best score: 0)
2025-05-15 12:43:42,711 - INFO - Processing question: 'are you legally authorized to work in the country?'
2025-05-15 12:43:42,712 - WARNING - No match found for question: 'are you legally authorized to work in the country?' (best score: 0)
2025-05-15 12:43:42,712 - INFO - Processing question: 'what is your expected salary?'
2025-05-15 12:43:42,713 - WARNING - No match found for question: 'what is your expected salary?' (best score: 0)
2025-05-15 12:43:42,713 - INFO - Processing question: 'are you legally eligible to work in the us?'
2025-05-15 12:43:42,713 - WARNING - No match found for question: 'are you legally eligible to work in the us?' (best score: 0)
2025-05-15 12:43:42,714 - INFO - Processing question: 'are you willing & able to come into our downtown san francisco office on a hybrid basis? (3 days /week)?'
2025-05-15 12:43:42,714 - WARNING - No match found for question: 'are you willing & able to come into our downtown san francisco office on a hybrid basis? (3 days /week)?' (best score: 0)
2025-05-15 12:43:42,715 - INFO - Processing question: 'can you work onsite in palo alto?'
2025-05-15 12:43:42,716 - WARNING - No match found for question: 'can you work onsite in palo alto?' (best score: 0)
2025-05-15 12:43:42,716 - INFO - Processing question: 'our offices are located in san francisco ca and new york city. please indicate which location you are interested in?'
2025-05-15 12:43:42,716 - WARNING - No match found for question: 'our offices are located in san francisco ca and new york city. please indicate which location you are interested in?' (best score: 0)
2025-05-15 12:43:42,717 - INFO - Processing question: 'will you now or will you in the future require employment visa sponsorship to work in the country in which the job you're applying for is located?'
2025-05-15 12:43:42,717 - WARNING - No match found for question: 'will you now or will you in the future require employment visa sponsorship to work in the country in which the job you're applying for is located?' (best score: 0)
2025-05-15 12:43:42,718 - INFO - Processing question: 'do you have authorization to work in the united states?'
2025-05-15 12:43:42,718 - WARNING - No match found for question: 'do you have authorization to work in the united states?' (best score: 0)
2025-05-15 12:43:42,719 - INFO - Processing question: 'will you now or in the future require sponsorship for employment visa status?'
2025-05-15 12:43:42,719 - WARNING - No match found for question: 'will you now or in the future require sponsorship for employment visa status?' (best score: 0)
2025-05-15 12:43:42,720 - INFO - Processing question: 'are you available to work in person at the promise office  location listed in the job description at least three times per week?'
2025-05-15 12:43:42,720 - WARNING - No match found for question: 'are you available to work in person at the promise office  location listed in the job description at least three times per week?' (best score: 0)
2025-05-15 12:43:42,721 - INFO - Processing question: 'are you 18 or older?'
2025-05-15 12:43:42,721 - WARNING - No match found for question: 'are you 18 or older?' (best score: 0)
2025-05-15 12:43:42,721 - INFO - Processing question: 'are you comfortable working with javascript?'
2025-05-15 12:43:42,722 - WARNING - No match found for question: 'are you comfortable working with javascript?' (best score: 0)
2025-05-15 12:43:42,722 - INFO - Processing question: 'would you willing to relocate to/be in office in san francisco?'
2025-05-15 12:43:42,723 - WARNING - No match found for question: 'would you willing to relocate to/be in office in san francisco?' (best score: 0)
2025-05-15 12:43:42,723 - INFO - Processing question: 'what annual salary are you looking for in $usd?'
2025-05-15 12:43:42,724 - WARNING - No match found for question: 'what annual salary are you looking for in $usd?' (best score: 0)
2025-05-15 12:43:42,725 - INFO - Processing question: 'are you looking for full-time or part-time work?'
2025-05-15 12:43:42,726 - WARNING - No match found for question: 'are you looking for full-time or part-time work?' (best score: 0)
2025-05-15 12:43:42,726 - INFO - Processing question: 'how would you best describe your ideal work environment?'
2025-05-15 12:43:42,727 - WARNING - No match found for question: 'how would you best describe your ideal work environment?' (best score: 0)
2025-05-15 12:43:42,727 - INFO - Processing question: 'how do you handle deadlines and pressure?'
2025-05-15 12:43:42,728 - WARNING - No match found for question: 'how do you handle deadlines and pressure?' (best score: 0)
2025-05-15 12:43:42,729 - INFO - Processing question: 'how do you handle situations where you have too many tasks to complete on your own?'
2025-05-15 12:43:42,729 - WARNING - No match found for question: 'how do you handle situations where you have too many tasks to complete on your own?' (best score: 0)
2025-05-15 12:43:42,730 - INFO - Processing question: 'how much are you willing to work when things are urgent?'
2025-05-15 12:43:42,730 - WARNING - No match found for question: 'how much are you willing to work when things are urgent?' (best score: 0)
2025-05-15 12:43:42,731 - INFO - Processing question: 'are you comfortable working with python?'
2025-05-15 12:43:42,731 - WARNING - No match found for question: 'are you comfortable working with python?' (best score: 0)
2025-05-15 12:43:42,732 - INFO - Processing question: 'do you currently have legal authorization to work in the country where the position is based?'
2025-05-15 12:43:42,732 - WARNING - No match found for question: 'do you currently have legal authorization to work in the country where the position is based?' (best score: 0)
2025-05-15 12:43:42,733 - INFO - Processing question: 'are you excited to work in-office five days a week?'
2025-05-15 12:43:42,733 - WARNING - No match found for question: 'are you excited to work in-office five days a week?' (best score: 0)
2025-05-15 12:43:42,733 - INFO - Q&A section filled successfully!
2025-05-15 12:43:42,734 - INFO - Form filled successfully!
2025-05-15 12:43:43,742 - INFO - Starting submission process...
2025-05-15 12:43:43,840 - INFO - Required field not filled: 51027920-6052-4076-81dd-e3a89da3aef5
2025-05-15 12:43:44,045 - INFO - Waiting for 1 required fields to be filled: ['51027920-6052-4076-81dd-e3a89da3aef5']
2025-05-15 12:43:46,163 - INFO - Required field not filled: 51027920-6052-4076-81dd-e3a89da3aef5
2025-05-15 12:43:46,307 - INFO - Waiting for 1 required fields to be filled: ['51027920-6052-4076-81dd-e3a89da3aef5']
2025-05-15 12:43:48,436 - INFO - Required field not filled: 51027920-6052-4076-81dd-e3a89da3aef5
2025-05-15 12:43:48,626 - INFO - Waiting for 1 required fields to be filled: ['51027920-6052-4076-81dd-e3a89da3aef5']
2025-05-15 12:43:50,726 - INFO - Required field not filled: 158ca948-d245-4cb8-ad4d-9dd7f4a70d69
2025-05-15 12:43:50,741 - INFO - Required field not filled: 51027920-6052-4076-81dd-e3a89da3aef5
2025-05-15 12:43:50,918 - INFO - Waiting for 2 required fields to be filled: ['158ca948-d245-4cb8-ad4d-9dd7f4a70d69', '51027920-6052-4076-81dd-e3a89da3aef5']
2025-05-15 12:43:52,987 - INFO - Required field not filled: 158ca948-d245-4cb8-ad4d-9dd7f4a70d69
2025-05-15 12:43:53,010 - INFO - Required field not filled: 51027920-6052-4076-81dd-e3a89da3aef5
2025-05-15 12:43:53,196 - INFO - Waiting for 2 required fields to be filled: ['158ca948-d245-4cb8-ad4d-9dd7f4a70d69', '51027920-6052-4076-81dd-e3a89da3aef5']
2025-05-15 12:43:55,315 - INFO - Required field not filled: 51027920-6052-4076-81dd-e3a89da3aef5
2025-05-15 12:43:55,461 - INFO - Waiting for 1 required fields to be filled: ['51027920-6052-4076-81dd-e3a89da3aef5']
2025-05-15 12:43:57,624 - INFO - Required field not filled: 51027920-6052-4076-81dd-e3a89da3aef5
2025-05-15 12:43:57,758 - INFO - Waiting for 1 required fields to be filled: ['51027920-6052-4076-81dd-e3a89da3aef5']
2025-05-15 12:43:59,994 - INFO - All required fields are filled.
2025-05-15 12:44:00,039 - INFO - Found submit button using selector: button._primary_8wvgw_96
2025-05-15 12:44:01,245 - INFO - Clicked submit button normally
2025-05-15 12:44:03,320 - INFO - Page changed after click - assuming submission started
2025-05-15 12:44:23,430 - WARNING - Error during submission verification: Message: 

2025-05-15 12:44:23,436 - INFO - URL suggests we left application page - assuming success
2025-05-15 12:44:23,437 - INFO - Application submitted successfully!
2025-05-15 12:44:23,437 - INFO - Log directory ensured: C:\Users\hr\OneDrive\Desktop\merge\all_job_app\logs
2025-05-15 12:44:23,439 - INFO - Log entry written to logs/ashby_log_2025-05-15.csv
2025-05-15 12:44:23,776 - INFO - Job application process completed!
2025-05-15 13:27:31,787 - INFO - Selected profile: swathika.K.yaml
2025-05-15 13:27:31,809 - INFO - Detected Chrome version: 136.0.7103.93
2025-05-15 13:27:31,809 - INFO - ====== WebDriver manager ======
2025-05-15 13:27:32,729 - INFO - Get LATEST chromedriver version for google-chrome
2025-05-15 13:27:32,771 - INFO - Get LATEST chromedriver version for google-chrome
2025-05-15 13:27:32,802 - INFO - Driver [C:\Users\hr\.wdm\drivers\chromedriver\win64\136.0.7103.94\chromedriver-win32/chromedriver.exe] found in cache
2025-05-15 13:27:33,783 - INFO - patching driver executable C:\Users\hr\appdata\roaming\undetected_chromedriver\undetected_chromedriver.exe
2025-05-15 13:27:34,598 - INFO - Processing job: https://jobs.ashbyhq.com/airwallex/f5c945c9-dc25-4b35-a6bd-ae2fef539727
2025-05-15 13:27:36,836 - INFO - Opened job page: https://jobs.ashbyhq.com/airwallex/f5c945c9-dc25-4b35-a6bd-ae2fef539727
2025-05-15 13:27:40,073 - INFO - Apply button clicked successfully!
2025-05-15 13:27:45,082 - INFO - Attempting to upload resume from: C:\Users\hr\OneDrive\Desktop\merge\all_job_app\resume/swathika.pdf
2025-05-15 13:27:45,658 - INFO - Resume file sent to input element
2025-05-15 13:28:01,051 - WARNING - No explicit upload confirmation detected: Message: 

2025-05-15 13:28:01,052 - INFO - Filling out the application form...
2025-05-15 13:28:01,174 - INFO - Filled field name with value Swathika Kalyanas
2025-05-15 13:28:01,290 - INFO - Filled field email with value Swathika.kalyan0488@gmail.com
2025-05-15 13:28:01,387 - INFO - Filled field phone with value (925) 579-1278
2025-05-15 13:28:01,387 - WARNING - No value provided for mandatory field: address
2025-05-15 13:28:11,845 - WARNING - Error filling field location with selector input[role='combobox']: Message: 
Stacktrace:
	GetHandleVerifier [0x0101FC83+61635]
	GetHandleVerifier [0x0101FCC4+61700]
	(No symbol) [0x00E405D3]
	(No symbol) [0x00E8899E]
	(No symbol) [0x00E88D3B]
	(No symbol) [0x00ED0E12]
	(No symbol) [0x00EAD2E4]
	(No symbol) [0x00ECE61B]
	(No symbol) [0x00EAD096]
	(No symbol) [0x00E7C840]
	(No symbol) [0x00E7D6A4]
	GetHandleVerifier [0x012A45A3+2701795]
	GetHandleVerifier [0x0129FD26+2683238]
	GetHandleVerifier [0x012BAA6E+2793134]
	GetHandleVerifier [0x01036945+155013]
	GetHandleVerifier [0x0103D02D+181357]
	GetHandleVerifier [0x010274D8+92440]
	GetHandleVerifier [0x01027680+92864]
	GetHandleVerifier [0x01012070+5296]
	BaseThreadInitThunk [0x759AFCC9+25]
	RtlGetAppContainerNamedObjectPath [0x771B82AE+286]
	RtlGetAppContainerNamedObjectPath [0x771B827E+238]

2025-05-15 13:28:22,278 - WARNING - Error filling field location with selector input[placeholder*='Start typing']: Message: 
Stacktrace:
	GetHandleVerifier [0x0101FC83+61635]
	GetHandleVerifier [0x0101FCC4+61700]
	(No symbol) [0x00E405D3]
	(No symbol) [0x00E8899E]
	(No symbol) [0x00E88D3B]
	(No symbol) [0x00ED0E12]
	(No symbol) [0x00EAD2E4]
	(No symbol) [0x00ECE61B]
	(No symbol) [0x00EAD096]
	(No symbol) [0x00E7C840]
	(No symbol) [0x00E7D6A4]
	GetHandleVerifier [0x012A45A3+2701795]
	GetHandleVerifier [0x0129FD26+2683238]
	GetHandleVerifier [0x012BAA6E+2793134]
	GetHandleVerifier [0x01036945+155013]
	GetHandleVerifier [0x0103D02D+181357]
	GetHandleVerifier [0x010274D8+92440]
	GetHandleVerifier [0x01027680+92864]
	GetHandleVerifier [0x01012070+5296]
	BaseThreadInitThunk [0x759AFCC9+25]
	RtlGetAppContainerNamedObjectPath [0x771B82AE+286]
	RtlGetAppContainerNamedObjectPath [0x771B827E+238]

2025-05-15 13:28:22,457 - INFO - Filled LinkedIn field
2025-05-15 13:28:22,457 - INFO - Filling out the Q&A section...
2025-05-15 13:28:23,739 - INFO - Form Q&A questions found: ['Current company', 'Additional information', 'Twitter', 'GitHub', 'Portfolio', 'Other']
2025-05-15 13:28:23,740 - INFO - Processing question: 'where did you hear about biorender?'
2025-05-15 13:28:23,740 - WARNING - No match found for question: 'where did you hear about biorender?' (best score: 0)
2025-05-15 13:28:23,741 - INFO - Processing question: 'do you have programming experience or are you in a cs degree?'
2025-05-15 13:28:23,741 - WARNING - No match found for question: 'do you have programming experience or are you in a cs degree?' (best score: 0)
2025-05-15 13:28:23,742 - INFO - Processing question: 'are you legally authorized to work in the u.s. without restriction for any employer?'
2025-05-15 13:28:23,743 - WARNING - No match found for question: 'are you legally authorized to work in the u.s. without restriction for any employer?' (best score: 0)
2025-05-15 13:28:23,743 - INFO - Processing question: 'are you legally authorized to work in canada or the united states?'
2025-05-15 13:28:23,744 - WARNING - No match found for question: 'are you legally authorized to work in canada or the united states?' (best score: 0)
2025-05-15 13:28:23,744 - INFO - Processing question: 'how many years of experience do you have as a machine learning engineer?'
2025-05-15 13:28:23,745 - WARNING - No match found for question: 'how many years of experience do you have as a machine learning engineer?' (best score: 0)
2025-05-15 13:28:23,745 - INFO - Processing question: 'are you legally authorized to work in the united states?'
2025-05-15 13:28:23,746 - WARNING - No match found for question: 'are you legally authorized to work in the united states?' (best score: 0)
2025-05-15 13:28:23,746 - INFO - Processing question: 'what are your salary expectations?'
2025-05-15 13:28:23,747 - WARNING - No match found for question: 'what are your salary expectations?' (best score: 0)
2025-05-15 13:28:23,747 - INFO - Processing question: 'have you previously worked for hims & hers as an employee or contractor/consultant?'
2025-05-15 13:28:23,748 - WARNING - No match found for question: 'have you previously worked for hims & hers as an employee or contractor/consultant?' (best score: 0)
2025-05-15 13:28:23,748 - INFO - Processing question: 'are you legally authorized to work in canada?'
2025-05-15 13:28:23,749 - WARNING - No match found for question: 'are you legally authorized to work in canada?' (best score: 0)
2025-05-15 13:28:23,749 - INFO - Processing question: 'how did you hear about us?'
2025-05-15 13:28:23,749 - WARNING - No match found for question: 'how did you hear about us?' (best score: 0)
2025-05-15 13:28:23,750 - INFO - Processing question: 'are you a veteran/have you served in the military?'
2025-05-15 13:28:23,750 - WARNING - No match found for question: 'are you a veteran/have you served in the military?' (best score: 0)
2025-05-15 13:28:23,751 - INFO - Processing question: 'do you identify as having a disability?.no'
2025-05-15 13:28:23,751 - WARNING - No match found for question: 'do you identify as having a disability?.no' (best score: 0)
2025-05-15 13:28:23,751 - INFO - Processing question: 'will you now or in the future require immigration sponsorship by hims & hers in order to work for hims & hers in the u.s.?'
2025-05-15 13:28:23,752 - WARNING - No match found for question: 'will you now or in the future require immigration sponsorship by hims & hers in order to work for hims & hers in the u.s.?' (best score: 0)
2025-05-15 13:28:23,753 - INFO - Processing question: 'have you worked as a software engineer prior to moving into ml?'
2025-05-15 13:28:23,753 - WARNING - No match found for question: 'have you worked as a software engineer prior to moving into ml?' (best score: 0)
2025-05-15 13:28:23,753 - INFO - Processing question: 'which languages and dialects do you speak fluently?'
2025-05-15 13:28:23,754 - WARNING - No match found for question: 'which languages and dialects do you speak fluently?' (best score: 0)
2025-05-15 13:28:23,754 - INFO - Processing question: 'are you open to tier 2 (medium complexity) rlhf projects at listed rate for your location?'
2025-05-15 13:28:23,755 - WARNING - No match found for question: 'are you open to tier 2 (medium complexity) rlhf projects at listed rate for your location?' (best score: 0)
2025-05-15 13:28:23,755 - INFO - Processing question: 'do you have any familial relationships with current virta employees?'
2025-05-15 13:28:23,756 - WARNING - No match found for question: 'do you have any familial relationships with current virta employees?' (best score: 0)
2025-05-15 13:28:23,756 - INFO - Processing question: 'are you 18 or older and legally eligible to work in the country of the job you are applying for?'
2025-05-15 13:28:23,757 - WARNING - No match found for question: 'are you 18 or older and legally eligible to work in the country of the job you are applying for?' (best score: 0)
2025-05-15 13:28:23,757 - INFO - Processing question: 'will you now or in the future require sponsorship for employment?'
2025-05-15 13:28:23,757 - WARNING - No match found for question: 'will you now or in the future require sponsorship for employment?' (best score: 0)
2025-05-15 13:28:23,758 - INFO - Processing question: 'how many years of experience do you have in mle?'
2025-05-15 13:28:23,758 - WARNING - No match found for question: 'how many years of experience do you have in mle?' (best score: 0)
2025-05-15 13:28:23,759 - INFO - Processing question: 'are you legally authorized to work in the country?'
2025-05-15 13:28:23,759 - WARNING - No match found for question: 'are you legally authorized to work in the country?' (best score: 0)
2025-05-15 13:28:23,759 - INFO - Processing question: 'what is your expected salary?'
2025-05-15 13:28:23,760 - WARNING - No match found for question: 'what is your expected salary?' (best score: 0)
2025-05-15 13:28:23,760 - INFO - Processing question: 'are you legally eligible to work in the us?'
2025-05-15 13:28:23,761 - WARNING - No match found for question: 'are you legally eligible to work in the us?' (best score: 0)
2025-05-15 13:28:23,761 - INFO - Processing question: 'are you willing & able to come into our downtown san francisco office on a hybrid basis? (3 days /week)?'
2025-05-15 13:28:23,763 - WARNING - No match found for question: 'are you willing & able to come into our downtown san francisco office on a hybrid basis? (3 days /week)?' (best score: 0)
2025-05-15 13:28:23,763 - INFO - Processing question: 'can you work onsite in palo alto?'
2025-05-15 13:28:23,764 - WARNING - No match found for question: 'can you work onsite in palo alto?' (best score: 0)
2025-05-15 13:28:23,764 - INFO - Processing question: 'our offices are located in san francisco ca and new york city. please indicate which location you are interested in?'
2025-05-15 13:28:23,764 - WARNING - No match found for question: 'our offices are located in san francisco ca and new york city. please indicate which location you are interested in?' (best score: 0)
2025-05-15 13:28:23,766 - INFO - Processing question: 'will you now or will you in the future require employment visa sponsorship to work in the country in which the job you're applying for is located?'
2025-05-15 13:28:23,767 - WARNING - No match found for question: 'will you now or will you in the future require employment visa sponsorship to work in the country in which the job you're applying for is located?' (best score: 0)
2025-05-15 13:28:23,768 - INFO - Processing question: 'do you have authorization to work in the united states?'
2025-05-15 13:28:23,768 - WARNING - No match found for question: 'do you have authorization to work in the united states?' (best score: 0)
2025-05-15 13:28:23,769 - INFO - Processing question: 'will you now or in the future require sponsorship for employment visa status?'
2025-05-15 13:28:23,769 - WARNING - No match found for question: 'will you now or in the future require sponsorship for employment visa status?' (best score: 0)
2025-05-15 13:28:23,770 - INFO - Processing question: 'are you available to work in person at the promise office  location listed in the job description at least three times per week?'
2025-05-15 13:28:23,770 - WARNING - No match found for question: 'are you available to work in person at the promise office  location listed in the job description at least three times per week?' (best score: 0)
2025-05-15 13:28:23,771 - INFO - Processing question: 'are you 18 or older?'
2025-05-15 13:28:23,772 - WARNING - No match found for question: 'are you 18 or older?' (best score: 0)
2025-05-15 13:28:23,772 - INFO - Processing question: 'are you comfortable working with javascript?'
2025-05-15 13:28:23,772 - WARNING - No match found for question: 'are you comfortable working with javascript?' (best score: 0)
2025-05-15 13:28:23,772 - INFO - Processing question: 'would you willing to relocate to/be in office in san francisco?'
2025-05-15 13:28:23,773 - WARNING - No match found for question: 'would you willing to relocate to/be in office in san francisco?' (best score: 0)
2025-05-15 13:28:23,773 - INFO - Processing question: 'what annual salary are you looking for in $usd?'
2025-05-15 13:28:23,774 - WARNING - No match found for question: 'what annual salary are you looking for in $usd?' (best score: 0)
2025-05-15 13:28:23,774 - INFO - Processing question: 'are you looking for full-time or part-time work?'
2025-05-15 13:28:23,775 - WARNING - No match found for question: 'are you looking for full-time or part-time work?' (best score: 0)
2025-05-15 13:28:23,775 - INFO - Processing question: 'how would you best describe your ideal work environment?'
2025-05-15 13:28:23,776 - WARNING - No match found for question: 'how would you best describe your ideal work environment?' (best score: 0)
2025-05-15 13:28:23,776 - INFO - Processing question: 'how do you handle deadlines and pressure?'
2025-05-15 13:28:23,777 - WARNING - No match found for question: 'how do you handle deadlines and pressure?' (best score: 0)
2025-05-15 13:28:23,777 - INFO - Processing question: 'how do you handle situations where you have too many tasks to complete on your own?'
2025-05-15 13:28:23,777 - WARNING - No match found for question: 'how do you handle situations where you have too many tasks to complete on your own?' (best score: 0)
2025-05-15 13:28:23,777 - INFO - Processing question: 'how much are you willing to work when things are urgent?'
2025-05-15 13:28:23,777 - WARNING - No match found for question: 'how much are you willing to work when things are urgent?' (best score: 0)
2025-05-15 13:28:23,777 - INFO - Processing question: 'are you comfortable working with python?'
2025-05-15 13:28:23,780 - WARNING - No match found for question: 'are you comfortable working with python?' (best score: 0)
2025-05-15 13:28:23,780 - INFO - Processing question: 'do you currently have legal authorization to work in the country where the position is based?'
2025-05-15 13:28:23,781 - WARNING - No match found for question: 'do you currently have legal authorization to work in the country where the position is based?' (best score: 0)
2025-05-15 13:28:23,781 - INFO - Processing question: 'are you excited to work in-office five days a week?'
2025-05-15 13:28:23,782 - WARNING - No match found for question: 'are you excited to work in-office five days a week?' (best score: 0)
2025-05-15 13:28:23,782 - INFO - Q&A section filled successfully!
2025-05-15 13:28:23,782 - INFO - Form filled successfully!
2025-05-15 13:28:24,794 - INFO - Starting submission process...
2025-05-15 13:28:24,993 - INFO - All required fields are filled.
2025-05-15 13:28:25,043 - INFO - Found submit button using selector: button._primary_8wvgw_96
2025-05-15 13:28:26,632 - INFO - Clicked submit button normally
2025-05-15 13:28:29,481 - INFO - Page changed after click - assuming submission started
2025-05-15 13:28:49,877 - WARNING - Error during submission verification: Message: 

2025-05-15 13:28:49,878 - INFO - URL suggests we left application page - assuming success
2025-05-15 13:28:49,878 - INFO - Application submitted successfully!
2025-05-15 13:28:49,878 - INFO - Log directory ensured: C:\Users\hr\OneDrive\Desktop\merge\all_job_app\logs
2025-05-15 13:28:49,884 - INFO - Log entry written to logs/ashby_log_2025-05-15.csv
2025-05-15 13:28:49,884 - INFO - Processing job: https://jobs.ashbyhq.com/zip/f2966399-c936-4bd2-911d-42d0b5793618
2025-05-15 13:28:50,996 - INFO - Opened job page: https://jobs.ashbyhq.com/zip/f2966399-c936-4bd2-911d-42d0b5793618
2025-05-15 13:28:54,153 - INFO - Apply button clicked successfully!
2025-05-15 13:28:59,162 - INFO - Attempting to upload resume from: C:\Users\hr\OneDrive\Desktop\merge\all_job_app\resume/swathika.pdf
2025-05-15 13:29:09,554 - ERROR - Could not find file input element
2025-05-15 13:29:09,554 - INFO - Filling out the application form...
2025-05-15 13:29:19,579 - WARNING - Error filling field name with selector #_systemfield_name: Message: 
Stacktrace:
	GetHandleVerifier [0x0101FC83+61635]
	GetHandleVerifier [0x0101FCC4+61700]
	(No symbol) [0x00E405D3]
	(No symbol) [0x00E8899E]
	(No symbol) [0x00E88D3B]
	(No symbol) [0x00ED0E12]
	(No symbol) [0x00EAD2E4]
	(No symbol) [0x00ECE61B]
	(No symbol) [0x00EAD096]
	(No symbol) [0x00E7C840]
	(No symbol) [0x00E7D6A4]
	GetHandleVerifier [0x012A45A3+2701795]
	GetHandleVerifier [0x0129FD26+2683238]
	GetHandleVerifier [0x012BAA6E+2793134]
	GetHandleVerifier [0x01036945+155013]
	GetHandleVerifier [0x0103D02D+181357]
	GetHandleVerifier [0x010274D8+92440]
	GetHandleVerifier [0x01027680+92864]
	GetHandleVerifier [0x01012070+5296]
	BaseThreadInitThunk [0x759AFCC9+25]
	RtlGetAppContainerNamedObjectPath [0x771B82AE+286]
	RtlGetAppContainerNamedObjectPath [0x771B827E+238]

2025-05-15 13:29:30,064 - WARNING - Error filling field name with selector input[name='name']: Message: 
Stacktrace:
	GetHandleVerifier [0x0101FC83+61635]
	GetHandleVerifier [0x0101FCC4+61700]
	(No symbol) [0x00E405D3]
	(No symbol) [0x00E8899E]
	(No symbol) [0x00E88D3B]
	(No symbol) [0x00ED0E12]
	(No symbol) [0x00EAD2E4]
	(No symbol) [0x00ECE61B]
	(No symbol) [0x00EAD096]
	(No symbol) [0x00E7C840]
	(No symbol) [0x00E7D6A4]
	GetHandleVerifier [0x012A45A3+2701795]
	GetHandleVerifier [0x0129FD26+2683238]
	GetHandleVerifier [0x012BAA6E+2793134]
	GetHandleVerifier [0x01036945+155013]
	GetHandleVerifier [0x0103D02D+181357]
	GetHandleVerifier [0x010274D8+92440]
	GetHandleVerifier [0x01027680+92864]
	GetHandleVerifier [0x01012070+5296]
	BaseThreadInitThunk [0x759AFCC9+25]
	RtlGetAppContainerNamedObjectPath [0x771B82AE+286]
	RtlGetAppContainerNamedObjectPath [0x771B827E+238]

2025-05-15 13:29:31,339 - INFO - Filled field email with value Swathika.kalyan0488@gmail.com
2025-05-15 13:29:31,448 - INFO - Filled field phone with value (925) 579-1278
2025-05-15 13:29:31,448 - WARNING - No value provided for mandatory field: address
2025-05-15 13:29:41,967 - WARNING - Error filling field location with selector input[role='combobox']: Message: 
Stacktrace:
	GetHandleVerifier [0x0101FC83+61635]
	GetHandleVerifier [0x0101FCC4+61700]
	(No symbol) [0x00E405D3]
	(No symbol) [0x00E8899E]
	(No symbol) [0x00E88D3B]
	(No symbol) [0x00ED0E12]
	(No symbol) [0x00EAD2E4]
	(No symbol) [0x00ECE61B]
	(No symbol) [0x00EAD096]
	(No symbol) [0x00E7C840]
	(No symbol) [0x00E7D6A4]
	GetHandleVerifier [0x012A45A3+2701795]
	GetHandleVerifier [0x0129FD26+2683238]
	GetHandleVerifier [0x012BAA6E+2793134]
	GetHandleVerifier [0x01036945+155013]
	GetHandleVerifier [0x0103D02D+181357]
	GetHandleVerifier [0x010274D8+92440]
	GetHandleVerifier [0x01027680+92864]
	GetHandleVerifier [0x01012070+5296]
	BaseThreadInitThunk [0x759AFCC9+25]
	RtlGetAppContainerNamedObjectPath [0x771B82AE+286]
	RtlGetAppContainerNamedObjectPath [0x771B827E+238]

2025-05-15 13:29:52,420 - WARNING - Error filling field location with selector input[placeholder*='Start typing']: Message: 
Stacktrace:
	GetHandleVerifier [0x0101FC83+61635]
	GetHandleVerifier [0x0101FCC4+61700]
	(No symbol) [0x00E405D3]
	(No symbol) [0x00E8899E]
	(No symbol) [0x00E88D3B]
	(No symbol) [0x00ED0E12]
	(No symbol) [0x00EAD2E4]
	(No symbol) [0x00ECE61B]
	(No symbol) [0x00EAD096]
	(No symbol) [0x00E7C840]
	(No symbol) [0x00E7D6A4]
	GetHandleVerifier [0x012A45A3+2701795]
	GetHandleVerifier [0x0129FD26+2683238]
	GetHandleVerifier [0x012BAA6E+2793134]
	GetHandleVerifier [0x01036945+155013]
	GetHandleVerifier [0x0103D02D+181357]
	GetHandleVerifier [0x010274D8+92440]
	GetHandleVerifier [0x01027680+92864]
	GetHandleVerifier [0x01012070+5296]
	BaseThreadInitThunk [0x759AFCC9+25]
	RtlGetAppContainerNamedObjectPath [0x771B82AE+286]
	RtlGetAppContainerNamedObjectPath [0x771B827E+238]

2025-05-15 13:29:52,587 - INFO - Filled LinkedIn field
2025-05-15 13:29:52,587 - INFO - Filling out the Q&A section...
2025-05-15 13:29:53,353 - INFO - Form Q&A questions found: []
2025-05-15 13:29:53,353 - WARNING - No Q&A questions found in the form. Skipping Q&A section.
2025-05-15 13:29:53,353 - INFO - Form filled successfully!
2025-05-15 13:29:54,354 - INFO - Starting submission process...
2025-05-15 13:29:54,420 - INFO - Required field not filled: _systemfield_name
2025-05-15 13:29:54,703 - INFO - Required radio group not answered: Are you willing and able to come into our downtown SF office 3 days per week?
2025-05-15 13:29:54,754 - INFO - Waiting for 2 required fields to be filled: ['_systemfield_name', 'Are you willing and able to come into our downtown SF office 3 days per week?']
2025-05-15 13:29:56,786 - INFO - Required field not filled: _systemfield_name
2025-05-15 13:29:57,003 - INFO - Required radio group not answered: Are you willing and able to come into our downtown SF office 3 days per week?
2025-05-15 13:29:57,053 - INFO - Waiting for 2 required fields to be filled: ['_systemfield_name', 'Are you willing and able to come into our downtown SF office 3 days per week?']
2025-05-15 13:29:59,086 - INFO - Required field not filled: _systemfield_name
2025-05-15 13:29:59,319 - INFO - Required radio group not answered: Are you willing and able to come into our downtown SF office 3 days per week?
2025-05-15 13:29:59,370 - INFO - Waiting for 2 required fields to be filled: ['_systemfield_name', 'Are you willing and able to come into our downtown SF office 3 days per week?']
2025-05-15 13:30:01,402 - INFO - Required field not filled: _systemfield_name
2025-05-15 13:30:01,603 - INFO - Required radio group not answered: Are you willing and able to come into our downtown SF office 3 days per week?
2025-05-15 13:30:01,653 - INFO - Waiting for 2 required fields to be filled: ['_systemfield_name', 'Are you willing and able to come into our downtown SF office 3 days per week?']
2025-05-15 13:30:03,709 - INFO - Required field not filled: _systemfield_name
2025-05-15 13:30:03,942 - INFO - Required radio group not answered: Are you willing and able to come into our downtown SF office 3 days per week?
2025-05-15 13:30:03,988 - INFO - Waiting for 2 required fields to be filled: ['_systemfield_name', 'Are you willing and able to come into our downtown SF office 3 days per week?']
2025-05-15 13:30:06,034 - INFO - Required field not filled: _systemfield_name
2025-05-15 13:30:06,255 - INFO - Required radio group not answered: Are you willing and able to come into our downtown SF office 3 days per week?
2025-05-15 13:30:06,306 - INFO - Waiting for 2 required fields to be filled: ['_systemfield_name', 'Are you willing and able to come into our downtown SF office 3 days per week?']
2025-05-15 13:30:08,404 - INFO - Required field not filled: _systemfield_name
2025-05-15 13:30:08,681 - INFO - Required radio group not answered: Are you willing and able to come into our downtown SF office 3 days per week?
2025-05-15 13:30:08,738 - INFO - Waiting for 2 required fields to be filled: ['_systemfield_name', 'Are you willing and able to come into our downtown SF office 3 days per week?']
2025-05-15 13:30:10,802 - INFO - Required field not filled: _systemfield_name
2025-05-15 13:30:11,023 - INFO - Required radio group not answered: Are you willing and able to come into our downtown SF office 3 days per week?
2025-05-15 13:30:11,095 - INFO - Waiting for 2 required fields to be filled: ['_systemfield_name', 'Are you willing and able to come into our downtown SF office 3 days per week?']
2025-05-15 13:30:13,144 - INFO - Required field not filled: _systemfield_name
2025-05-15 13:30:13,370 - INFO - Required radio group not answered: Are you willing and able to come into our downtown SF office 3 days per week?
2025-05-15 13:30:13,428 - INFO - Waiting for 2 required fields to be filled: ['_systemfield_name', 'Are you willing and able to come into our downtown SF office 3 days per week?']
2025-05-15 13:30:15,479 - INFO - Required field not filled: _systemfield_name
2025-05-15 13:30:15,701 - INFO - Required radio group not answered: Are you willing and able to come into our downtown SF office 3 days per week?
2025-05-15 13:30:15,754 - INFO - Waiting for 2 required fields to be filled: ['_systemfield_name', 'Are you willing and able to come into our downtown SF office 3 days per week?']
2025-05-15 13:30:17,835 - INFO - Required field not filled: _systemfield_name
2025-05-15 13:30:18,043 - INFO - Required radio group not answered: Are you willing and able to come into our downtown SF office 3 days per week?
2025-05-15 13:30:18,093 - INFO - Waiting for 2 required fields to be filled: ['_systemfield_name', 'Are you willing and able to come into our downtown SF office 3 days per week?']
2025-05-15 13:30:20,400 - INFO - Required radio group not answered: Are you willing and able to come into our downtown SF office 3 days per week?
2025-05-15 13:30:20,423 - INFO - Waiting for 1 required fields to be filled: ['Are you willing and able to come into our downtown SF office 3 days per week?']
2025-05-15 13:30:22,750 - INFO - Required radio group not answered: Are you willing and able to come into our downtown SF office 3 days per week?
2025-05-15 13:30:22,772 - INFO - Waiting for 1 required fields to be filled: ['Are you willing and able to come into our downtown SF office 3 days per week?']
2025-05-15 13:30:25,066 - INFO - Required radio group not answered: Are you willing and able to come into our downtown SF office 3 days per week?
2025-05-15 13:30:25,098 - INFO - Waiting for 1 required fields to be filled: ['Are you willing and able to come into our downtown SF office 3 days per week?']
2025-05-15 13:30:27,379 - INFO - Required radio group not answered: Are you willing and able to come into our downtown SF office 3 days per week?
2025-05-15 13:30:27,420 - INFO - Waiting for 1 required fields to be filled: ['Are you willing and able to come into our downtown SF office 3 days per week?']
2025-05-15 13:30:29,681 - INFO - Required radio group not answered: Are you willing and able to come into our downtown SF office 3 days per week?
2025-05-15 13:30:29,710 - INFO - Waiting for 1 required fields to be filled: ['Are you willing and able to come into our downtown SF office 3 days per week?']
2025-05-15 13:30:31,955 - INFO - All required fields are filled.
2025-05-15 13:30:32,032 - INFO - Found submit button using selector: button._primary_8wvgw_96
2025-05-15 13:30:33,603 - INFO - Clicked submit button normally
2025-05-15 13:30:37,679 - INFO - Used JavaScript click
2025-05-15 13:30:41,621 - INFO - Used forced visibility click
2025-05-15 13:30:44,639 - ERROR - Failed to click submit button
2025-05-15 13:30:44,641 - INFO - Log directory ensured: C:\Users\hr\OneDrive\Desktop\merge\all_job_app\logs
2025-05-15 13:30:44,644 - INFO - Log entry written to logs/ashby_log_2025-05-15.csv
2025-05-15 13:30:44,645 - INFO - Processing job: https://jobs.ashbyhq.com/Etched/610c3836-9798-46ea-931a-02bb95b29467
2025-05-15 13:30:45,522 - INFO - Opened job page: https://jobs.ashbyhq.com/Etched/610c3836-9798-46ea-931a-02bb95b29467
2025-05-15 13:30:48,624 - INFO - Apply button clicked successfully!
2025-05-15 13:30:53,627 - INFO - Attempting to upload resume from: C:\Users\hr\OneDrive\Desktop\merge\all_job_app\resume/swathika.pdf
2025-05-15 13:30:54,222 - INFO - Resume file sent to input element
2025-05-15 13:31:09,361 - WARNING - No explicit upload confirmation detected: Message: 

2025-05-15 13:31:09,362 - INFO - Filling out the application form...
2025-05-15 13:31:09,479 - INFO - Filled field name with value Swathika Kalyanas
2025-05-15 13:31:09,598 - INFO - Filled field email with value Swathika.kalyan0488@gmail.com
2025-05-15 13:31:20,029 - WARNING - Error filling field phone with selector input[type='tel']: Message: 
Stacktrace:
	GetHandleVerifier [0x0101FC83+61635]
	GetHandleVerifier [0x0101FCC4+61700]
	(No symbol) [0x00E405D3]
	(No symbol) [0x00E8899E]
	(No symbol) [0x00E88D3B]
	(No symbol) [0x00ED0E12]
	(No symbol) [0x00EAD2E4]
	(No symbol) [0x00ECE61B]
	(No symbol) [0x00EAD096]
	(No symbol) [0x00E7C840]
	(No symbol) [0x00E7D6A4]
	GetHandleVerifier [0x012A45A3+2701795]
	GetHandleVerifier [0x0129FD26+2683238]
	GetHandleVerifier [0x012BAA6E+2793134]
	GetHandleVerifier [0x01036945+155013]
	GetHandleVerifier [0x0103D02D+181357]
	GetHandleVerifier [0x010274D8+92440]
	GetHandleVerifier [0x01027680+92864]
	GetHandleVerifier [0x01012070+5296]
	BaseThreadInitThunk [0x759AFCC9+25]
	RtlGetAppContainerNamedObjectPath [0x771B82AE+286]
	RtlGetAppContainerNamedObjectPath [0x771B827E+238]

2025-05-15 13:31:30,502 - WARNING - Error filling field phone with selector input[name='phone']: Message: 
Stacktrace:
	GetHandleVerifier [0x0101FC83+61635]
	GetHandleVerifier [0x0101FCC4+61700]
	(No symbol) [0x00E405D3]
	(No symbol) [0x00E8899E]
	(No symbol) [0x00E88D3B]
	(No symbol) [0x00ED0E12]
	(No symbol) [0x00EAD2E4]
	(No symbol) [0x00ECE61B]
	(No symbol) [0x00EAD096]
	(No symbol) [0x00E7C840]
	(No symbol) [0x00E7D6A4]
	GetHandleVerifier [0x012A45A3+2701795]
	GetHandleVerifier [0x0129FD26+2683238]
	GetHandleVerifier [0x012BAA6E+2793134]
	GetHandleVerifier [0x01036945+155013]
	GetHandleVerifier [0x0103D02D+181357]
	GetHandleVerifier [0x010274D8+92440]
	GetHandleVerifier [0x01027680+92864]
	GetHandleVerifier [0x01012070+5296]
	BaseThreadInitThunk [0x759AFCC9+25]
	RtlGetAppContainerNamedObjectPath [0x771B82AE+286]
	RtlGetAppContainerNamedObjectPath [0x771B827E+238]

2025-05-15 13:31:40,872 - WARNING - Error filling field phone with selector input[type='number']: Message: 
Stacktrace:
	GetHandleVerifier [0x0101FC83+61635]
	GetHandleVerifier [0x0101FCC4+61700]
	(No symbol) [0x00E405D3]
	(No symbol) [0x00E8899E]
	(No symbol) [0x00E88D3B]
	(No symbol) [0x00ED0E12]
	(No symbol) [0x00EAD2E4]
	(No symbol) [0x00ECE61B]
	(No symbol) [0x00EAD096]
	(No symbol) [0x00E7C840]
	(No symbol) [0x00E7D6A4]
	GetHandleVerifier [0x012A45A3+2701795]
	GetHandleVerifier [0x0129FD26+2683238]
	GetHandleVerifier [0x012BAA6E+2793134]
	GetHandleVerifier [0x01036945+155013]
	GetHandleVerifier [0x0103D02D+181357]
	GetHandleVerifier [0x010274D8+92440]
	GetHandleVerifier [0x01027680+92864]
	GetHandleVerifier [0x01012070+5296]
	BaseThreadInitThunk [0x759AFCC9+25]
	RtlGetAppContainerNamedObjectPath [0x771B82AE+286]
	RtlGetAppContainerNamedObjectPath [0x771B827E+238]

2025-05-15 13:31:40,881 - WARNING - No value provided for mandatory field: address
2025-05-15 13:31:51,298 - WARNING - Error filling field location with selector input[role='combobox']: Message: 
Stacktrace:
	GetHandleVerifier [0x0101FC83+61635]
	GetHandleVerifier [0x0101FCC4+61700]
	(No symbol) [0x00E405D3]
	(No symbol) [0x00E8899E]
	(No symbol) [0x00E88D3B]
	(No symbol) [0x00ED0E12]
	(No symbol) [0x00EAD2E4]
	(No symbol) [0x00ECE61B]
	(No symbol) [0x00EAD096]
	(No symbol) [0x00E7C840]
	(No symbol) [0x00E7D6A4]
	GetHandleVerifier [0x012A45A3+2701795]
	GetHandleVerifier [0x0129FD26+2683238]
	GetHandleVerifier [0x012BAA6E+2793134]
	GetHandleVerifier [0x01036945+155013]
	GetHandleVerifier [0x0103D02D+181357]
	GetHandleVerifier [0x010274D8+92440]
	GetHandleVerifier [0x01027680+92864]
	GetHandleVerifier [0x01012070+5296]
	BaseThreadInitThunk [0x759AFCC9+25]
	RtlGetAppContainerNamedObjectPath [0x771B82AE+286]
	RtlGetAppContainerNamedObjectPath [0x771B827E+238]

2025-05-15 13:32:01,739 - WARNING - Error filling field location with selector input[placeholder*='Start typing']: Message: 
Stacktrace:
	GetHandleVerifier [0x0101FC83+61635]
	GetHandleVerifier [0x0101FCC4+61700]
	(No symbol) [0x00E405D3]
	(No symbol) [0x00E8899E]
	(No symbol) [0x00E88D3B]
	(No symbol) [0x00ED0E12]
	(No symbol) [0x00EAD2E4]
	(No symbol) [0x00ECE61B]
	(No symbol) [0x00EAD096]
	(No symbol) [0x00E7C840]
	(No symbol) [0x00E7D6A4]
	GetHandleVerifier [0x012A45A3+2701795]
	GetHandleVerifier [0x0129FD26+2683238]
	GetHandleVerifier [0x012BAA6E+2793134]
	GetHandleVerifier [0x01036945+155013]
	GetHandleVerifier [0x0103D02D+181357]
	GetHandleVerifier [0x010274D8+92440]
	GetHandleVerifier [0x01027680+92864]
	GetHandleVerifier [0x01012070+5296]
	BaseThreadInitThunk [0x759AFCC9+25]
	RtlGetAppContainerNamedObjectPath [0x771B82AE+286]
	RtlGetAppContainerNamedObjectPath [0x771B827E+238]

2025-05-15 13:32:12,221 - WARNING - LinkedIn field not found or failed to fill: Message: 
Stacktrace:
	GetHandleVerifier [0x0101FC83+61635]
	GetHandleVerifier [0x0101FCC4+61700]
	(No symbol) [0x00E405D3]
	(No symbol) [0x00E8899E]
	(No symbol) [0x00E88D3B]
	(No symbol) [0x00ED0E12]
	(No symbol) [0x00EAD2E4]
	(No symbol) [0x00ECE61B]
	(No symbol) [0x00EAD096]
	(No symbol) [0x00E7C840]
	(No symbol) [0x00E7D6A4]
	GetHandleVerifier [0x012A45A3+2701795]
	GetHandleVerifier [0x0129FD26+2683238]
	GetHandleVerifier [0x012BAA6E+2793134]
	GetHandleVerifier [0x01036945+155013]
	GetHandleVerifier [0x0103D02D+181357]
	GetHandleVerifier [0x010274D8+92440]
	GetHandleVerifier [0x01027680+92864]
	GetHandleVerifier [0x01012070+5296]
	BaseThreadInitThunk [0x759AFCC9+25]
	RtlGetAppContainerNamedObjectPath [0x771B82AE+286]
	RtlGetAppContainerNamedObjectPath [0x771B827E+238]

2025-05-15 13:32:12,242 - INFO - Filling out the Q&A section...
2025-05-15 13:32:12,978 - INFO - Form Q&A questions found: []
2025-05-15 13:32:12,979 - WARNING - No Q&A questions found in the form. Skipping Q&A section.
2025-05-15 13:32:12,979 - INFO - Form filled successfully!
2025-05-15 13:32:13,987 - INFO - Starting submission process...
2025-05-15 13:32:14,186 - INFO - All required fields are filled.
2025-05-15 13:32:14,232 - INFO - Found submit button using selector: button._primary_8wvgw_96
2025-05-15 13:32:15,854 - INFO - Clicked submit button normally
2025-05-15 13:32:18,587 - INFO - Page changed after click - assuming submission started
2025-05-15 13:32:38,751 - WARNING - Error during submission verification: Message: 

2025-05-15 13:32:38,751 - INFO - URL suggests we left application page - assuming success
2025-05-15 13:32:38,751 - INFO - Application submitted successfully!
2025-05-15 13:32:38,767 - INFO - Log directory ensured: C:\Users\hr\OneDrive\Desktop\merge\all_job_app\logs
2025-05-15 13:32:38,769 - INFO - Log entry written to logs/ashby_log_2025-05-15.csv
2025-05-15 13:32:38,769 - INFO - Processing job: https://jobs.ashbyhq.com/character/3ab40c3d-63bd-4634-a126-5a3d25d3263b
2025-05-15 13:32:40,009 - INFO - Opened job page: https://jobs.ashbyhq.com/character/3ab40c3d-63bd-4634-a126-5a3d25d3263b
2025-05-15 13:32:43,187 - INFO - Apply button clicked successfully!
2025-05-15 13:32:48,201 - INFO - Attempting to upload resume from: C:\Users\hr\OneDrive\Desktop\merge\all_job_app\resume/swathika.pdf
2025-05-15 13:32:48,805 - INFO - Resume file sent to input element
2025-05-15 13:33:04,132 - WARNING - No explicit upload confirmation detected: Message: 

2025-05-15 13:33:04,132 - INFO - Filling out the application form...
2025-05-15 13:33:04,270 - INFO - Filled field name with value Swathika Kalyanas
2025-05-15 13:33:04,398 - INFO - Filled field email with value Swathika.kalyan0488@gmail.com
2025-05-15 13:33:14,418 - WARNING - Error filling field phone with selector input[type='tel']: Message: 
Stacktrace:
	GetHandleVerifier [0x0101FC83+61635]
	GetHandleVerifier [0x0101FCC4+61700]
	(No symbol) [0x00E405D3]
	(No symbol) [0x00E8899E]
	(No symbol) [0x00E88D3B]
	(No symbol) [0x00ED0E12]
	(No symbol) [0x00EAD2E4]
	(No symbol) [0x00ECE61B]
	(No symbol) [0x00EAD096]
	(No symbol) [0x00E7C840]
	(No symbol) [0x00E7D6A4]
	GetHandleVerifier [0x012A45A3+2701795]
	GetHandleVerifier [0x0129FD26+2683238]
	GetHandleVerifier [0x012BAA6E+2793134]
	GetHandleVerifier [0x01036945+155013]
	GetHandleVerifier [0x0103D02D+181357]
	GetHandleVerifier [0x010274D8+92440]
	GetHandleVerifier [0x01027680+92864]
	GetHandleVerifier [0x01012070+5296]
	BaseThreadInitThunk [0x759AFCC9+25]
	RtlGetAppContainerNamedObjectPath [0x771B82AE+286]
	RtlGetAppContainerNamedObjectPath [0x771B827E+238]

2025-05-15 13:33:24,446 - WARNING - Error filling field phone with selector input[name='phone']: Message: 
Stacktrace:
	GetHandleVerifier [0x0101FC83+61635]
	GetHandleVerifier [0x0101FCC4+61700]
	(No symbol) [0x00E405D3]
	(No symbol) [0x00E8899E]
	(No symbol) [0x00E88D3B]
	(No symbol) [0x00ED0E12]
	(No symbol) [0x00EAD2E4]
	(No symbol) [0x00ECE61B]
	(No symbol) [0x00EAD096]
	(No symbol) [0x00E7C840]
	(No symbol) [0x00E7D6A4]
	GetHandleVerifier [0x012A45A3+2701795]
	GetHandleVerifier [0x0129FD26+2683238]
	GetHandleVerifier [0x012BAA6E+2793134]
	GetHandleVerifier [0x01036945+155013]
	GetHandleVerifier [0x0103D02D+181357]
	GetHandleVerifier [0x010274D8+92440]
	GetHandleVerifier [0x01027680+92864]
	GetHandleVerifier [0x01012070+5296]
	BaseThreadInitThunk [0x759AFCC9+25]
	RtlGetAppContainerNamedObjectPath [0x771B82AE+286]
	RtlGetAppContainerNamedObjectPath [0x771B827E+238]

2025-05-15 13:33:34,961 - WARNING - Error filling field phone with selector input[type='number']: Message: 
Stacktrace:
	GetHandleVerifier [0x0101FC83+61635]
	GetHandleVerifier [0x0101FCC4+61700]
	(No symbol) [0x00E405D3]
	(No symbol) [0x00E8899E]
	(No symbol) [0x00E88D3B]
	(No symbol) [0x00ED0E12]
	(No symbol) [0x00EAD2E4]
	(No symbol) [0x00ECE61B]
	(No symbol) [0x00EAD096]
	(No symbol) [0x00E7C840]
	(No symbol) [0x00E7D6A4]
	GetHandleVerifier [0x012A45A3+2701795]
	GetHandleVerifier [0x0129FD26+2683238]
	GetHandleVerifier [0x012BAA6E+2793134]
	GetHandleVerifier [0x01036945+155013]
	GetHandleVerifier [0x0103D02D+181357]
	GetHandleVerifier [0x010274D8+92440]
	GetHandleVerifier [0x01027680+92864]
	GetHandleVerifier [0x01012070+5296]
	BaseThreadInitThunk [0x759AFCC9+25]
	RtlGetAppContainerNamedObjectPath [0x771B82AE+286]
	RtlGetAppContainerNamedObjectPath [0x771B827E+238]

2025-05-15 13:33:34,961 - WARNING - No value provided for mandatory field: address
2025-05-15 13:33:44,986 - WARNING - Error filling field location with selector input[role='combobox']: Message: 
Stacktrace:
	GetHandleVerifier [0x0101FC83+61635]
	GetHandleVerifier [0x0101FCC4+61700]
	(No symbol) [0x00E405D3]
	(No symbol) [0x00E8899E]
	(No symbol) [0x00E88D3B]
	(No symbol) [0x00ED0E12]
	(No symbol) [0x00EAD2E4]
	(No symbol) [0x00ECE61B]
	(No symbol) [0x00EAD096]
	(No symbol) [0x00E7C840]
	(No symbol) [0x00E7D6A4]
	GetHandleVerifier [0x012A45A3+2701795]
	GetHandleVerifier [0x0129FD26+2683238]
	GetHandleVerifier [0x012BAA6E+2793134]
	GetHandleVerifier [0x01036945+155013]
	GetHandleVerifier [0x0103D02D+181357]
	GetHandleVerifier [0x010274D8+92440]
	GetHandleVerifier [0x01027680+92864]
	GetHandleVerifier [0x01012070+5296]
	BaseThreadInitThunk [0x759AFCC9+25]
	RtlGetAppContainerNamedObjectPath [0x771B82AE+286]
	RtlGetAppContainerNamedObjectPath [0x771B827E+238]

2025-05-15 13:33:55,034 - WARNING - Error filling field location with selector input[placeholder*='Start typing']: Message: 
Stacktrace:
	GetHandleVerifier [0x0101FC83+61635]
	GetHandleVerifier [0x0101FCC4+61700]
	(No symbol) [0x00E405D3]
	(No symbol) [0x00E8899E]
	(No symbol) [0x00E88D3B]
	(No symbol) [0x00ED0E12]
	(No symbol) [0x00EAD2E4]
	(No symbol) [0x00ECE61B]
	(No symbol) [0x00EAD096]
	(No symbol) [0x00E7C840]
	(No symbol) [0x00E7D6A4]
	GetHandleVerifier [0x012A45A3+2701795]
	GetHandleVerifier [0x0129FD26+2683238]
	GetHandleVerifier [0x012BAA6E+2793134]
	GetHandleVerifier [0x01036945+155013]
	GetHandleVerifier [0x0103D02D+181357]
	GetHandleVerifier [0x010274D8+92440]
	GetHandleVerifier [0x01027680+92864]
	GetHandleVerifier [0x01012070+5296]
	BaseThreadInitThunk [0x759AFCC9+25]
	RtlGetAppContainerNamedObjectPath [0x771B82AE+286]
	RtlGetAppContainerNamedObjectPath [0x771B827E+238]

2025-05-15 13:33:55,081 - WARNING - LinkedIn field not found or failed to fill: Message: no such element: Unable to locate element: {"method":"xpath","selector":".//following-sibling::input"}
  (Session info: chrome=136.0.7103.93); For documentation on this error, please visit: https://www.selenium.dev/documentation/webdriver/troubleshooting/errors#no-such-element-exception
Stacktrace:
	GetHandleVerifier [0x0101FC83+61635]
	GetHandleVerifier [0x0101FCC4+61700]
	(No symbol) [0x00E405D3]
	(No symbol) [0x00E8899E]
	(No symbol) [0x00E88D3B]
	(No symbol) [0x00E7E111]
	(No symbol) [0x00EAD2E4]
	(No symbol) [0x00E7E034]
	(No symbol) [0x00EAD514]
	(No symbol) [0x00ECE61B]
	(No symbol) [0x00EAD096]
	(No symbol) [0x00E7C840]
	(No symbol) [0x00E7D6A4]
	GetHandleVerifier [0x012A45A3+2701795]
	GetHandleVerifier [0x0129FD26+2683238]
	GetHandleVerifier [0x012BAA6E+2793134]
	GetHandleVerifier [0x01036945+155013]
	GetHandleVerifier [0x0103D02D+181357]
	GetHandleVerifier [0x010274D8+92440]
	GetHandleVerifier [0x01027680+92864]
	GetHandleVerifier [0x01012070+5296]
	BaseThreadInitThunk [0x759AFCC9+25]
	RtlGetAppContainerNamedObjectPath [0x771B82AE+286]
	RtlGetAppContainerNamedObjectPath [0x771B827E+238]

2025-05-15 13:33:55,092 - INFO - Filling out the Q&A section...
2025-05-15 13:33:56,062 - INFO - Form Q&A questions found: ['When could you start working?', 'Why are you interested in working at Character AI?', '[Optional] What is one feature you would be excited to add or improve?']
2025-05-15 13:33:56,063 - INFO - Processing question: 'where did you hear about biorender?'
2025-05-15 13:33:56,063 - WARNING - No match found for question: 'where did you hear about biorender?' (best score: 0)
2025-05-15 13:33:56,064 - INFO - Processing question: 'do you have programming experience or are you in a cs degree?'
2025-05-15 13:33:56,064 - WARNING - No match found for question: 'do you have programming experience or are you in a cs degree?' (best score: 0)
2025-05-15 13:33:56,065 - INFO - Processing question: 'are you legally authorized to work in the u.s. without restriction for any employer?'
2025-05-15 13:33:56,065 - WARNING - No match found for question: 'are you legally authorized to work in the u.s. without restriction for any employer?' (best score: 0)
2025-05-15 13:33:56,066 - INFO - Processing question: 'are you legally authorized to work in canada or the united states?'
2025-05-15 13:33:56,066 - WARNING - No match found for question: 'are you legally authorized to work in canada or the united states?' (best score: 0)
2025-05-15 13:33:56,066 - INFO - Processing question: 'how many years of experience do you have as a machine learning engineer?'
2025-05-15 13:33:56,067 - WARNING - No match found for question: 'how many years of experience do you have as a machine learning engineer?' (best score: 0)
2025-05-15 13:33:56,067 - INFO - Processing question: 'are you legally authorized to work in the united states?'
2025-05-15 13:33:56,068 - WARNING - No match found for question: 'are you legally authorized to work in the united states?' (best score: 0)
2025-05-15 13:33:56,068 - INFO - Processing question: 'what are your salary expectations?'
2025-05-15 13:33:56,069 - WARNING - No match found for question: 'what are your salary expectations?' (best score: 0)
2025-05-15 13:33:56,069 - INFO - Processing question: 'have you previously worked for hims & hers as an employee or contractor/consultant?'
2025-05-15 13:33:56,070 - WARNING - No match found for question: 'have you previously worked for hims & hers as an employee or contractor/consultant?' (best score: 0)
2025-05-15 13:33:56,070 - INFO - Processing question: 'are you legally authorized to work in canada?'
2025-05-15 13:33:56,070 - WARNING - No match found for question: 'are you legally authorized to work in canada?' (best score: 0)
2025-05-15 13:33:56,071 - INFO - Processing question: 'how did you hear about us?'
2025-05-15 13:33:56,071 - WARNING - No match found for question: 'how did you hear about us?' (best score: 0)
2025-05-15 13:33:56,072 - INFO - Processing question: 'are you a veteran/have you served in the military?'
2025-05-15 13:33:56,072 - WARNING - No match found for question: 'are you a veteran/have you served in the military?' (best score: 0)
2025-05-15 13:33:56,072 - INFO - Processing question: 'do you identify as having a disability?.no'
2025-05-15 13:33:56,073 - WARNING - No match found for question: 'do you identify as having a disability?.no' (best score: 0)
2025-05-15 13:33:56,073 - INFO - Processing question: 'will you now or in the future require immigration sponsorship by hims & hers in order to work for hims & hers in the u.s.?'
2025-05-15 13:33:56,074 - WARNING - No match found for question: 'will you now or in the future require immigration sponsorship by hims & hers in order to work for hims & hers in the u.s.?' (best score: 0)
2025-05-15 13:33:56,074 - INFO - Processing question: 'have you worked as a software engineer prior to moving into ml?'
2025-05-15 13:33:56,075 - WARNING - No match found for question: 'have you worked as a software engineer prior to moving into ml?' (best score: 0)
2025-05-15 13:33:56,075 - INFO - Processing question: 'which languages and dialects do you speak fluently?'
2025-05-15 13:33:56,076 - WARNING - No match found for question: 'which languages and dialects do you speak fluently?' (best score: 0)
2025-05-15 13:33:56,076 - INFO - Processing question: 'are you open to tier 2 (medium complexity) rlhf projects at listed rate for your location?'
2025-05-15 13:33:56,077 - WARNING - No match found for question: 'are you open to tier 2 (medium complexity) rlhf projects at listed rate for your location?' (best score: 0)
2025-05-15 13:33:56,077 - INFO - Processing question: 'do you have any familial relationships with current virta employees?'
2025-05-15 13:33:56,077 - WARNING - No match found for question: 'do you have any familial relationships with current virta employees?' (best score: 0)
2025-05-15 13:33:56,078 - INFO - Processing question: 'are you 18 or older and legally eligible to work in the country of the job you are applying for?'
2025-05-15 13:33:56,078 - WARNING - No match found for question: 'are you 18 or older and legally eligible to work in the country of the job you are applying for?' (best score: 0)
2025-05-15 13:33:56,079 - INFO - Processing question: 'will you now or in the future require sponsorship for employment?'
2025-05-15 13:33:56,079 - WARNING - No match found for question: 'will you now or in the future require sponsorship for employment?' (best score: 0)
2025-05-15 13:33:56,080 - INFO - Processing question: 'how many years of experience do you have in mle?'
2025-05-15 13:33:56,080 - WARNING - No match found for question: 'how many years of experience do you have in mle?' (best score: 0)
2025-05-15 13:33:56,080 - INFO - Processing question: 'are you legally authorized to work in the country?'
2025-05-15 13:33:56,081 - WARNING - No match found for question: 'are you legally authorized to work in the country?' (best score: 0)
2025-05-15 13:33:56,081 - INFO - Processing question: 'what is your expected salary?'
2025-05-15 13:33:56,082 - WARNING - No match found for question: 'what is your expected salary?' (best score: 0)
2025-05-15 13:33:56,082 - INFO - Processing question: 'are you legally eligible to work in the us?'
2025-05-15 13:33:56,082 - WARNING - No match found for question: 'are you legally eligible to work in the us?' (best score: 0)
2025-05-15 13:33:56,083 - INFO - Processing question: 'are you willing & able to come into our downtown san francisco office on a hybrid basis? (3 days /week)?'
2025-05-15 13:33:56,083 - WARNING - No match found for question: 'are you willing & able to come into our downtown san francisco office on a hybrid basis? (3 days /week)?' (best score: 0)
2025-05-15 13:33:56,084 - INFO - Processing question: 'can you work onsite in palo alto?'
2025-05-15 13:33:56,084 - WARNING - No match found for question: 'can you work onsite in palo alto?' (best score: 0)
2025-05-15 13:33:56,085 - INFO - Processing question: 'our offices are located in san francisco ca and new york city. please indicate which location you are interested in?'
2025-05-15 13:33:56,085 - WARNING - No match found for question: 'our offices are located in san francisco ca and new york city. please indicate which location you are interested in?' (best score: 0)
2025-05-15 13:33:56,085 - INFO - Processing question: 'will you now or will you in the future require employment visa sponsorship to work in the country in which the job you're applying for is located?'
2025-05-15 13:33:56,086 - WARNING - No match found for question: 'will you now or will you in the future require employment visa sponsorship to work in the country in which the job you're applying for is located?' (best score: 0)
2025-05-15 13:33:56,087 - INFO - Processing question: 'do you have authorization to work in the united states?'
2025-05-15 13:33:56,087 - WARNING - No match found for question: 'do you have authorization to work in the united states?' (best score: 0)
2025-05-15 13:33:56,087 - INFO - Processing question: 'will you now or in the future require sponsorship for employment visa status?'
2025-05-15 13:33:56,088 - WARNING - No match found for question: 'will you now or in the future require sponsorship for employment visa status?' (best score: 0)
2025-05-15 13:33:56,088 - INFO - Processing question: 'are you available to work in person at the promise office  location listed in the job description at least three times per week?'
2025-05-15 13:33:56,089 - WARNING - No match found for question: 'are you available to work in person at the promise office  location listed in the job description at least three times per week?' (best score: 0)
2025-05-15 13:33:56,089 - INFO - Processing question: 'are you 18 or older?'
2025-05-15 13:33:56,090 - WARNING - No match found for question: 'are you 18 or older?' (best score: 0)
2025-05-15 13:33:56,090 - INFO - Processing question: 'are you comfortable working with javascript?'
2025-05-15 13:33:56,090 - WARNING - No match found for question: 'are you comfortable working with javascript?' (best score: 0)
2025-05-15 13:33:56,091 - INFO - Processing question: 'would you willing to relocate to/be in office in san francisco?'
2025-05-15 13:33:56,091 - WARNING - No match found for question: 'would you willing to relocate to/be in office in san francisco?' (best score: 0)
2025-05-15 13:33:56,092 - INFO - Processing question: 'what annual salary are you looking for in $usd?'
2025-05-15 13:33:56,092 - WARNING - No match found for question: 'what annual salary are you looking for in $usd?' (best score: 0)
2025-05-15 13:33:56,093 - INFO - Processing question: 'are you looking for full-time or part-time work?'
2025-05-15 13:33:56,093 - WARNING - No match found for question: 'are you looking for full-time or part-time work?' (best score: 0)
2025-05-15 13:33:56,094 - INFO - Processing question: 'how would you best describe your ideal work environment?'
2025-05-15 13:33:56,094 - WARNING - No match found for question: 'how would you best describe your ideal work environment?' (best score: 0)
2025-05-15 13:33:56,094 - INFO - Processing question: 'how do you handle deadlines and pressure?'
2025-05-15 13:33:56,095 - WARNING - No match found for question: 'how do you handle deadlines and pressure?' (best score: 0)
2025-05-15 13:33:56,095 - INFO - Processing question: 'how do you handle situations where you have too many tasks to complete on your own?'
2025-05-15 13:33:56,096 - WARNING - No match found for question: 'how do you handle situations where you have too many tasks to complete on your own?' (best score: 0)
2025-05-15 13:33:56,096 - INFO - Processing question: 'how much are you willing to work when things are urgent?'
2025-05-15 13:33:56,097 - WARNING - No match found for question: 'how much are you willing to work when things are urgent?' (best score: 0)
2025-05-15 13:33:56,098 - INFO - Processing question: 'are you comfortable working with python?'
2025-05-15 13:33:56,098 - WARNING - No match found for question: 'are you comfortable working with python?' (best score: 0)
2025-05-15 13:33:56,098 - INFO - Processing question: 'do you currently have legal authorization to work in the country where the position is based?'
2025-05-15 13:33:56,099 - WARNING - No match found for question: 'do you currently have legal authorization to work in the country where the position is based?' (best score: 0)
2025-05-15 13:33:56,099 - INFO - Processing question: 'are you excited to work in-office five days a week?'
2025-05-15 13:33:56,100 - WARNING - No match found for question: 'are you excited to work in-office five days a week?' (best score: 0)
2025-05-15 13:33:56,100 - INFO - Q&A section filled successfully!
2025-05-15 13:33:56,100 - INFO - Form filled successfully!
2025-05-15 13:33:57,111 - INFO - Starting submission process...
2025-05-15 13:33:57,209 - INFO - Required field not filled: 16718d91-59c0-4e57-8521-f72d798a6210
2025-05-15 13:33:57,232 - INFO - Required field not filled: 2d859c4e-c365-49e5-a674-571812b785e4
2025-05-15 13:33:57,385 - INFO - Required radio group not answered: Are you open to working full-time in our Menlo Park office?
2025-05-15 13:33:57,459 - INFO - Required radio group not answered: Are you authorized to work lawfully in the US?
2025-05-15 13:33:57,509 - INFO - Required radio group not answered: How did you hear about Character AI?
2025-05-15 13:33:57,721 - INFO - Waiting for 5 required fields to be filled: ['16718d91-59c0-4e57-8521-f72d798a6210', '2d859c4e-c365-49e5-a674-571812b785e4', 'Are you open to working full-time in our Menlo Park office?', 'Are you authorized to work lawfully in the US?', 'How did you hear about Character AI?']
2025-05-15 13:33:59,808 - INFO - Required field not filled: 16718d91-59c0-4e57-8521-f72d798a6210
2025-05-15 13:33:59,830 - INFO - Required field not filled: 2d859c4e-c365-49e5-a674-571812b785e4
2025-05-15 13:33:59,939 - INFO - Required radio group not answered: Are you open to working full-time in our Menlo Park office?
2025-05-15 13:34:00,019 - INFO - Required radio group not answered: Are you authorized to work lawfully in the US?
2025-05-15 13:34:00,076 - INFO - Required radio group not answered: How did you hear about Character AI?
2025-05-15 13:34:00,247 - INFO - Waiting for 5 required fields to be filled: ['16718d91-59c0-4e57-8521-f72d798a6210', '2d859c4e-c365-49e5-a674-571812b785e4', 'Are you open to working full-time in our Menlo Park office?', 'Are you authorized to work lawfully in the US?', 'How did you hear about Character AI?']
2025-05-15 13:34:02,379 - INFO - Required field not filled: 16718d91-59c0-4e57-8521-f72d798a6210
2025-05-15 13:34:02,394 - INFO - Required field not filled: 2d859c4e-c365-49e5-a674-571812b785e4
2025-05-15 13:34:02,509 - INFO - Required radio group not answered: Are you open to working full-time in our Menlo Park office?
2025-05-15 13:34:02,565 - INFO - Required radio group not answered: Are you authorized to work lawfully in the US?
2025-05-15 13:34:02,609 - INFO - Required radio group not answered: How did you hear about Character AI?
2025-05-15 13:34:02,789 - INFO - Waiting for 5 required fields to be filled: ['16718d91-59c0-4e57-8521-f72d798a6210', '2d859c4e-c365-49e5-a674-571812b785e4', 'Are you open to working full-time in our Menlo Park office?', 'Are you authorized to work lawfully in the US?', 'How did you hear about Character AI?']
2025-05-15 13:34:04,886 - INFO - Required field not filled: 16718d91-59c0-4e57-8521-f72d798a6210
2025-05-15 13:34:04,902 - INFO - Required field not filled: 2d859c4e-c365-49e5-a674-571812b785e4
2025-05-15 13:34:05,013 - INFO - Required radio group not answered: Are you open to working full-time in our Menlo Park office?
2025-05-15 13:34:05,071 - INFO - Required radio group not answered: Are you authorized to work lawfully in the US?
2025-05-15 13:34:05,140 - INFO - Required radio group not answered: How did you hear about Character AI?
2025-05-15 13:34:05,305 - INFO - Waiting for 5 required fields to be filled: ['16718d91-59c0-4e57-8521-f72d798a6210', '2d859c4e-c365-49e5-a674-571812b785e4', 'Are you open to working full-time in our Menlo Park office?', 'Are you authorized to work lawfully in the US?', 'How did you hear about Character AI?']
2025-05-15 13:34:07,455 - INFO - Required field not filled: 16718d91-59c0-4e57-8521-f72d798a6210
2025-05-15 13:34:07,455 - INFO - Required field not filled: 2d859c4e-c365-49e5-a674-571812b785e4
2025-05-15 13:34:07,571 - INFO - Required radio group not answered: Are you open to working full-time in our Menlo Park office?
2025-05-15 13:34:07,641 - INFO - Required radio group not answered: Are you authorized to work lawfully in the US?
2025-05-15 13:34:07,707 - INFO - Required radio group not answered: How did you hear about Character AI?
2025-05-15 13:34:07,867 - INFO - Waiting for 5 required fields to be filled: ['16718d91-59c0-4e57-8521-f72d798a6210', '2d859c4e-c365-49e5-a674-571812b785e4', 'Are you open to working full-time in our Menlo Park office?', 'Are you authorized to work lawfully in the US?', 'How did you hear about Character AI?']
2025-05-15 13:34:09,953 - INFO - Required field not filled: 16718d91-59c0-4e57-8521-f72d798a6210
2025-05-15 13:34:09,976 - INFO - Required field not filled: 2d859c4e-c365-49e5-a674-571812b785e4
2025-05-15 13:34:10,092 - INFO - Required radio group not answered: Are you open to working full-time in our Menlo Park office?
2025-05-15 13:34:10,158 - INFO - Required radio group not answered: Are you authorized to work lawfully in the US?
2025-05-15 13:34:10,224 - INFO - Required radio group not answered: How did you hear about Character AI?
2025-05-15 13:34:10,368 - INFO - Waiting for 5 required fields to be filled: ['16718d91-59c0-4e57-8521-f72d798a6210', '2d859c4e-c365-49e5-a674-571812b785e4', 'Are you open to working full-time in our Menlo Park office?', 'Are you authorized to work lawfully in the US?', 'How did you hear about Character AI?']
2025-05-15 13:34:12,495 - INFO - Required field not filled: 16718d91-59c0-4e57-8521-f72d798a6210
2025-05-15 13:34:12,511 - INFO - Required field not filled: 2d859c4e-c365-49e5-a674-571812b785e4
2025-05-15 13:34:12,639 - INFO - Required radio group not answered: Are you open to working full-time in our Menlo Park office?
2025-05-15 13:34:12,703 - INFO - Required radio group not answered: Are you authorized to work lawfully in the US?
2025-05-15 13:34:12,759 - INFO - Required radio group not answered: How did you hear about Character AI?
2025-05-15 13:34:12,910 - INFO - Waiting for 5 required fields to be filled: ['16718d91-59c0-4e57-8521-f72d798a6210', '2d859c4e-c365-49e5-a674-571812b785e4', 'Are you open to working full-time in our Menlo Park office?', 'Are you authorized to work lawfully in the US?', 'How did you hear about Character AI?']
2025-05-15 13:34:15,023 - INFO - Required field not filled: 16718d91-59c0-4e57-8521-f72d798a6210
2025-05-15 13:34:15,036 - INFO - Required field not filled: 2d859c4e-c365-49e5-a674-571812b785e4
2025-05-15 13:34:15,203 - INFO - Required radio group not answered: Are you authorized to work lawfully in the US?
2025-05-15 13:34:15,262 - INFO - Required radio group not answered: How did you hear about Character AI?
2025-05-15 13:34:15,398 - INFO - Waiting for 4 required fields to be filled: ['16718d91-59c0-4e57-8521-f72d798a6210', '2d859c4e-c365-49e5-a674-571812b785e4', 'Are you authorized to work lawfully in the US?', 'How did you hear about Character AI?']
2025-05-15 13:34:17,541 - INFO - Required field not filled: 2d859c4e-c365-49e5-a674-571812b785e4
2025-05-15 13:34:17,723 - INFO - Required radio group not answered: Are you authorized to work lawfully in the US?
2025-05-15 13:34:17,783 - INFO - Required radio group not answered: How did you hear about Character AI?
2025-05-15 13:34:17,898 - INFO - Waiting for 3 required fields to be filled: ['2d859c4e-c365-49e5-a674-571812b785e4', 'Are you authorized to work lawfully in the US?', 'How did you hear about Character AI?']
2025-05-15 13:34:20,000 - INFO - Required field not filled: 2d859c4e-c365-49e5-a674-571812b785e4
2025-05-15 13:34:20,164 - INFO - Required radio group not answered: Are you authorized to work lawfully in the US?
2025-05-15 13:34:20,224 - INFO - Required radio group not answered: How did you hear about Character AI?
2025-05-15 13:34:20,329 - INFO - Waiting for 3 required fields to be filled: ['2d859c4e-c365-49e5-a674-571812b785e4', 'Are you authorized to work lawfully in the US?', 'How did you hear about Character AI?']
2025-05-15 13:34:22,452 - INFO - Required field not filled: 2d859c4e-c365-49e5-a674-571812b785e4
2025-05-15 13:34:22,645 - INFO - Required radio group not answered: Are you authorized to work lawfully in the US?
2025-05-15 13:34:22,706 - INFO - Required radio group not answered: How did you hear about Character AI?
2025-05-15 13:34:22,828 - INFO - Waiting for 3 required fields to be filled: ['2d859c4e-c365-49e5-a674-571812b785e4', 'Are you authorized to work lawfully in the US?', 'How did you hear about Character AI?']
2025-05-15 13:34:24,921 - INFO - Required field not filled: 2d859c4e-c365-49e5-a674-571812b785e4
2025-05-15 13:34:25,082 - INFO - Required radio group not answered: Are you authorized to work lawfully in the US?
2025-05-15 13:34:25,143 - INFO - Required radio group not answered: How did you hear about Character AI?
2025-05-15 13:34:25,256 - INFO - Waiting for 3 required fields to be filled: ['2d859c4e-c365-49e5-a674-571812b785e4', 'Are you authorized to work lawfully in the US?', 'How did you hear about Character AI?']
2025-05-15 13:34:27,388 - INFO - Required field not filled: 2d859c4e-c365-49e5-a674-571812b785e4
2025-05-15 13:34:27,547 - INFO - Required radio group not answered: Are you authorized to work lawfully in the US?
2025-05-15 13:34:27,604 - INFO - Required radio group not answered: How did you hear about Character AI?
2025-05-15 13:34:27,721 - INFO - Waiting for 3 required fields to be filled: ['2d859c4e-c365-49e5-a674-571812b785e4', 'Are you authorized to work lawfully in the US?', 'How did you hear about Character AI?']
2025-05-15 13:34:29,852 - INFO - Required field not filled: 2d859c4e-c365-49e5-a674-571812b785e4
2025-05-15 13:34:30,034 - INFO - Required radio group not answered: Are you authorized to work lawfully in the US?
2025-05-15 13:34:30,098 - INFO - Required radio group not answered: How did you hear about Character AI?
2025-05-15 13:34:30,193 - INFO - Waiting for 3 required fields to be filled: ['2d859c4e-c365-49e5-a674-571812b785e4', 'Are you authorized to work lawfully in the US?', 'How did you hear about Character AI?']
2025-05-15 13:34:32,321 - INFO - Required field not filled: 2d859c4e-c365-49e5-a674-571812b785e4
2025-05-15 13:34:32,502 - INFO - Required radio group not answered: Are you authorized to work lawfully in the US?
2025-05-15 13:34:32,561 - INFO - Required radio group not answered: How did you hear about Character AI?
2025-05-15 13:34:32,675 - INFO - Waiting for 3 required fields to be filled: ['2d859c4e-c365-49e5-a674-571812b785e4', 'Are you authorized to work lawfully in the US?', 'How did you hear about Character AI?']
2025-05-15 13:34:34,858 - INFO - Required field not filled: 2d859c4e-c365-49e5-a674-571812b785e4
2025-05-15 13:34:35,087 - INFO - Required radio group not answered: How did you hear about Character AI?
2025-05-15 13:34:35,166 - INFO - Waiting for 2 required fields to be filled: ['2d859c4e-c365-49e5-a674-571812b785e4', 'How did you hear about Character AI?']
2025-05-15 13:34:37,293 - INFO - Required field not filled: 2d859c4e-c365-49e5-a674-571812b785e4
2025-05-15 13:34:37,520 - INFO - Required radio group not answered: How did you hear about Character AI?
2025-05-15 13:34:37,598 - INFO - Waiting for 2 required fields to be filled: ['2d859c4e-c365-49e5-a674-571812b785e4', 'How did you hear about Character AI?']
2025-05-15 13:34:39,710 - INFO - Required field not filled: 2d859c4e-c365-49e5-a674-571812b785e4
2025-05-15 13:34:39,937 - INFO - Waiting for 1 required fields to be filled: ['2d859c4e-c365-49e5-a674-571812b785e4']
2025-05-15 13:34:42,235 - INFO - All required fields are filled.
2025-05-15 13:34:42,288 - INFO - Found submit button using selector: button._primary_8wvgw_96
2025-05-15 13:34:43,494 - INFO - Clicked submit button normally
2025-05-15 13:34:45,868 - INFO - Page changed after click - assuming submission started
2025-05-15 13:35:06,223 - WARNING - Error during submission verification: Message: 

2025-05-15 13:35:06,239 - INFO - URL suggests we left application page - assuming success
2025-05-15 13:35:06,241 - INFO - Application submitted successfully!
2025-05-15 13:35:06,242 - INFO - Log directory ensured: C:\Users\hr\OneDrive\Desktop\merge\all_job_app\logs
2025-05-15 13:35:06,244 - INFO - Log entry written to logs/ashby_log_2025-05-15.csv
2025-05-15 13:35:06,245 - INFO - Processing job: https://jobs.ashbyhq.com/phil/455246bd-d464-4ac4-a807-53cbfecfca25
2025-05-15 13:35:07,074 - INFO - Opened job page: https://jobs.ashbyhq.com/phil/455246bd-d464-4ac4-a807-53cbfecfca25
2025-05-15 13:35:10,263 - INFO - Apply button clicked successfully!
2025-05-15 13:35:15,266 - INFO - Attempting to upload resume from: C:\Users\hr\OneDrive\Desktop\merge\all_job_app\resume/swathika.pdf
2025-05-15 13:35:15,866 - INFO - Resume file sent to input element
2025-05-15 13:35:31,134 - WARNING - No explicit upload confirmation detected: Message: 

2025-05-15 13:35:31,135 - INFO - Filling out the application form...
2025-05-15 13:35:31,267 - INFO - Filled field name with value Swathika Kalyanas
2025-05-15 13:35:31,401 - INFO - Filled field email with value Swathika.kalyan0488@gmail.com
2025-05-15 13:35:41,895 - WARNING - Error filling field phone with selector input[type='tel']: Message: 
Stacktrace:
	GetHandleVerifier [0x0101FC83+61635]
	GetHandleVerifier [0x0101FCC4+61700]
	(No symbol) [0x00E405D3]
	(No symbol) [0x00E8899E]
	(No symbol) [0x00E88D3B]
	(No symbol) [0x00ED0E12]
	(No symbol) [0x00EAD2E4]
	(No symbol) [0x00ECE61B]
	(No symbol) [0x00EAD096]
	(No symbol) [0x00E7C840]
	(No symbol) [0x00E7D6A4]
	GetHandleVerifier [0x012A45A3+2701795]
	GetHandleVerifier [0x0129FD26+2683238]
	GetHandleVerifier [0x012BAA6E+2793134]
	GetHandleVerifier [0x01036945+155013]
	GetHandleVerifier [0x0103D02D+181357]
	GetHandleVerifier [0x010274D8+92440]
	GetHandleVerifier [0x01027680+92864]
	GetHandleVerifier [0x01012070+5296]
	BaseThreadInitThunk [0x759AFCC9+25]
	RtlGetAppContainerNamedObjectPath [0x771B82AE+286]
	RtlGetAppContainerNamedObjectPath [0x771B827E+238]

2025-05-15 13:35:51,913 - WARNING - Error filling field phone with selector input[name='phone']: Message: 
Stacktrace:
	GetHandleVerifier [0x0101FC83+61635]
	GetHandleVerifier [0x0101FCC4+61700]
	(No symbol) [0x00E405D3]
	(No symbol) [0x00E8899E]
	(No symbol) [0x00E88D3B]
	(No symbol) [0x00ED0E12]
	(No symbol) [0x00EAD2E4]
	(No symbol) [0x00ECE61B]
	(No symbol) [0x00EAD096]
	(No symbol) [0x00E7C840]
	(No symbol) [0x00E7D6A4]
	GetHandleVerifier [0x012A45A3+2701795]
	GetHandleVerifier [0x0129FD26+2683238]
	GetHandleVerifier [0x012BAA6E+2793134]
	GetHandleVerifier [0x01036945+155013]
	GetHandleVerifier [0x0103D02D+181357]
	GetHandleVerifier [0x010274D8+92440]
	GetHandleVerifier [0x01027680+92864]
	GetHandleVerifier [0x01012070+5296]
	BaseThreadInitThunk [0x759AFCC9+25]
	RtlGetAppContainerNamedObjectPath [0x771B82AE+286]
	RtlGetAppContainerNamedObjectPath [0x771B827E+238]

2025-05-15 13:35:52,051 - INFO - Filled field phone with value (925) 579-1278
2025-05-15 13:35:52,052 - WARNING - No value provided for mandatory field: address
2025-05-15 13:36:02,512 - WARNING - Error filling field location with selector input[role='combobox']: Message: 
Stacktrace:
	GetHandleVerifier [0x0101FC83+61635]
	GetHandleVerifier [0x0101FCC4+61700]
	(No symbol) [0x00E405D3]
	(No symbol) [0x00E8899E]
	(No symbol) [0x00E88D3B]
	(No symbol) [0x00ED0E12]
	(No symbol) [0x00EAD2E4]
	(No symbol) [0x00ECE61B]
	(No symbol) [0x00EAD096]
	(No symbol) [0x00E7C840]
	(No symbol) [0x00E7D6A4]
	GetHandleVerifier [0x012A45A3+2701795]
	GetHandleVerifier [0x0129FD26+2683238]
	GetHandleVerifier [0x012BAA6E+2793134]
	GetHandleVerifier [0x01036945+155013]
	GetHandleVerifier [0x0103D02D+181357]
	GetHandleVerifier [0x010274D8+92440]
	GetHandleVerifier [0x01027680+92864]
	GetHandleVerifier [0x01012070+5296]
	BaseThreadInitThunk [0x759AFCC9+25]
	RtlGetAppContainerNamedObjectPath [0x771B82AE+286]
	RtlGetAppContainerNamedObjectPath [0x771B827E+238]

2025-05-15 13:36:13,044 - WARNING - Error filling field location with selector input[placeholder*='Start typing']: Message: 
Stacktrace:
	GetHandleVerifier [0x0101FC83+61635]
	GetHandleVerifier [0x0101FCC4+61700]
	(No symbol) [0x00E405D3]
	(No symbol) [0x00E8899E]
	(No symbol) [0x00E88D3B]
	(No symbol) [0x00ED0E12]
	(No symbol) [0x00EAD2E4]
	(No symbol) [0x00ECE61B]
	(No symbol) [0x00EAD096]
	(No symbol) [0x00E7C840]
	(No symbol) [0x00E7D6A4]
	GetHandleVerifier [0x012A45A3+2701795]
	GetHandleVerifier [0x0129FD26+2683238]
	GetHandleVerifier [0x012BAA6E+2793134]
	GetHandleVerifier [0x01036945+155013]
	GetHandleVerifier [0x0103D02D+181357]
	GetHandleVerifier [0x010274D8+92440]
	GetHandleVerifier [0x01027680+92864]
	GetHandleVerifier [0x01012070+5296]
	BaseThreadInitThunk [0x759AFCC9+25]
	RtlGetAppContainerNamedObjectPath [0x771B82AE+286]
	RtlGetAppContainerNamedObjectPath [0x771B827E+238]

2025-05-15 13:36:23,077 - WARNING - LinkedIn field not found or failed to fill: Message: 
Stacktrace:
	GetHandleVerifier [0x0101FC83+61635]
	GetHandleVerifier [0x0101FCC4+61700]
	(No symbol) [0x00E405D3]
	(No symbol) [0x00E8899E]
	(No symbol) [0x00E88D3B]
	(No symbol) [0x00ED0E12]
	(No symbol) [0x00EAD2E4]
	(No symbol) [0x00ECE61B]
	(No symbol) [0x00EAD096]
	(No symbol) [0x00E7C840]
	(No symbol) [0x00E7D6A4]
	GetHandleVerifier [0x012A45A3+2701795]
	GetHandleVerifier [0x0129FD26+2683238]
	GetHandleVerifier [0x012BAA6E+2793134]
	GetHandleVerifier [0x01036945+155013]
	GetHandleVerifier [0x0103D02D+181357]
	GetHandleVerifier [0x010274D8+92440]
	GetHandleVerifier [0x01027680+92864]
	GetHandleVerifier [0x01012070+5296]
	BaseThreadInitThunk [0x759AFCC9+25]
	RtlGetAppContainerNamedObjectPath [0x771B82AE+286]
	RtlGetAppContainerNamedObjectPath [0x771B827E+238]

2025-05-15 13:36:23,077 - INFO - Filling out the Q&A section...
2025-05-15 13:36:23,893 - INFO - Form Q&A questions found: ['Salary Requirement', "Briefly describe a LLM project you've worked on"]
2025-05-15 13:36:23,893 - INFO - Processing question: 'where did you hear about biorender?'
2025-05-15 13:36:23,893 - WARNING - No match found for question: 'where did you hear about biorender?' (best score: 0)
2025-05-15 13:36:23,893 - INFO - Processing question: 'do you have programming experience or are you in a cs degree?'
2025-05-15 13:36:23,893 - WARNING - No match found for question: 'do you have programming experience or are you in a cs degree?' (best score: 0)
2025-05-15 13:36:23,893 - INFO - Processing question: 'are you legally authorized to work in the u.s. without restriction for any employer?'
2025-05-15 13:36:23,893 - WARNING - No match found for question: 'are you legally authorized to work in the u.s. without restriction for any employer?' (best score: 0)
2025-05-15 13:36:23,893 - INFO - Processing question: 'are you legally authorized to work in canada or the united states?'
2025-05-15 13:36:23,893 - WARNING - No match found for question: 'are you legally authorized to work in canada or the united states?' (best score: 0)
2025-05-15 13:36:23,893 - INFO - Processing question: 'how many years of experience do you have as a machine learning engineer?'
2025-05-15 13:36:23,893 - WARNING - No match found for question: 'how many years of experience do you have as a machine learning engineer?' (best score: 0)
2025-05-15 13:36:23,893 - INFO - Processing question: 'are you legally authorized to work in the united states?'
2025-05-15 13:36:23,893 - WARNING - No match found for question: 'are you legally authorized to work in the united states?' (best score: 0)
2025-05-15 13:36:23,893 - INFO - Processing question: 'what are your salary expectations?'
2025-05-15 13:36:23,893 - WARNING - No match found for question: 'what are your salary expectations?' (best score: 0)
2025-05-15 13:36:23,904 - INFO - Processing question: 'have you previously worked for hims & hers as an employee or contractor/consultant?'
2025-05-15 13:36:23,904 - WARNING - No match found for question: 'have you previously worked for hims & hers as an employee or contractor/consultant?' (best score: 0)
2025-05-15 13:36:23,904 - INFO - Processing question: 'are you legally authorized to work in canada?'
2025-05-15 13:36:23,905 - WARNING - No match found for question: 'are you legally authorized to work in canada?' (best score: 0)
2025-05-15 13:36:23,905 - INFO - Processing question: 'how did you hear about us?'
2025-05-15 13:36:23,906 - WARNING - No match found for question: 'how did you hear about us?' (best score: 0)
2025-05-15 13:36:23,906 - INFO - Processing question: 'are you a veteran/have you served in the military?'
2025-05-15 13:36:23,906 - WARNING - No match found for question: 'are you a veteran/have you served in the military?' (best score: 0)
2025-05-15 13:36:23,907 - INFO - Processing question: 'do you identify as having a disability?.no'
2025-05-15 13:36:23,907 - WARNING - No match found for question: 'do you identify as having a disability?.no' (best score: 0)
2025-05-15 13:36:23,907 - INFO - Processing question: 'will you now or in the future require immigration sponsorship by hims & hers in order to work for hims & hers in the u.s.?'
2025-05-15 13:36:23,908 - WARNING - No match found for question: 'will you now or in the future require immigration sponsorship by hims & hers in order to work for hims & hers in the u.s.?' (best score: 0)
2025-05-15 13:36:23,908 - INFO - Processing question: 'have you worked as a software engineer prior to moving into ml?'
2025-05-15 13:36:23,909 - WARNING - No match found for question: 'have you worked as a software engineer prior to moving into ml?' (best score: 0)
2025-05-15 13:36:23,909 - INFO - Processing question: 'which languages and dialects do you speak fluently?'
2025-05-15 13:36:23,909 - WARNING - No match found for question: 'which languages and dialects do you speak fluently?' (best score: 0)
2025-05-15 13:36:23,910 - INFO - Processing question: 'are you open to tier 2 (medium complexity) rlhf projects at listed rate for your location?'
2025-05-15 13:36:23,911 - WARNING - No match found for question: 'are you open to tier 2 (medium complexity) rlhf projects at listed rate for your location?' (best score: 0)
2025-05-15 13:36:23,911 - INFO - Processing question: 'do you have any familial relationships with current virta employees?'
2025-05-15 13:36:23,911 - WARNING - No match found for question: 'do you have any familial relationships with current virta employees?' (best score: 0)
2025-05-15 13:36:23,912 - INFO - Processing question: 'are you 18 or older and legally eligible to work in the country of the job you are applying for?'
2025-05-15 13:36:23,912 - WARNING - No match found for question: 'are you 18 or older and legally eligible to work in the country of the job you are applying for?' (best score: 0)
2025-05-15 13:36:23,912 - INFO - Processing question: 'will you now or in the future require sponsorship for employment?'
2025-05-15 13:36:23,914 - WARNING - No match found for question: 'will you now or in the future require sponsorship for employment?' (best score: 0)
2025-05-15 13:36:23,914 - INFO - Processing question: 'how many years of experience do you have in mle?'
2025-05-15 13:36:23,914 - WARNING - No match found for question: 'how many years of experience do you have in mle?' (best score: 0)
2025-05-15 13:36:23,915 - INFO - Processing question: 'are you legally authorized to work in the country?'
2025-05-15 13:36:23,915 - WARNING - No match found for question: 'are you legally authorized to work in the country?' (best score: 0)
2025-05-15 13:36:23,915 - INFO - Processing question: 'what is your expected salary?'
2025-05-15 13:36:23,916 - WARNING - No match found for question: 'what is your expected salary?' (best score: 0)
2025-05-15 13:36:23,916 - INFO - Processing question: 'are you legally eligible to work in the us?'
2025-05-15 13:36:23,916 - WARNING - No match found for question: 'are you legally eligible to work in the us?' (best score: 0)
2025-05-15 13:36:23,916 - INFO - Processing question: 'are you willing & able to come into our downtown san francisco office on a hybrid basis? (3 days /week)?'
2025-05-15 13:36:23,917 - WARNING - No match found for question: 'are you willing & able to come into our downtown san francisco office on a hybrid basis? (3 days /week)?' (best score: 0)
2025-05-15 13:36:23,917 - INFO - Processing question: 'can you work onsite in palo alto?'
2025-05-15 13:36:23,917 - WARNING - No match found for question: 'can you work onsite in palo alto?' (best score: 0)
2025-05-15 13:36:23,917 - INFO - Processing question: 'our offices are located in san francisco ca and new york city. please indicate which location you are interested in?'
2025-05-15 13:36:23,917 - WARNING - No match found for question: 'our offices are located in san francisco ca and new york city. please indicate which location you are interested in?' (best score: 0)
2025-05-15 13:36:23,919 - INFO - Processing question: 'will you now or will you in the future require employment visa sponsorship to work in the country in which the job you're applying for is located?'
2025-05-15 13:36:23,919 - WARNING - No match found for question: 'will you now or will you in the future require employment visa sponsorship to work in the country in which the job you're applying for is located?' (best score: 0)
2025-05-15 13:36:23,920 - INFO - Processing question: 'do you have authorization to work in the united states?'
2025-05-15 13:36:23,920 - WARNING - No match found for question: 'do you have authorization to work in the united states?' (best score: 0)
2025-05-15 13:36:23,920 - INFO - Processing question: 'will you now or in the future require sponsorship for employment visa status?'
2025-05-15 13:36:23,921 - WARNING - No match found for question: 'will you now or in the future require sponsorship for employment visa status?' (best score: 0)
2025-05-15 13:36:23,921 - INFO - Processing question: 'are you available to work in person at the promise office  location listed in the job description at least three times per week?'
2025-05-15 13:36:23,922 - WARNING - No match found for question: 'are you available to work in person at the promise office  location listed in the job description at least three times per week?' (best score: 0)
2025-05-15 13:36:23,922 - INFO - Processing question: 'are you 18 or older?'
2025-05-15 13:36:23,922 - WARNING - No match found for question: 'are you 18 or older?' (best score: 0)
2025-05-15 13:36:23,922 - INFO - Processing question: 'are you comfortable working with javascript?'
2025-05-15 13:36:23,923 - WARNING - No match found for question: 'are you comfortable working with javascript?' (best score: 0)
2025-05-15 13:36:23,923 - INFO - Processing question: 'would you willing to relocate to/be in office in san francisco?'
2025-05-15 13:36:23,924 - WARNING - No match found for question: 'would you willing to relocate to/be in office in san francisco?' (best score: 0)
2025-05-15 13:36:23,924 - INFO - Processing question: 'what annual salary are you looking for in $usd?'
2025-05-15 13:36:23,924 - WARNING - No match found for question: 'what annual salary are you looking for in $usd?' (best score: 0)
2025-05-15 13:36:23,924 - INFO - Processing question: 'are you looking for full-time or part-time work?'
2025-05-15 13:36:23,924 - WARNING - No match found for question: 'are you looking for full-time or part-time work?' (best score: 0)
2025-05-15 13:36:23,925 - INFO - Processing question: 'how would you best describe your ideal work environment?'
2025-05-15 13:36:23,925 - WARNING - No match found for question: 'how would you best describe your ideal work environment?' (best score: 0)
2025-05-15 13:36:23,925 - INFO - Processing question: 'how do you handle deadlines and pressure?'
2025-05-15 13:36:23,926 - WARNING - No match found for question: 'how do you handle deadlines and pressure?' (best score: 0)
2025-05-15 13:36:23,926 - INFO - Processing question: 'how do you handle situations where you have too many tasks to complete on your own?'
2025-05-15 13:36:23,927 - WARNING - No match found for question: 'how do you handle situations where you have too many tasks to complete on your own?' (best score: 0)
2025-05-15 13:36:23,927 - INFO - Processing question: 'how much are you willing to work when things are urgent?'
2025-05-15 13:36:23,927 - WARNING - No match found for question: 'how much are you willing to work when things are urgent?' (best score: 0)
2025-05-15 13:36:23,927 - INFO - Processing question: 'are you comfortable working with python?'
2025-05-15 13:36:23,927 - WARNING - No match found for question: 'are you comfortable working with python?' (best score: 0)
2025-05-15 13:36:23,929 - INFO - Processing question: 'do you currently have legal authorization to work in the country where the position is based?'
2025-05-15 13:36:23,929 - WARNING - No match found for question: 'do you currently have legal authorization to work in the country where the position is based?' (best score: 0)
2025-05-15 13:36:23,929 - INFO - Processing question: 'are you excited to work in-office five days a week?'
2025-05-15 13:36:23,929 - WARNING - No match found for question: 'are you excited to work in-office five days a week?' (best score: 0)
2025-05-15 13:36:23,931 - INFO - Q&A section filled successfully!
2025-05-15 13:36:23,931 - INFO - Form filled successfully!
2025-05-15 13:36:24,942 - INFO - Starting submission process...
2025-05-15 13:36:25,026 - INFO - Required field not filled: 158ca948-d245-4cb8-ad4d-9dd7f4a70d69
2025-05-15 13:36:25,046 - INFO - Required field not filled: 51027920-6052-4076-81dd-e3a89da3aef5
2025-05-15 13:36:25,259 - INFO - Waiting for 2 required fields to be filled: ['158ca948-d245-4cb8-ad4d-9dd7f4a70d69', '51027920-6052-4076-81dd-e3a89da3aef5']
2025-05-15 13:36:27,392 - INFO - Required field not filled: 158ca948-d245-4cb8-ad4d-9dd7f4a70d69
2025-05-15 13:36:27,392 - INFO - Required field not filled: 51027920-6052-4076-81dd-e3a89da3aef5
2025-05-15 13:36:27,559 - INFO - Waiting for 2 required fields to be filled: ['158ca948-d245-4cb8-ad4d-9dd7f4a70d69', '51027920-6052-4076-81dd-e3a89da3aef5']
2025-05-15 13:36:29,658 - INFO - Required field not filled: 158ca948-d245-4cb8-ad4d-9dd7f4a70d69
2025-05-15 13:36:29,658 - INFO - Required field not filled: 51027920-6052-4076-81dd-e3a89da3aef5
2025-05-15 13:36:29,825 - INFO - Waiting for 2 required fields to be filled: ['158ca948-d245-4cb8-ad4d-9dd7f4a70d69', '51027920-6052-4076-81dd-e3a89da3aef5']
2025-05-15 13:36:31,975 - INFO - Required field not filled: 158ca948-d245-4cb8-ad4d-9dd7f4a70d69
2025-05-15 13:36:31,997 - INFO - Required field not filled: 51027920-6052-4076-81dd-e3a89da3aef5
2025-05-15 13:36:32,158 - INFO - Waiting for 2 required fields to be filled: ['158ca948-d245-4cb8-ad4d-9dd7f4a70d69', '51027920-6052-4076-81dd-e3a89da3aef5']
2025-05-15 13:36:34,273 - INFO - Required field not filled: 158ca948-d245-4cb8-ad4d-9dd7f4a70d69
2025-05-15 13:36:34,275 - INFO - Required field not filled: 51027920-6052-4076-81dd-e3a89da3aef5
2025-05-15 13:36:34,441 - INFO - Waiting for 2 required fields to be filled: ['158ca948-d245-4cb8-ad4d-9dd7f4a70d69', '51027920-6052-4076-81dd-e3a89da3aef5']
2025-05-15 13:36:36,553 - INFO - Required field not filled: 158ca948-d245-4cb8-ad4d-9dd7f4a70d69
2025-05-15 13:36:36,569 - INFO - Required field not filled: 51027920-6052-4076-81dd-e3a89da3aef5
2025-05-15 13:36:36,740 - INFO - Waiting for 2 required fields to be filled: ['158ca948-d245-4cb8-ad4d-9dd7f4a70d69', '51027920-6052-4076-81dd-e3a89da3aef5']
2025-05-15 13:36:38,831 - INFO - Required field not filled: 158ca948-d245-4cb8-ad4d-9dd7f4a70d69
2025-05-15 13:36:38,852 - INFO - Required field not filled: 51027920-6052-4076-81dd-e3a89da3aef5
2025-05-15 13:36:39,030 - INFO - Waiting for 2 required fields to be filled: ['158ca948-d245-4cb8-ad4d-9dd7f4a70d69', '51027920-6052-4076-81dd-e3a89da3aef5']
2025-05-15 13:36:41,111 - INFO - Required field not filled: 158ca948-d245-4cb8-ad4d-9dd7f4a70d69
2025-05-15 13:36:41,126 - INFO - Required field not filled: 51027920-6052-4076-81dd-e3a89da3aef5
2025-05-15 13:36:41,303 - INFO - Waiting for 2 required fields to be filled: ['158ca948-d245-4cb8-ad4d-9dd7f4a70d69', '51027920-6052-4076-81dd-e3a89da3aef5']
2025-05-15 13:36:43,473 - INFO - Required field not filled: 51027920-6052-4076-81dd-e3a89da3aef5
2025-05-15 13:36:43,634 - INFO - Waiting for 1 required fields to be filled: ['51027920-6052-4076-81dd-e3a89da3aef5']
2025-05-15 13:36:45,756 - INFO - Required field not filled: 51027920-6052-4076-81dd-e3a89da3aef5
2025-05-15 13:36:45,920 - INFO - Waiting for 1 required fields to be filled: ['51027920-6052-4076-81dd-e3a89da3aef5']
2025-05-15 13:36:48,154 - INFO - All required fields are filled.
2025-05-15 13:36:48,223 - INFO - Found submit button using selector: button._primary_8wvgw_96
2025-05-15 13:36:50,094 - INFO - Clicked submit button normally
2025-05-15 13:36:53,056 - INFO - Page changed after click - assuming submission started
2025-05-15 13:37:13,371 - WARNING - Error during submission verification: Message: 

2025-05-15 13:37:13,388 - INFO - URL suggests we left application page - assuming success
2025-05-15 13:37:13,388 - INFO - Application submitted successfully!
2025-05-15 13:37:13,388 - INFO - Log directory ensured: C:\Users\hr\OneDrive\Desktop\merge\all_job_app\logs
2025-05-15 13:37:13,398 - INFO - Log entry written to logs/ashby_log_2025-05-15.csv
2025-05-15 13:37:13,399 - INFO - Processing job: https://jobs.ashbyhq.com/Phil/455246bd-d464-4ac4-a807-53cbfecfca25
2025-05-15 13:37:14,590 - INFO - Opened job page: https://jobs.ashbyhq.com/Phil/455246bd-d464-4ac4-a807-53cbfecfca25
2025-05-15 13:37:17,759 - INFO - Apply button clicked successfully!
2025-05-15 13:37:22,769 - INFO - Attempting to upload resume from: C:\Users\hr\OneDrive\Desktop\merge\all_job_app\resume/swathika.pdf
2025-05-15 13:37:23,369 - INFO - Resume file sent to input element
2025-05-15 13:37:38,668 - WARNING - No explicit upload confirmation detected: Message: 

2025-05-15 13:37:38,668 - INFO - Filling out the application form...
2025-05-15 13:37:38,836 - INFO - Filled field name with value Swathika Kalyanas
2025-05-15 13:37:38,967 - INFO - Filled field email with value Swathika.kalyan0488@gmail.com
2025-05-15 13:37:49,443 - WARNING - Error filling field phone with selector input[type='tel']: Message: 
Stacktrace:
	GetHandleVerifier [0x0101FC83+61635]
	GetHandleVerifier [0x0101FCC4+61700]
	(No symbol) [0x00E405D3]
	(No symbol) [0x00E8899E]
	(No symbol) [0x00E88D3B]
	(No symbol) [0x00ED0E12]
	(No symbol) [0x00EAD2E4]
	(No symbol) [0x00ECE61B]
	(No symbol) [0x00EAD096]
	(No symbol) [0x00E7C840]
	(No symbol) [0x00E7D6A4]
	GetHandleVerifier [0x012A45A3+2701795]
	GetHandleVerifier [0x0129FD26+2683238]
	GetHandleVerifier [0x012BAA6E+2793134]
	GetHandleVerifier [0x01036945+155013]
	GetHandleVerifier [0x0103D02D+181357]
	GetHandleVerifier [0x010274D8+92440]
	GetHandleVerifier [0x01027680+92864]
	GetHandleVerifier [0x01012070+5296]
	BaseThreadInitThunk [0x759AFCC9+25]
	RtlGetAppContainerNamedObjectPath [0x771B82AE+286]
	RtlGetAppContainerNamedObjectPath [0x771B827E+238]

2025-05-15 13:37:59,462 - WARNING - Error filling field phone with selector input[name='phone']: Message: 
Stacktrace:
	GetHandleVerifier [0x0101FC83+61635]
	GetHandleVerifier [0x0101FCC4+61700]
	(No symbol) [0x00E405D3]
	(No symbol) [0x00E8899E]
	(No symbol) [0x00E88D3B]
	(No symbol) [0x00ED0E12]
	(No symbol) [0x00EAD2E4]
	(No symbol) [0x00ECE61B]
	(No symbol) [0x00EAD096]
	(No symbol) [0x00E7C840]
	(No symbol) [0x00E7D6A4]
	GetHandleVerifier [0x012A45A3+2701795]
	GetHandleVerifier [0x0129FD26+2683238]
	GetHandleVerifier [0x012BAA6E+2793134]
	GetHandleVerifier [0x01036945+155013]
	GetHandleVerifier [0x0103D02D+181357]
	GetHandleVerifier [0x010274D8+92440]
	GetHandleVerifier [0x01027680+92864]
	GetHandleVerifier [0x01012070+5296]
	BaseThreadInitThunk [0x759AFCC9+25]
	RtlGetAppContainerNamedObjectPath [0x771B82AE+286]
	RtlGetAppContainerNamedObjectPath [0x771B827E+238]

2025-05-15 13:37:59,570 - INFO - Filled field phone with value (925) 579-1278
2025-05-15 13:37:59,570 - WARNING - No value provided for mandatory field: address
2025-05-15 13:38:09,614 - WARNING - Error filling field location with selector input[role='combobox']: Message: 
Stacktrace:
	GetHandleVerifier [0x0101FC83+61635]
	GetHandleVerifier [0x0101FCC4+61700]
	(No symbol) [0x00E405D3]
	(No symbol) [0x00E8899E]
	(No symbol) [0x00E88D3B]
	(No symbol) [0x00ED0E12]
	(No symbol) [0x00EAD2E4]
	(No symbol) [0x00ECE61B]
	(No symbol) [0x00EAD096]
	(No symbol) [0x00E7C840]
	(No symbol) [0x00E7D6A4]
	GetHandleVerifier [0x012A45A3+2701795]
	GetHandleVerifier [0x0129FD26+2683238]
	GetHandleVerifier [0x012BAA6E+2793134]
	GetHandleVerifier [0x01036945+155013]
	GetHandleVerifier [0x0103D02D+181357]
	GetHandleVerifier [0x010274D8+92440]
	GetHandleVerifier [0x01027680+92864]
	GetHandleVerifier [0x01012070+5296]
	BaseThreadInitThunk [0x759AFCC9+25]
	RtlGetAppContainerNamedObjectPath [0x771B82AE+286]
	RtlGetAppContainerNamedObjectPath [0x771B827E+238]

2025-05-15 13:38:20,114 - WARNING - Error filling field location with selector input[placeholder*='Start typing']: Message: 
Stacktrace:
	GetHandleVerifier [0x0101FC83+61635]
	GetHandleVerifier [0x0101FCC4+61700]
	(No symbol) [0x00E405D3]
	(No symbol) [0x00E8899E]
	(No symbol) [0x00E88D3B]
	(No symbol) [0x00ED0E12]
	(No symbol) [0x00EAD2E4]
	(No symbol) [0x00ECE61B]
	(No symbol) [0x00EAD096]
	(No symbol) [0x00E7C840]
	(No symbol) [0x00E7D6A4]
	GetHandleVerifier [0x012A45A3+2701795]
	GetHandleVerifier [0x0129FD26+2683238]
	GetHandleVerifier [0x012BAA6E+2793134]
	GetHandleVerifier [0x01036945+155013]
	GetHandleVerifier [0x0103D02D+181357]
	GetHandleVerifier [0x010274D8+92440]
	GetHandleVerifier [0x01027680+92864]
	GetHandleVerifier [0x01012070+5296]
	BaseThreadInitThunk [0x759AFCC9+25]
	RtlGetAppContainerNamedObjectPath [0x771B82AE+286]
	RtlGetAppContainerNamedObjectPath [0x771B827E+238]

2025-05-15 13:38:30,655 - WARNING - LinkedIn field not found or failed to fill: Message: 
Stacktrace:
	GetHandleVerifier [0x0101FC83+61635]
	GetHandleVerifier [0x0101FCC4+61700]
	(No symbol) [0x00E405D3]
	(No symbol) [0x00E8899E]
	(No symbol) [0x00E88D3B]
	(No symbol) [0x00ED0E12]
	(No symbol) [0x00EAD2E4]
	(No symbol) [0x00ECE61B]
	(No symbol) [0x00EAD096]
	(No symbol) [0x00E7C840]
	(No symbol) [0x00E7D6A4]
	GetHandleVerifier [0x012A45A3+2701795]
	GetHandleVerifier [0x0129FD26+2683238]
	GetHandleVerifier [0x012BAA6E+2793134]
	GetHandleVerifier [0x01036945+155013]
	GetHandleVerifier [0x0103D02D+181357]
	GetHandleVerifier [0x010274D8+92440]
	GetHandleVerifier [0x01027680+92864]
	GetHandleVerifier [0x01012070+5296]
	BaseThreadInitThunk [0x759AFCC9+25]
	RtlGetAppContainerNamedObjectPath [0x771B82AE+286]
	RtlGetAppContainerNamedObjectPath [0x771B827E+238]

2025-05-15 13:38:30,667 - INFO - Filling out the Q&A section...
2025-05-15 13:38:31,496 - INFO - Form Q&A questions found: ['Salary Requirement', "Briefly describe a LLM project you've worked on"]
2025-05-15 13:38:31,496 - INFO - Processing question: 'where did you hear about biorender?'
2025-05-15 13:38:31,496 - WARNING - No match found for question: 'where did you hear about biorender?' (best score: 0)
2025-05-15 13:38:31,496 - INFO - Processing question: 'do you have programming experience or are you in a cs degree?'
2025-05-15 13:38:31,496 - WARNING - No match found for question: 'do you have programming experience or are you in a cs degree?' (best score: 0)
2025-05-15 13:38:31,496 - INFO - Processing question: 'are you legally authorized to work in the u.s. without restriction for any employer?'
2025-05-15 13:38:31,496 - WARNING - No match found for question: 'are you legally authorized to work in the u.s. without restriction for any employer?' (best score: 0)
2025-05-15 13:38:31,496 - INFO - Processing question: 'are you legally authorized to work in canada or the united states?'
2025-05-15 13:38:31,496 - WARNING - No match found for question: 'are you legally authorized to work in canada or the united states?' (best score: 0)
2025-05-15 13:38:31,496 - INFO - Processing question: 'how many years of experience do you have as a machine learning engineer?'
2025-05-15 13:38:31,496 - WARNING - No match found for question: 'how many years of experience do you have as a machine learning engineer?' (best score: 0)
2025-05-15 13:38:31,496 - INFO - Processing question: 'are you legally authorized to work in the united states?'
2025-05-15 13:38:31,496 - WARNING - No match found for question: 'are you legally authorized to work in the united states?' (best score: 0)
2025-05-15 13:38:31,496 - INFO - Processing question: 'what are your salary expectations?'
2025-05-15 13:38:31,496 - WARNING - No match found for question: 'what are your salary expectations?' (best score: 0)
2025-05-15 13:38:31,496 - INFO - Processing question: 'have you previously worked for hims & hers as an employee or contractor/consultant?'
2025-05-15 13:38:31,496 - WARNING - No match found for question: 'have you previously worked for hims & hers as an employee or contractor/consultant?' (best score: 0)
2025-05-15 13:38:31,508 - INFO - Processing question: 'are you legally authorized to work in canada?'
2025-05-15 13:38:31,508 - WARNING - No match found for question: 'are you legally authorized to work in canada?' (best score: 0)
2025-05-15 13:38:31,508 - INFO - Processing question: 'how did you hear about us?'
2025-05-15 13:38:31,508 - WARNING - No match found for question: 'how did you hear about us?' (best score: 0)
2025-05-15 13:38:31,509 - INFO - Processing question: 'are you a veteran/have you served in the military?'
2025-05-15 13:38:31,509 - WARNING - No match found for question: 'are you a veteran/have you served in the military?' (best score: 0)
2025-05-15 13:38:31,509 - INFO - Processing question: 'do you identify as having a disability?.no'
2025-05-15 13:38:31,510 - WARNING - No match found for question: 'do you identify as having a disability?.no' (best score: 0)
2025-05-15 13:38:31,510 - INFO - Processing question: 'will you now or in the future require immigration sponsorship by hims & hers in order to work for hims & hers in the u.s.?'
2025-05-15 13:38:31,511 - WARNING - No match found for question: 'will you now or in the future require immigration sponsorship by hims & hers in order to work for hims & hers in the u.s.?' (best score: 0)
2025-05-15 13:38:31,512 - INFO - Processing question: 'have you worked as a software engineer prior to moving into ml?'
2025-05-15 13:38:31,512 - WARNING - No match found for question: 'have you worked as a software engineer prior to moving into ml?' (best score: 0)
2025-05-15 13:38:31,513 - INFO - Processing question: 'which languages and dialects do you speak fluently?'
2025-05-15 13:38:31,513 - WARNING - No match found for question: 'which languages and dialects do you speak fluently?' (best score: 0)
2025-05-15 13:38:31,514 - INFO - Processing question: 'are you open to tier 2 (medium complexity) rlhf projects at listed rate for your location?'
2025-05-15 13:38:31,514 - WARNING - No match found for question: 'are you open to tier 2 (medium complexity) rlhf projects at listed rate for your location?' (best score: 0)
2025-05-15 13:38:31,515 - INFO - Processing question: 'do you have any familial relationships with current virta employees?'
2025-05-15 13:38:31,515 - WARNING - No match found for question: 'do you have any familial relationships with current virta employees?' (best score: 0)
2025-05-15 13:38:31,516 - INFO - Processing question: 'are you 18 or older and legally eligible to work in the country of the job you are applying for?'
2025-05-15 13:38:31,516 - WARNING - No match found for question: 'are you 18 or older and legally eligible to work in the country of the job you are applying for?' (best score: 0)
2025-05-15 13:38:31,516 - INFO - Processing question: 'will you now or in the future require sponsorship for employment?'
2025-05-15 13:38:31,517 - WARNING - No match found for question: 'will you now or in the future require sponsorship for employment?' (best score: 0)
2025-05-15 13:38:31,517 - INFO - Processing question: 'how many years of experience do you have in mle?'
2025-05-15 13:38:31,518 - WARNING - No match found for question: 'how many years of experience do you have in mle?' (best score: 0)
2025-05-15 13:38:31,518 - INFO - Processing question: 'are you legally authorized to work in the country?'
2025-05-15 13:38:31,518 - WARNING - No match found for question: 'are you legally authorized to work in the country?' (best score: 0)
2025-05-15 13:38:31,519 - INFO - Processing question: 'what is your expected salary?'
2025-05-15 13:38:31,519 - WARNING - No match found for question: 'what is your expected salary?' (best score: 0)
2025-05-15 13:38:31,520 - INFO - Processing question: 'are you legally eligible to work in the us?'
2025-05-15 13:38:31,520 - WARNING - No match found for question: 'are you legally eligible to work in the us?' (best score: 0)
2025-05-15 13:38:31,520 - INFO - Processing question: 'are you willing & able to come into our downtown san francisco office on a hybrid basis? (3 days /week)?'
2025-05-15 13:38:31,520 - WARNING - No match found for question: 'are you willing & able to come into our downtown san francisco office on a hybrid basis? (3 days /week)?' (best score: 0)
2025-05-15 13:38:31,521 - INFO - Processing question: 'can you work onsite in palo alto?'
2025-05-15 13:38:31,521 - WARNING - No match found for question: 'can you work onsite in palo alto?' (best score: 0)
2025-05-15 13:38:31,521 - INFO - Processing question: 'our offices are located in san francisco ca and new york city. please indicate which location you are interested in?'
2025-05-15 13:38:31,522 - WARNING - No match found for question: 'our offices are located in san francisco ca and new york city. please indicate which location you are interested in?' (best score: 0)
2025-05-15 13:38:31,522 - INFO - Processing question: 'will you now or will you in the future require employment visa sponsorship to work in the country in which the job you're applying for is located?'
2025-05-15 13:38:31,523 - WARNING - No match found for question: 'will you now or will you in the future require employment visa sponsorship to work in the country in which the job you're applying for is located?' (best score: 0)
2025-05-15 13:38:31,523 - INFO - Processing question: 'do you have authorization to work in the united states?'
2025-05-15 13:38:31,524 - WARNING - No match found for question: 'do you have authorization to work in the united states?' (best score: 0)
2025-05-15 13:38:31,524 - INFO - Processing question: 'will you now or in the future require sponsorship for employment visa status?'
2025-05-15 13:38:31,524 - WARNING - No match found for question: 'will you now or in the future require sponsorship for employment visa status?' (best score: 0)
2025-05-15 13:38:31,525 - INFO - Processing question: 'are you available to work in person at the promise office  location listed in the job description at least three times per week?'
2025-05-15 13:38:31,525 - WARNING - No match found for question: 'are you available to work in person at the promise office  location listed in the job description at least three times per week?' (best score: 0)
2025-05-15 13:38:31,525 - INFO - Processing question: 'are you 18 or older?'
2025-05-15 13:38:31,526 - WARNING - No match found for question: 'are you 18 or older?' (best score: 0)
2025-05-15 13:38:31,526 - INFO - Processing question: 'are you comfortable working with javascript?'
2025-05-15 13:38:31,526 - WARNING - No match found for question: 'are you comfortable working with javascript?' (best score: 0)
2025-05-15 13:38:31,527 - INFO - Processing question: 'would you willing to relocate to/be in office in san francisco?'
2025-05-15 13:38:31,527 - WARNING - No match found for question: 'would you willing to relocate to/be in office in san francisco?' (best score: 0)
2025-05-15 13:38:31,528 - INFO - Processing question: 'what annual salary are you looking for in $usd?'
2025-05-15 13:38:31,528 - WARNING - No match found for question: 'what annual salary are you looking for in $usd?' (best score: 0)
2025-05-15 13:38:31,529 - INFO - Processing question: 'are you looking for full-time or part-time work?'
2025-05-15 13:38:31,529 - WARNING - No match found for question: 'are you looking for full-time or part-time work?' (best score: 0)
2025-05-15 13:38:31,530 - INFO - Processing question: 'how would you best describe your ideal work environment?'
2025-05-15 13:38:31,530 - WARNING - No match found for question: 'how would you best describe your ideal work environment?' (best score: 0)
2025-05-15 13:38:31,531 - INFO - Processing question: 'how do you handle deadlines and pressure?'
2025-05-15 13:38:31,531 - WARNING - No match found for question: 'how do you handle deadlines and pressure?' (best score: 0)
2025-05-15 13:38:31,531 - INFO - Processing question: 'how do you handle situations where you have too many tasks to complete on your own?'
2025-05-15 13:38:31,532 - WARNING - No match found for question: 'how do you handle situations where you have too many tasks to complete on your own?' (best score: 0)
2025-05-15 13:38:31,532 - INFO - Processing question: 'how much are you willing to work when things are urgent?'
2025-05-15 13:38:31,533 - WARNING - No match found for question: 'how much are you willing to work when things are urgent?' (best score: 0)
2025-05-15 13:38:31,533 - INFO - Processing question: 'are you comfortable working with python?'
2025-05-15 13:38:31,533 - WARNING - No match found for question: 'are you comfortable working with python?' (best score: 0)
2025-05-15 13:38:31,533 - INFO - Processing question: 'do you currently have legal authorization to work in the country where the position is based?'
2025-05-15 13:38:31,534 - WARNING - No match found for question: 'do you currently have legal authorization to work in the country where the position is based?' (best score: 0)
2025-05-15 13:38:31,534 - INFO - Processing question: 'are you excited to work in-office five days a week?'
2025-05-15 13:38:31,534 - WARNING - No match found for question: 'are you excited to work in-office five days a week?' (best score: 0)
2025-05-15 13:38:31,535 - INFO - Q&A section filled successfully!
2025-05-15 13:38:31,535 - INFO - Form filled successfully!
2025-05-15 13:38:32,537 - INFO - Starting submission process...
2025-05-15 13:38:32,828 - INFO - All required fields are filled.
2025-05-15 13:38:32,877 - INFO - Found submit button using selector: button._primary_8wvgw_96
2025-05-15 13:38:34,442 - INFO - Clicked submit button normally
2025-05-15 13:38:36,794 - INFO - Page changed after click - assuming submission started
2025-05-15 13:38:57,059 - WARNING - Error during submission verification: Message: 

2025-05-15 13:38:57,082 - INFO - URL suggests we left application page - assuming success
2025-05-15 13:38:57,083 - INFO - Application submitted successfully!
2025-05-15 13:38:57,083 - INFO - Log directory ensured: C:\Users\hr\OneDrive\Desktop\merge\all_job_app\logs
2025-05-15 13:38:57,083 - INFO - Log entry written to logs/ashby_log_2025-05-15.csv
2025-05-15 13:38:57,459 - INFO - Job application process completed!
2025-05-15 13:42:19,546 - INFO - Selected profile: malathi.yaml
2025-05-15 13:42:19,570 - INFO - Detected Chrome version: 136.0.7103.93
2025-05-15 13:42:19,570 - INFO - ====== WebDriver manager ======
2025-05-15 13:42:20,454 - INFO - Get LATEST chromedriver version for google-chrome
2025-05-15 13:42:20,492 - INFO - Get LATEST chromedriver version for google-chrome
2025-05-15 13:42:20,520 - INFO - Driver [C:\Users\hr\.wdm\drivers\chromedriver\win64\136.0.7103.94\chromedriver-win32/chromedriver.exe] found in cache
2025-05-15 13:42:21,365 - INFO - patching driver executable C:\Users\hr\appdata\roaming\undetected_chromedriver\undetected_chromedriver.exe
2025-05-15 13:42:22,236 - INFO - Processing job: https://jobs.ashbyhq.com/virtahealth/f82a953a-9c11-413e-8dcc-6f92432eee91
2025-05-15 13:42:23,695 - INFO - Opened job page: https://jobs.ashbyhq.com/virtahealth/f82a953a-9c11-413e-8dcc-6f92432eee91
2025-05-15 13:42:26,875 - INFO - Apply button clicked successfully!
2025-05-15 13:42:31,879 - INFO - Attempting to upload resume from: C:\Users\hr\OneDrive\Desktop\merge\all_job_app\resume/malathi.pdf
2025-05-15 13:42:32,465 - INFO - Resume file sent to input element
2025-05-15 13:42:47,793 - WARNING - No explicit upload confirmation detected: Message: 

2025-05-15 13:42:47,794 - INFO - Filling out the application form...
2025-05-15 13:42:47,908 - INFO - Filled field name with value Malathi kaliappan
2025-05-15 13:42:48,038 - INFO - Filled field email with value malathi.kaliappan11@gmail.com 
2025-05-15 13:42:48,135 - INFO - Filled field phone with value 925-699-5473
2025-05-15 13:42:48,135 - WARNING - No value provided for mandatory field: address
2025-05-15 13:42:48,307 - INFO - Filled field location with value San Francisco, California, United State
2025-05-15 13:42:58,360 - WARNING - Error selecting location suggestion: Message: 

2025-05-15 13:42:58,425 - INFO - Selected location using keyboard navigation
2025-05-15 13:42:58,564 - INFO - Filled LinkedIn field
2025-05-15 13:42:58,564 - INFO - Filling out the Q&A section...
2025-05-15 13:42:59,497 - INFO - Form Q&A questions found: ['Cover Letter']
2025-05-15 13:42:59,497 - INFO - Processing question: 'where did you hear about biorender?'
2025-05-15 13:42:59,497 - WARNING - No match found for question: 'where did you hear about biorender?' (best score: 0)
2025-05-15 13:42:59,498 - INFO - Processing question: 'do you have programming experience or are you in a cs degree?'
2025-05-15 13:42:59,498 - WARNING - No match found for question: 'do you have programming experience or are you in a cs degree?' (best score: 0)
2025-05-15 13:42:59,498 - INFO - Processing question: 'are you legally authorized to work in the u.s. without restriction for any employer?'
2025-05-15 13:42:59,499 - WARNING - No match found for question: 'are you legally authorized to work in the u.s. without restriction for any employer?' (best score: 0)
2025-05-15 13:42:59,499 - INFO - Processing question: 'are you legally authorized to work in canada or the united states?'
2025-05-15 13:42:59,500 - WARNING - No match found for question: 'are you legally authorized to work in canada or the united states?' (best score: 0)
2025-05-15 13:42:59,500 - INFO - Processing question: 'how many years of experience do you have as a machine learning engineer?'
2025-05-15 13:42:59,500 - WARNING - No match found for question: 'how many years of experience do you have as a machine learning engineer?' (best score: 0)
2025-05-15 13:42:59,501 - INFO - Processing question: 'are you legally authorized to work in the united states?'
2025-05-15 13:42:59,501 - WARNING - No match found for question: 'are you legally authorized to work in the united states?' (best score: 0)
2025-05-15 13:42:59,501 - INFO - Processing question: 'what are your salary expectations?'
2025-05-15 13:42:59,502 - WARNING - No match found for question: 'what are your salary expectations?' (best score: 0)
2025-05-15 13:42:59,502 - INFO - Processing question: 'have you previously worked for hims & hers as an employee or contractor/consultant?'
2025-05-15 13:42:59,502 - WARNING - No match found for question: 'have you previously worked for hims & hers as an employee or contractor/consultant?' (best score: 0)
2025-05-15 13:42:59,503 - INFO - Processing question: 'are you legally authorized to work in canada?'
2025-05-15 13:42:59,503 - WARNING - No match found for question: 'are you legally authorized to work in canada?' (best score: 0)
2025-05-15 13:42:59,503 - INFO - Processing question: 'how did you hear about us?'
2025-05-15 13:42:59,504 - WARNING - No match found for question: 'how did you hear about us?' (best score: 0)
2025-05-15 13:42:59,504 - INFO - Processing question: 'are you a veteran/have you served in the military?'
2025-05-15 13:42:59,504 - WARNING - No match found for question: 'are you a veteran/have you served in the military?' (best score: 0)
2025-05-15 13:42:59,504 - INFO - Processing question: 'do you identify as having a disability?.no'
2025-05-15 13:42:59,505 - WARNING - No match found for question: 'do you identify as having a disability?.no' (best score: 0)
2025-05-15 13:42:59,505 - INFO - Processing question: 'will you now or in the future require immigration sponsorship by hims & hers in order to work for hims & hers in the u.s.?'
2025-05-15 13:42:59,505 - WARNING - No match found for question: 'will you now or in the future require immigration sponsorship by hims & hers in order to work for hims & hers in the u.s.?' (best score: 0)
2025-05-15 13:42:59,506 - INFO - Processing question: 'have you worked as a software engineer prior to moving into ml?'
2025-05-15 13:42:59,506 - WARNING - No match found for question: 'have you worked as a software engineer prior to moving into ml?' (best score: 0)
2025-05-15 13:42:59,506 - INFO - Processing question: 'which languages and dialects do you speak fluently?'
2025-05-15 13:42:59,507 - WARNING - No match found for question: 'which languages and dialects do you speak fluently?' (best score: 0)
2025-05-15 13:42:59,507 - INFO - Processing question: 'are you open to tier 2 (medium complexity) rlhf projects at listed rate for your location?'
2025-05-15 13:42:59,507 - WARNING - No match found for question: 'are you open to tier 2 (medium complexity) rlhf projects at listed rate for your location?' (best score: 0)
2025-05-15 13:42:59,508 - INFO - Processing question: 'do you have any familial relationships with current virta employees?'
2025-05-15 13:42:59,508 - WARNING - No match found for question: 'do you have any familial relationships with current virta employees?' (best score: 0)
2025-05-15 13:42:59,508 - INFO - Processing question: 'are you 18 or older and legally eligible to work in the country of the job you are applying for?'
2025-05-15 13:42:59,509 - WARNING - No match found for question: 'are you 18 or older and legally eligible to work in the country of the job you are applying for?' (best score: 0)
2025-05-15 13:42:59,509 - INFO - Processing question: 'will you now or in the future require sponsorship for employment?'
2025-05-15 13:42:59,509 - WARNING - No match found for question: 'will you now or in the future require sponsorship for employment?' (best score: 0)
2025-05-15 13:42:59,510 - INFO - Processing question: 'how many years of experience do you have in mle?'
2025-05-15 13:42:59,510 - WARNING - No match found for question: 'how many years of experience do you have in mle?' (best score: 0)
2025-05-15 13:42:59,510 - INFO - Processing question: 'are you legally authorized to work in the country?'
2025-05-15 13:42:59,510 - WARNING - No match found for question: 'are you legally authorized to work in the country?' (best score: 0)
2025-05-15 13:42:59,511 - INFO - Processing question: 'what is your expected salary?'
2025-05-15 13:42:59,511 - WARNING - No match found for question: 'what is your expected salary?' (best score: 0)
2025-05-15 13:42:59,511 - INFO - Processing question: 'are you legally eligible to work in the us?'
2025-05-15 13:42:59,512 - WARNING - No match found for question: 'are you legally eligible to work in the us?' (best score: 0)
2025-05-15 13:42:59,512 - INFO - Processing question: 'are you willing & able to come into our downtown san francisco office on a hybrid basis? (3 days /week)?'
2025-05-15 13:42:59,512 - WARNING - No match found for question: 'are you willing & able to come into our downtown san francisco office on a hybrid basis? (3 days /week)?' (best score: 0)
2025-05-15 13:42:59,513 - INFO - Processing question: 'can you work onsite in palo alto?'
2025-05-15 13:42:59,513 - WARNING - No match found for question: 'can you work onsite in palo alto?' (best score: 0)
2025-05-15 13:42:59,514 - INFO - Processing question: 'our offices are located in san francisco ca and new york city. please indicate which location you are interested in?'
2025-05-15 13:42:59,514 - WARNING - No match found for question: 'our offices are located in san francisco ca and new york city. please indicate which location you are interested in?' (best score: 0)
2025-05-15 13:42:59,515 - INFO - Processing question: 'will you now or will you in the future require employment visa sponsorship to work in the country in which the job you're applying for is located?'
2025-05-15 13:42:59,515 - WARNING - No match found for question: 'will you now or will you in the future require employment visa sponsorship to work in the country in which the job you're applying for is located?' (best score: 0)
2025-05-15 13:42:59,516 - INFO - Processing question: 'do you have authorization to work in the united states?'
2025-05-15 13:42:59,516 - WARNING - No match found for question: 'do you have authorization to work in the united states?' (best score: 0)
2025-05-15 13:42:59,516 - INFO - Processing question: 'will you now or in the future require sponsorship for employment visa status?'
2025-05-15 13:42:59,517 - WARNING - No match found for question: 'will you now or in the future require sponsorship for employment visa status?' (best score: 0)
2025-05-15 13:42:59,517 - INFO - Processing question: 'are you available to work in person at the promise office  location listed in the job description at least three times per week?'
2025-05-15 13:42:59,518 - WARNING - No match found for question: 'are you available to work in person at the promise office  location listed in the job description at least three times per week?' (best score: 0)
2025-05-15 13:42:59,518 - INFO - Processing question: 'are you 18 or older?'
2025-05-15 13:42:59,518 - WARNING - No match found for question: 'are you 18 or older?' (best score: 0)
2025-05-15 13:42:59,518 - INFO - Processing question: 'are you comfortable working with javascript?'
2025-05-15 13:42:59,518 - WARNING - No match found for question: 'are you comfortable working with javascript?' (best score: 0)
2025-05-15 13:42:59,518 - INFO - Processing question: 'would you willing to relocate to/be in office in san francisco?'
2025-05-15 13:42:59,518 - WARNING - No match found for question: 'would you willing to relocate to/be in office in san francisco?' (best score: 0)
2025-05-15 13:42:59,518 - INFO - Processing question: 'what annual salary are you looking for in $usd?'
2025-05-15 13:42:59,518 - WARNING - No match found for question: 'what annual salary are you looking for in $usd?' (best score: 0)
2025-05-15 13:42:59,518 - INFO - Processing question: 'are you looking for full-time or part-time work?'
2025-05-15 13:42:59,518 - WARNING - No match found for question: 'are you looking for full-time or part-time work?' (best score: 0)
2025-05-15 13:42:59,518 - INFO - Processing question: 'how would you best describe your ideal work environment?'
2025-05-15 13:42:59,518 - WARNING - No match found for question: 'how would you best describe your ideal work environment?' (best score: 0)
2025-05-15 13:42:59,518 - INFO - Processing question: 'how do you handle deadlines and pressure?'
2025-05-15 13:42:59,518 - WARNING - No match found for question: 'how do you handle deadlines and pressure?' (best score: 0)
2025-05-15 13:42:59,518 - INFO - Processing question: 'how do you handle situations where you have too many tasks to complete on your own?'
2025-05-15 13:42:59,518 - WARNING - No match found for question: 'how do you handle situations where you have too many tasks to complete on your own?' (best score: 0)
2025-05-15 13:42:59,518 - INFO - Processing question: 'how much are you willing to work when things are urgent?'
2025-05-15 13:42:59,523 - WARNING - No match found for question: 'how much are you willing to work when things are urgent?' (best score: 0)
2025-05-15 13:42:59,523 - INFO - Processing question: 'are you comfortable working with python?'
2025-05-15 13:42:59,523 - WARNING - No match found for question: 'are you comfortable working with python?' (best score: 0)
2025-05-15 13:42:59,524 - INFO - Processing question: 'do you currently have legal authorization to work in the country where the position is based?'
2025-05-15 13:42:59,524 - WARNING - No match found for question: 'do you currently have legal authorization to work in the country where the position is based?' (best score: 0)
2025-05-15 13:42:59,524 - INFO - Processing question: 'are you excited to work in-office five days a week?'
2025-05-15 13:42:59,525 - WARNING - No match found for question: 'are you excited to work in-office five days a week?' (best score: 0)
2025-05-15 13:42:59,525 - INFO - Q&A section filled successfully!
2025-05-15 13:42:59,525 - INFO - Form filled successfully!
2025-05-15 13:43:00,530 - INFO - Starting submission process...
2025-05-15 13:43:00,644 - INFO - Required field not filled: 01bee1ba-3fbd-4291-8525-67cbc4f829cf
2025-05-15 13:43:00,868 - INFO - Required radio group not answered: Are you legally authorized to work in the United States?
2025-05-15 13:43:00,914 - INFO - Required radio group not answered: Will you now or in the future require sponsorship for employment visa status (e.g., H-1B visa status) to legally work in the United States?
2025-05-15 13:43:00,957 - INFO - Required radio group not answered: Do you have any familial relationships with current Virta employees?
2025-05-15 13:43:01,104 - INFO - Waiting for 4 required fields to be filled: ['01bee1ba-3fbd-4291-8525-67cbc4f829cf', 'Are you legally authorized to work in the United States?', 'Will you now or in the future require sponsorship for employment visa status (e.g., H-1B visa status) to legally work in the United States?', 'Do you have any familial relationships with current Virta employees?']
2025-05-15 13:43:03,260 - INFO - Required field not filled: 01bee1ba-3fbd-4291-8525-67cbc4f829cf
2025-05-15 13:43:03,429 - INFO - Required radio group not answered: Are you legally authorized to work in the United States?
2025-05-15 13:43:03,471 - INFO - Required radio group not answered: Will you now or in the future require sponsorship for employment visa status (e.g., H-1B visa status) to legally work in the United States?
2025-05-15 13:43:03,515 - INFO - Required radio group not answered: Do you have any familial relationships with current Virta employees?
2025-05-15 13:43:03,658 - INFO - Waiting for 4 required fields to be filled: ['01bee1ba-3fbd-4291-8525-67cbc4f829cf', 'Are you legally authorized to work in the United States?', 'Will you now or in the future require sponsorship for employment visa status (e.g., H-1B visa status) to legally work in the United States?', 'Do you have any familial relationships with current Virta employees?']
2025-05-15 13:43:05,758 - INFO - Required field not filled: 01bee1ba-3fbd-4291-8525-67cbc4f829cf
2025-05-15 13:43:05,949 - INFO - Required radio group not answered: Are you legally authorized to work in the United States?
2025-05-15 13:43:05,996 - INFO - Required radio group not answered: Will you now or in the future require sponsorship for employment visa status (e.g., H-1B visa status) to legally work in the United States?
2025-05-15 13:43:06,031 - INFO - Required radio group not answered: Do you have any familial relationships with current Virta employees?
2025-05-15 13:43:06,168 - INFO - Waiting for 4 required fields to be filled: ['01bee1ba-3fbd-4291-8525-67cbc4f829cf', 'Are you legally authorized to work in the United States?', 'Will you now or in the future require sponsorship for employment visa status (e.g., H-1B visa status) to legally work in the United States?', 'Do you have any familial relationships with current Virta employees?']
2025-05-15 13:43:08,274 - INFO - Required field not filled: 01bee1ba-3fbd-4291-8525-67cbc4f829cf
2025-05-15 13:43:08,432 - INFO - Required radio group not answered: Are you legally authorized to work in the United States?
2025-05-15 13:43:08,465 - INFO - Required radio group not answered: Will you now or in the future require sponsorship for employment visa status (e.g., H-1B visa status) to legally work in the United States?
2025-05-15 13:43:08,498 - INFO - Required radio group not answered: Do you have any familial relationships with current Virta employees?
2025-05-15 13:43:08,649 - INFO - Waiting for 4 required fields to be filled: ['01bee1ba-3fbd-4291-8525-67cbc4f829cf', 'Are you legally authorized to work in the United States?', 'Will you now or in the future require sponsorship for employment visa status (e.g., H-1B visa status) to legally work in the United States?', 'Do you have any familial relationships with current Virta employees?']
2025-05-15 13:43:10,827 - INFO - Required field not filled: 01bee1ba-3fbd-4291-8525-67cbc4f829cf
2025-05-15 13:43:10,996 - INFO - Required radio group not answered: Are you legally authorized to work in the United States?
2025-05-15 13:43:11,047 - INFO - Required radio group not answered: Will you now or in the future require sponsorship for employment visa status (e.g., H-1B visa status) to legally work in the United States?
2025-05-15 13:43:11,113 - INFO - Required radio group not answered: Do you have any familial relationships with current Virta employees?
2025-05-15 13:43:11,264 - INFO - Waiting for 4 required fields to be filled: ['01bee1ba-3fbd-4291-8525-67cbc4f829cf', 'Are you legally authorized to work in the United States?', 'Will you now or in the future require sponsorship for employment visa status (e.g., H-1B visa status) to legally work in the United States?', 'Do you have any familial relationships with current Virta employees?']
2025-05-15 13:43:13,396 - INFO - Required field not filled: 01bee1ba-3fbd-4291-8525-67cbc4f829cf
2025-05-15 13:43:13,566 - INFO - Required radio group not answered: Are you legally authorized to work in the United States?
2025-05-15 13:43:13,612 - INFO - Required radio group not answered: Will you now or in the future require sponsorship for employment visa status (e.g., H-1B visa status) to legally work in the United States?
2025-05-15 13:43:13,653 - INFO - Required radio group not answered: Do you have any familial relationships with current Virta employees?
2025-05-15 13:43:13,794 - INFO - Waiting for 4 required fields to be filled: ['01bee1ba-3fbd-4291-8525-67cbc4f829cf', 'Are you legally authorized to work in the United States?', 'Will you now or in the future require sponsorship for employment visa status (e.g., H-1B visa status) to legally work in the United States?', 'Do you have any familial relationships with current Virta employees?']
2025-05-15 13:43:15,942 - INFO - Required field not filled: 01bee1ba-3fbd-4291-8525-67cbc4f829cf
2025-05-15 13:43:16,112 - INFO - Required radio group not answered: Are you legally authorized to work in the United States?
2025-05-15 13:43:16,154 - INFO - Required radio group not answered: Will you now or in the future require sponsorship for employment visa status (e.g., H-1B visa status) to legally work in the United States?
2025-05-15 13:43:16,194 - INFO - Required radio group not answered: Do you have any familial relationships with current Virta employees?
2025-05-15 13:43:16,343 - INFO - Waiting for 4 required fields to be filled: ['01bee1ba-3fbd-4291-8525-67cbc4f829cf', 'Are you legally authorized to work in the United States?', 'Will you now or in the future require sponsorship for employment visa status (e.g., H-1B visa status) to legally work in the United States?', 'Do you have any familial relationships with current Virta employees?']
2025-05-15 13:43:18,451 - INFO - Required field not filled: 01bee1ba-3fbd-4291-8525-67cbc4f829cf
2025-05-15 13:43:18,628 - INFO - Required radio group not answered: Are you legally authorized to work in the United States?
2025-05-15 13:43:18,667 - INFO - Required radio group not answered: Will you now or in the future require sponsorship for employment visa status (e.g., H-1B visa status) to legally work in the United States?
2025-05-15 13:43:18,706 - INFO - Required radio group not answered: Do you have any familial relationships with current Virta employees?
2025-05-15 13:43:18,851 - INFO - Waiting for 4 required fields to be filled: ['01bee1ba-3fbd-4291-8525-67cbc4f829cf', 'Are you legally authorized to work in the United States?', 'Will you now or in the future require sponsorship for employment visa status (e.g., H-1B visa status) to legally work in the United States?', 'Do you have any familial relationships with current Virta employees?']
2025-05-15 13:43:20,995 - INFO - Required field not filled: 01bee1ba-3fbd-4291-8525-67cbc4f829cf
2025-05-15 13:43:21,159 - INFO - Required radio group not answered: Are you legally authorized to work in the United States?
2025-05-15 13:43:21,196 - INFO - Required radio group not answered: Will you now or in the future require sponsorship for employment visa status (e.g., H-1B visa status) to legally work in the United States?
2025-05-15 13:43:21,232 - INFO - Required radio group not answered: Do you have any familial relationships with current Virta employees?
2025-05-15 13:43:21,363 - INFO - Waiting for 4 required fields to be filled: ['01bee1ba-3fbd-4291-8525-67cbc4f829cf', 'Are you legally authorized to work in the United States?', 'Will you now or in the future require sponsorship for employment visa status (e.g., H-1B visa status) to legally work in the United States?', 'Do you have any familial relationships with current Virta employees?']
2025-05-15 13:43:23,503 - INFO - Required field not filled: 01bee1ba-3fbd-4291-8525-67cbc4f829cf
2025-05-15 13:43:23,663 - INFO - Required radio group not answered: Are you legally authorized to work in the United States?
2025-05-15 13:43:23,696 - INFO - Required radio group not answered: Will you now or in the future require sponsorship for employment visa status (e.g., H-1B visa status) to legally work in the United States?
2025-05-15 13:43:23,731 - INFO - Required radio group not answered: Do you have any familial relationships with current Virta employees?
2025-05-15 13:43:23,870 - INFO - Waiting for 4 required fields to be filled: ['01bee1ba-3fbd-4291-8525-67cbc4f829cf', 'Are you legally authorized to work in the United States?', 'Will you now or in the future require sponsorship for employment visa status (e.g., H-1B visa status) to legally work in the United States?', 'Do you have any familial relationships with current Virta employees?']
2025-05-15 13:43:25,994 - INFO - Required field not filled: 01bee1ba-3fbd-4291-8525-67cbc4f829cf
2025-05-15 13:43:26,162 - INFO - Required radio group not answered: Are you legally authorized to work in the United States?
2025-05-15 13:43:26,211 - INFO - Required radio group not answered: Will you now or in the future require sponsorship for employment visa status (e.g., H-1B visa status) to legally work in the United States?
2025-05-15 13:43:26,258 - INFO - Required radio group not answered: Do you have any familial relationships with current Virta employees?
2025-05-15 13:43:26,403 - INFO - Waiting for 4 required fields to be filled: ['01bee1ba-3fbd-4291-8525-67cbc4f829cf', 'Are you legally authorized to work in the United States?', 'Will you now or in the future require sponsorship for employment visa status (e.g., H-1B visa status) to legally work in the United States?', 'Do you have any familial relationships with current Virta employees?']
2025-05-15 13:43:28,559 - INFO - Required field not filled: 01bee1ba-3fbd-4291-8525-67cbc4f829cf
2025-05-15 13:43:28,727 - INFO - Required radio group not answered: Are you legally authorized to work in the United States?
2025-05-15 13:43:28,782 - INFO - Required radio group not answered: Will you now or in the future require sponsorship for employment visa status (e.g., H-1B visa status) to legally work in the United States?
2025-05-15 13:43:28,812 - INFO - Required radio group not answered: Do you have any familial relationships with current Virta employees?
2025-05-15 13:43:28,980 - INFO - Waiting for 4 required fields to be filled: ['01bee1ba-3fbd-4291-8525-67cbc4f829cf', 'Are you legally authorized to work in the United States?', 'Will you now or in the future require sponsorship for employment visa status (e.g., H-1B visa status) to legally work in the United States?', 'Do you have any familial relationships with current Virta employees?']
2025-05-15 13:43:31,084 - INFO - Required field not filled: 01bee1ba-3fbd-4291-8525-67cbc4f829cf
2025-05-15 13:43:31,249 - INFO - Required radio group not answered: Are you legally authorized to work in the United States?
2025-05-15 13:43:31,284 - INFO - Required radio group not answered: Will you now or in the future require sponsorship for employment visa status (e.g., H-1B visa status) to legally work in the United States?
2025-05-15 13:43:31,312 - INFO - Required radio group not answered: Do you have any familial relationships with current Virta employees?
2025-05-15 13:43:31,455 - INFO - Waiting for 4 required fields to be filled: ['01bee1ba-3fbd-4291-8525-67cbc4f829cf', 'Are you legally authorized to work in the United States?', 'Will you now or in the future require sponsorship for employment visa status (e.g., H-1B visa status) to legally work in the United States?', 'Do you have any familial relationships with current Virta employees?']
2025-05-15 13:43:33,545 - INFO - Required field not filled: 01bee1ba-3fbd-4291-8525-67cbc4f829cf
2025-05-15 13:43:33,717 - INFO - Required radio group not answered: Are you legally authorized to work in the United States?
2025-05-15 13:43:33,745 - INFO - Required radio group not answered: Will you now or in the future require sponsorship for employment visa status (e.g., H-1B visa status) to legally work in the United States?
2025-05-15 13:43:33,805 - INFO - Required radio group not answered: Do you have any familial relationships with current Virta employees?
2025-05-15 13:43:33,942 - INFO - Waiting for 4 required fields to be filled: ['01bee1ba-3fbd-4291-8525-67cbc4f829cf', 'Are you legally authorized to work in the United States?', 'Will you now or in the future require sponsorship for employment visa status (e.g., H-1B visa status) to legally work in the United States?', 'Do you have any familial relationships with current Virta employees?']
2025-05-15 13:43:36,060 - INFO - Required field not filled: 01bee1ba-3fbd-4291-8525-67cbc4f829cf
2025-05-15 13:43:36,210 - INFO - Required radio group not answered: Are you legally authorized to work in the United States?
2025-05-15 13:43:36,245 - INFO - Required radio group not answered: Will you now or in the future require sponsorship for employment visa status (e.g., H-1B visa status) to legally work in the United States?
2025-05-15 13:43:36,279 - INFO - Required radio group not answered: Do you have any familial relationships with current Virta employees?
2025-05-15 13:43:36,394 - INFO - Waiting for 4 required fields to be filled: ['01bee1ba-3fbd-4291-8525-67cbc4f829cf', 'Are you legally authorized to work in the United States?', 'Will you now or in the future require sponsorship for employment visa status (e.g., H-1B visa status) to legally work in the United States?', 'Do you have any familial relationships with current Virta employees?']
2025-05-15 13:43:38,494 - INFO - Required field not filled: 01bee1ba-3fbd-4291-8525-67cbc4f829cf
2025-05-15 13:43:38,611 - INFO - Required radio group not answered: Are you legally authorized to work in the United States?
2025-05-15 13:43:38,662 - INFO - Required radio group not answered: Will you now or in the future require sponsorship for employment visa status (e.g., H-1B visa status) to legally work in the United States?
2025-05-15 13:43:38,695 - INFO - Required radio group not answered: Do you have any familial relationships with current Virta employees?
2025-05-15 13:43:38,810 - INFO - Waiting for 4 required fields to be filled: ['01bee1ba-3fbd-4291-8525-67cbc4f829cf', 'Are you legally authorized to work in the United States?', 'Will you now or in the future require sponsorship for employment visa status (e.g., H-1B visa status) to legally work in the United States?', 'Do you have any familial relationships with current Virta employees?']
2025-05-15 13:43:40,943 - INFO - Required field not filled: 01bee1ba-3fbd-4291-8525-67cbc4f829cf
2025-05-15 13:43:41,094 - INFO - Required radio group not answered: Are you legally authorized to work in the United States?
2025-05-15 13:43:41,130 - INFO - Required radio group not answered: Will you now or in the future require sponsorship for employment visa status (e.g., H-1B visa status) to legally work in the United States?
2025-05-15 13:43:41,162 - INFO - Required radio group not answered: Do you have any familial relationships with current Virta employees?
2025-05-15 13:43:41,294 - INFO - Waiting for 4 required fields to be filled: ['01bee1ba-3fbd-4291-8525-67cbc4f829cf', 'Are you legally authorized to work in the United States?', 'Will you now or in the future require sponsorship for employment visa status (e.g., H-1B visa status) to legally work in the United States?', 'Do you have any familial relationships with current Virta employees?']
2025-05-15 13:43:43,412 - INFO - Required field not filled: 01bee1ba-3fbd-4291-8525-67cbc4f829cf
2025-05-15 13:43:43,595 - INFO - Required radio group not answered: Will you now or in the future require sponsorship for employment visa status (e.g., H-1B visa status) to legally work in the United States?
2025-05-15 13:43:43,628 - INFO - Required radio group not answered: Do you have any familial relationships with current Virta employees?
2025-05-15 13:43:43,757 - INFO - Waiting for 3 required fields to be filled: ['01bee1ba-3fbd-4291-8525-67cbc4f829cf', 'Will you now or in the future require sponsorship for employment visa status (e.g., H-1B visa status) to legally work in the United States?', 'Do you have any familial relationships with current Virta employees?']
2025-05-15 13:43:45,855 - INFO - Required field not filled: 01bee1ba-3fbd-4291-8525-67cbc4f829cf
2025-05-15 13:43:46,071 - INFO - Required radio group not answered: Will you now or in the future require sponsorship for employment visa status (e.g., H-1B visa status) to legally work in the United States?
2025-05-15 13:43:46,120 - INFO - Required radio group not answered: Do you have any familial relationships with current Virta employees?
2025-05-15 13:43:46,242 - INFO - Waiting for 3 required fields to be filled: ['01bee1ba-3fbd-4291-8525-67cbc4f829cf', 'Will you now or in the future require sponsorship for employment visa status (e.g., H-1B visa status) to legally work in the United States?', 'Do you have any familial relationships with current Virta employees?']
2025-05-15 13:43:48,343 - INFO - Required field not filled: 01bee1ba-3fbd-4291-8525-67cbc4f829cf
2025-05-15 13:43:48,526 - INFO - Required radio group not answered: Will you now or in the future require sponsorship for employment visa status (e.g., H-1B visa status) to legally work in the United States?
2025-05-15 13:43:48,561 - INFO - Required radio group not answered: Do you have any familial relationships with current Virta employees?
2025-05-15 13:43:48,660 - INFO - Waiting for 3 required fields to be filled: ['01bee1ba-3fbd-4291-8525-67cbc4f829cf', 'Will you now or in the future require sponsorship for employment visa status (e.g., H-1B visa status) to legally work in the United States?', 'Do you have any familial relationships with current Virta employees?']
2025-05-15 13:43:50,784 - INFO - Required field not filled: 01bee1ba-3fbd-4291-8525-67cbc4f829cf
2025-05-15 13:43:50,974 - INFO - Required radio group not answered: Will you now or in the future require sponsorship for employment visa status (e.g., H-1B visa status) to legally work in the United States?
2025-05-15 13:43:51,010 - INFO - Required radio group not answered: Do you have any familial relationships with current Virta employees?
2025-05-15 13:43:51,123 - INFO - Waiting for 3 required fields to be filled: ['01bee1ba-3fbd-4291-8525-67cbc4f829cf', 'Will you now or in the future require sponsorship for employment visa status (e.g., H-1B visa status) to legally work in the United States?', 'Do you have any familial relationships with current Virta employees?']
2025-05-15 13:43:53,253 - INFO - Required field not filled: 01bee1ba-3fbd-4291-8525-67cbc4f829cf
2025-05-15 13:43:53,432 - INFO - Required radio group not answered: Will you now or in the future require sponsorship for employment visa status (e.g., H-1B visa status) to legally work in the United States?
2025-05-15 13:43:53,460 - INFO - Required radio group not answered: Do you have any familial relationships with current Virta employees?
2025-05-15 13:43:53,576 - INFO - Waiting for 3 required fields to be filled: ['01bee1ba-3fbd-4291-8525-67cbc4f829cf', 'Will you now or in the future require sponsorship for employment visa status (e.g., H-1B visa status) to legally work in the United States?', 'Do you have any familial relationships with current Virta employees?']
2025-05-15 13:43:55,695 - INFO - Required field not filled: 01bee1ba-3fbd-4291-8525-67cbc4f829cf
2025-05-15 13:43:55,882 - INFO - Required radio group not answered: Will you now or in the future require sponsorship for employment visa status (e.g., H-1B visa status) to legally work in the United States?
2025-05-15 13:43:55,910 - INFO - Required radio group not answered: Do you have any familial relationships with current Virta employees?
2025-05-15 13:43:56,025 - INFO - Waiting for 3 required fields to be filled: ['01bee1ba-3fbd-4291-8525-67cbc4f829cf', 'Will you now or in the future require sponsorship for employment visa status (e.g., H-1B visa status) to legally work in the United States?', 'Do you have any familial relationships with current Virta employees?']
2025-05-15 13:43:58,176 - INFO - Required field not filled: 01bee1ba-3fbd-4291-8525-67cbc4f829cf
2025-05-15 13:43:58,407 - INFO - Required radio group not answered: Will you now or in the future require sponsorship for employment visa status (e.g., H-1B visa status) to legally work in the United States?
2025-05-15 13:43:58,428 - INFO - Required radio group not answered: Do you have any familial relationships with current Virta employees?
2025-05-15 13:43:58,536 - INFO - Waiting for 3 required fields to be filled: ['01bee1ba-3fbd-4291-8525-67cbc4f829cf', 'Will you now or in the future require sponsorship for employment visa status (e.g., H-1B visa status) to legally work in the United States?', 'Do you have any familial relationships with current Virta employees?']
2025-05-15 13:44:00,673 - INFO - Required field not filled: 01bee1ba-3fbd-4291-8525-67cbc4f829cf
2025-05-15 13:44:00,863 - INFO - Required radio group not answered: Will you now or in the future require sponsorship for employment visa status (e.g., H-1B visa status) to legally work in the United States?
2025-05-15 13:44:00,901 - INFO - Required radio group not answered: Do you have any familial relationships with current Virta employees?
2025-05-15 13:44:01,002 - INFO - Waiting for 3 required fields to be filled: ['01bee1ba-3fbd-4291-8525-67cbc4f829cf', 'Will you now or in the future require sponsorship for employment visa status (e.g., H-1B visa status) to legally work in the United States?', 'Do you have any familial relationships with current Virta employees?']
2025-05-15 13:44:03,125 - INFO - Required field not filled: 01bee1ba-3fbd-4291-8525-67cbc4f829cf
2025-05-15 13:44:03,326 - INFO - Required radio group not answered: Do you have any familial relationships with current Virta employees?
2025-05-15 13:44:03,392 - INFO - Waiting for 2 required fields to be filled: ['01bee1ba-3fbd-4291-8525-67cbc4f829cf', 'Do you have any familial relationships with current Virta employees?']
2025-05-15 13:44:05,507 - INFO - Required field not filled: 01bee1ba-3fbd-4291-8525-67cbc4f829cf
2025-05-15 13:44:05,714 - INFO - Required radio group not answered: Do you have any familial relationships with current Virta employees?
2025-05-15 13:44:05,785 - INFO - Waiting for 2 required fields to be filled: ['01bee1ba-3fbd-4291-8525-67cbc4f829cf', 'Do you have any familial relationships with current Virta employees?']
2025-05-15 13:44:07,883 - INFO - Required field not filled: 01bee1ba-3fbd-4291-8525-67cbc4f829cf
2025-05-15 13:44:08,106 - INFO - Required radio group not answered: Do you have any familial relationships with current Virta employees?
2025-05-15 13:44:08,175 - INFO - Waiting for 2 required fields to be filled: ['01bee1ba-3fbd-4291-8525-67cbc4f829cf', 'Do you have any familial relationships with current Virta employees?']
2025-05-15 13:44:10,307 - INFO - Required field not filled: 01bee1ba-3fbd-4291-8525-67cbc4f829cf
2025-05-15 13:44:10,529 - INFO - Required radio group not answered: Do you have any familial relationships with current Virta employees?
2025-05-15 13:44:10,599 - INFO - Waiting for 2 required fields to be filled: ['01bee1ba-3fbd-4291-8525-67cbc4f829cf', 'Do you have any familial relationships with current Virta employees?']
2025-05-15 13:44:12,727 - INFO - Required field not filled: 01bee1ba-3fbd-4291-8525-67cbc4f829cf
2025-05-15 13:44:12,988 - INFO - Waiting for 1 required fields to be filled: ['01bee1ba-3fbd-4291-8525-67cbc4f829cf']
2025-05-15 13:44:15,106 - INFO - Required field not filled: 01bee1ba-3fbd-4291-8525-67cbc4f829cf
2025-05-15 13:44:15,359 - INFO - Waiting for 1 required fields to be filled: ['01bee1ba-3fbd-4291-8525-67cbc4f829cf']
2025-05-15 13:44:17,504 - INFO - Required field not filled: 01bee1ba-3fbd-4291-8525-67cbc4f829cf
2025-05-15 13:44:17,744 - INFO - Waiting for 1 required fields to be filled: ['01bee1ba-3fbd-4291-8525-67cbc4f829cf']
2025-05-15 13:44:19,839 - INFO - Required field not filled: 01bee1ba-3fbd-4291-8525-67cbc4f829cf
2025-05-15 13:44:20,094 - INFO - Waiting for 1 required fields to be filled: ['01bee1ba-3fbd-4291-8525-67cbc4f829cf']
2025-05-15 13:44:22,196 - INFO - Required field not filled: 01bee1ba-3fbd-4291-8525-67cbc4f829cf
2025-05-15 13:44:22,424 - INFO - Waiting for 1 required fields to be filled: ['01bee1ba-3fbd-4291-8525-67cbc4f829cf']
2025-05-15 13:44:24,555 - INFO - Required field not filled: 01bee1ba-3fbd-4291-8525-67cbc4f829cf
2025-05-15 13:44:24,802 - INFO - Waiting for 1 required fields to be filled: ['01bee1ba-3fbd-4291-8525-67cbc4f829cf']
2025-05-15 13:44:26,896 - INFO - Required field not filled: 01bee1ba-3fbd-4291-8525-67cbc4f829cf
2025-05-15 13:44:27,131 - INFO - Waiting for 1 required fields to be filled: ['01bee1ba-3fbd-4291-8525-67cbc4f829cf']
2025-05-15 13:44:29,289 - INFO - Required field not filled: 01bee1ba-3fbd-4291-8525-67cbc4f829cf
2025-05-15 13:44:29,521 - INFO - Waiting for 1 required fields to be filled: ['01bee1ba-3fbd-4291-8525-67cbc4f829cf']
2025-05-15 13:44:31,659 - INFO - Required field not filled: 01bee1ba-3fbd-4291-8525-67cbc4f829cf
2025-05-15 13:44:31,907 - INFO - Waiting for 1 required fields to be filled: ['01bee1ba-3fbd-4291-8525-67cbc4f829cf']
2025-05-15 13:44:34,065 - INFO - Required field not filled: 01bee1ba-3fbd-4291-8525-67cbc4f829cf
2025-05-15 13:44:34,337 - INFO - Waiting for 1 required fields to be filled: ['01bee1ba-3fbd-4291-8525-67cbc4f829cf']
2025-05-15 13:44:36,493 - INFO - Required field not filled: 01bee1ba-3fbd-4291-8525-67cbc4f829cf
2025-05-15 13:44:36,715 - INFO - Waiting for 1 required fields to be filled: ['01bee1ba-3fbd-4291-8525-67cbc4f829cf']
2025-05-15 13:44:39,076 - INFO - All required fields are filled.
2025-05-15 13:44:39,121 - INFO - Found submit button using selector: button._primary_8wvgw_96
2025-05-15 13:44:40,909 - INFO - Clicked submit button normally
2025-05-15 13:44:43,288 - INFO - Page changed after click - assuming submission started
2025-05-15 13:45:03,667 - WARNING - Error during submission verification: Message: 

2025-05-15 13:45:03,667 - INFO - URL suggests we left application page - assuming success
2025-05-15 13:45:03,667 - INFO - Application submitted successfully!
2025-05-15 13:45:03,667 - INFO - Log directory ensured: C:\Users\hr\OneDrive\Desktop\merge\all_job_app\logs
2025-05-15 13:45:03,679 - INFO - Log entry written to logs/ashby_log_2025-05-15.csv
2025-05-15 13:45:03,680 - INFO - Processing job: https://jobs.ashbyhq.com/windranger/d5c33dba-6b07-450a-8a35-4ec61355ab42
2025-05-15 13:45:04,666 - INFO - Opened job page: https://jobs.ashbyhq.com/windranger/d5c33dba-6b07-450a-8a35-4ec61355ab42
2025-05-15 13:45:07,808 - INFO - Apply button clicked successfully!
2025-05-15 13:45:12,815 - INFO - Attempting to upload resume from: C:\Users\hr\OneDrive\Desktop\merge\all_job_app\resume/malathi.pdf
2025-05-15 13:45:13,400 - INFO - Resume file sent to input element
2025-05-15 13:45:28,548 - WARNING - No explicit upload confirmation detected: Message: 

2025-05-15 13:45:28,548 - INFO - Filling out the application form...
2025-05-15 13:45:28,670 - INFO - Filled field name with value Malathi kaliappan
2025-05-15 13:45:28,785 - INFO - Filled field email with value malathi.kaliappan11@gmail.com 
2025-05-15 13:45:39,292 - WARNING - Error filling field phone with selector input[type='tel']: Message: 
Stacktrace:
	GetHandleVerifier [0x00A7FC83+61635]
	GetHandleVerifier [0x00A7FCC4+61700]
	(No symbol) [0x008A05D3]
	(No symbol) [0x008E899E]
	(No symbol) [0x008E8D3B]
	(No symbol) [0x00930E12]
	(No symbol) [0x0090D2E4]
	(No symbol) [0x0092E61B]
	(No symbol) [0x0090D096]
	(No symbol) [0x008DC840]
	(No symbol) [0x008DD6A4]
	GetHandleVerifier [0x00D045A3+2701795]
	GetHandleVerifier [0x00CFFD26+2683238]
	GetHandleVerifier [0x00D1AA6E+2793134]
	GetHandleVerifier [0x00A96945+155013]
	GetHandleVerifier [0x00A9D02D+181357]
	GetHandleVerifier [0x00A874D8+92440]
	GetHandleVerifier [0x00A87680+92864]
	GetHandleVerifier [0x00A72070+5296]
	BaseThreadInitThunk [0x759AFCC9+25]
	RtlGetAppContainerNamedObjectPath [0x771B82AE+286]
	RtlGetAppContainerNamedObjectPath [0x771B827E+238]

2025-05-15 13:45:49,835 - WARNING - Error filling field phone with selector input[name='phone']: Message: 
Stacktrace:
	GetHandleVerifier [0x00A7FC83+61635]
	GetHandleVerifier [0x00A7FCC4+61700]
	(No symbol) [0x008A05D3]
	(No symbol) [0x008E899E]
	(No symbol) [0x008E8D3B]
	(No symbol) [0x00930E12]
	(No symbol) [0x0090D2E4]
	(No symbol) [0x0092E61B]
	(No symbol) [0x0090D096]
	(No symbol) [0x008DC840]
	(No symbol) [0x008DD6A4]
	GetHandleVerifier [0x00D045A3+2701795]
	GetHandleVerifier [0x00CFFD26+2683238]
	GetHandleVerifier [0x00D1AA6E+2793134]
	GetHandleVerifier [0x00A96945+155013]
	GetHandleVerifier [0x00A9D02D+181357]
	GetHandleVerifier [0x00A874D8+92440]
	GetHandleVerifier [0x00A87680+92864]
	GetHandleVerifier [0x00A72070+5296]
	BaseThreadInitThunk [0x759AFCC9+25]
	RtlGetAppContainerNamedObjectPath [0x771B82AE+286]
	RtlGetAppContainerNamedObjectPath [0x771B827E+238]

2025-05-15 13:46:00,362 - WARNING - Error filling field phone with selector input[type='number']: Message: 
Stacktrace:
	GetHandleVerifier [0x00A7FC83+61635]
	GetHandleVerifier [0x00A7FCC4+61700]
	(No symbol) [0x008A05D3]
	(No symbol) [0x008E899E]
	(No symbol) [0x008E8D3B]
	(No symbol) [0x00930E12]
	(No symbol) [0x0090D2E4]
	(No symbol) [0x0092E61B]
	(No symbol) [0x0090D096]
	(No symbol) [0x008DC840]
	(No symbol) [0x008DD6A4]
	GetHandleVerifier [0x00D045A3+2701795]
	GetHandleVerifier [0x00CFFD26+2683238]
	GetHandleVerifier [0x00D1AA6E+2793134]
	GetHandleVerifier [0x00A96945+155013]
	GetHandleVerifier [0x00A9D02D+181357]
	GetHandleVerifier [0x00A874D8+92440]
	GetHandleVerifier [0x00A87680+92864]
	GetHandleVerifier [0x00A72070+5296]
	BaseThreadInitThunk [0x759AFCC9+25]
	RtlGetAppContainerNamedObjectPath [0x771B82AE+286]
	RtlGetAppContainerNamedObjectPath [0x771B827E+238]

2025-05-15 13:46:00,378 - WARNING - No value provided for mandatory field: address
2025-05-15 13:46:10,834 - WARNING - Error filling field location with selector input[role='combobox']: Message: 
Stacktrace:
	GetHandleVerifier [0x00A7FC83+61635]
	GetHandleVerifier [0x00A7FCC4+61700]
	(No symbol) [0x008A05D3]
	(No symbol) [0x008E899E]
	(No symbol) [0x008E8D3B]
	(No symbol) [0x00930E12]
	(No symbol) [0x0090D2E4]
	(No symbol) [0x0092E61B]
	(No symbol) [0x0090D096]
	(No symbol) [0x008DC840]
	(No symbol) [0x008DD6A4]
	GetHandleVerifier [0x00D045A3+2701795]
	GetHandleVerifier [0x00CFFD26+2683238]
	GetHandleVerifier [0x00D1AA6E+2793134]
	GetHandleVerifier [0x00A96945+155013]
	GetHandleVerifier [0x00A9D02D+181357]
	GetHandleVerifier [0x00A874D8+92440]
	GetHandleVerifier [0x00A87680+92864]
	GetHandleVerifier [0x00A72070+5296]
	BaseThreadInitThunk [0x759AFCC9+25]
	RtlGetAppContainerNamedObjectPath [0x771B82AE+286]
	RtlGetAppContainerNamedObjectPath [0x771B827E+238]

2025-05-15 13:46:21,264 - WARNING - Error filling field location with selector input[placeholder*='Start typing']: Message: 
Stacktrace:
	GetHandleVerifier [0x00A7FC83+61635]
	GetHandleVerifier [0x00A7FCC4+61700]
	(No symbol) [0x008A05D3]
	(No symbol) [0x008E899E]
	(No symbol) [0x008E8D3B]
	(No symbol) [0x00930E12]
	(No symbol) [0x0090D2E4]
	(No symbol) [0x0092E61B]
	(No symbol) [0x0090D096]
	(No symbol) [0x008DC840]
	(No symbol) [0x008DD6A4]
	GetHandleVerifier [0x00D045A3+2701795]
	GetHandleVerifier [0x00CFFD26+2683238]
	GetHandleVerifier [0x00D1AA6E+2793134]
	GetHandleVerifier [0x00A96945+155013]
	GetHandleVerifier [0x00A9D02D+181357]
	GetHandleVerifier [0x00A874D8+92440]
	GetHandleVerifier [0x00A87680+92864]
	GetHandleVerifier [0x00A72070+5296]
	BaseThreadInitThunk [0x759AFCC9+25]
	RtlGetAppContainerNamedObjectPath [0x771B82AE+286]
	RtlGetAppContainerNamedObjectPath [0x771B827E+238]

2025-05-15 13:46:21,410 - INFO - Filled LinkedIn field
2025-05-15 13:46:21,410 - INFO - Filling out the Q&A section...
2025-05-15 13:46:22,139 - INFO - Form Q&A questions found: []
2025-05-15 13:46:22,140 - WARNING - No Q&A questions found in the form. Skipping Q&A section.
2025-05-15 13:46:22,140 - INFO - Form filled successfully!
2025-05-15 13:46:23,141 - INFO - Starting submission process...
2025-05-15 13:46:23,308 - INFO - All required fields are filled.
2025-05-15 13:46:23,356 - INFO - Found submit button using selector: button._primary_8wvgw_96
2025-05-15 13:46:24,688 - INFO - Clicked submit button normally
2025-05-15 13:46:26,891 - INFO - Page changed after click - assuming submission started
2025-05-15 13:46:46,909 - WARNING - Error during submission verification: Message: 

2025-05-15 13:46:46,925 - INFO - URL suggests we left application page - assuming success
2025-05-15 13:46:46,925 - INFO - Application submitted successfully!
2025-05-15 13:46:46,925 - INFO - Log directory ensured: C:\Users\hr\OneDrive\Desktop\merge\all_job_app\logs
2025-05-15 13:46:46,929 - INFO - Log entry written to logs/ashby_log_2025-05-15.csv
2025-05-15 13:46:46,929 - INFO - Processing job: https://jobs.ashbyhq.com/anyscale/f59089a5-7b7d-4639-a839-ec12ed53f1e5
2025-05-15 13:46:47,510 - INFO - Opened job page: https://jobs.ashbyhq.com/anyscale/f59089a5-7b7d-4639-a839-ec12ed53f1e5
2025-05-15 13:46:50,639 - INFO - Apply button clicked successfully!
2025-05-15 13:46:55,640 - INFO - Attempting to upload resume from: C:\Users\hr\OneDrive\Desktop\merge\all_job_app\resume/malathi.pdf
2025-05-15 13:47:06,019 - ERROR - Could not find file input element
2025-05-15 13:47:06,019 - INFO - Filling out the application form...
2025-05-15 13:47:16,418 - WARNING - Error filling field name with selector #_systemfield_name: Message: 
Stacktrace:
	GetHandleVerifier [0x00A7FC83+61635]
	GetHandleVerifier [0x00A7FCC4+61700]
	(No symbol) [0x008A05D3]
	(No symbol) [0x008E899E]
	(No symbol) [0x008E8D3B]
	(No symbol) [0x00930E12]
	(No symbol) [0x0090D2E4]
	(No symbol) [0x0092E61B]
	(No symbol) [0x0090D096]
	(No symbol) [0x008DC840]
	(No symbol) [0x008DD6A4]
	GetHandleVerifier [0x00D045A3+2701795]
	GetHandleVerifier [0x00CFFD26+2683238]
	GetHandleVerifier [0x00D1AA6E+2793134]
	GetHandleVerifier [0x00A96945+155013]
	GetHandleVerifier [0x00A9D02D+181357]
	GetHandleVerifier [0x00A874D8+92440]
	GetHandleVerifier [0x00A87680+92864]
	GetHandleVerifier [0x00A72070+5296]
	BaseThreadInitThunk [0x759AFCC9+25]
	RtlGetAppContainerNamedObjectPath [0x771B82AE+286]
	RtlGetAppContainerNamedObjectPath [0x771B827E+238]

2025-05-15 13:47:26,873 - WARNING - Error filling field name with selector input[name='name']: Message: 
Stacktrace:
	GetHandleVerifier [0x00A7FC83+61635]
	GetHandleVerifier [0x00A7FCC4+61700]
	(No symbol) [0x008A05D3]
	(No symbol) [0x008E899E]
	(No symbol) [0x008E8D3B]
	(No symbol) [0x00930E12]
	(No symbol) [0x0090D2E4]
	(No symbol) [0x0092E61B]
	(No symbol) [0x0090D096]
	(No symbol) [0x008DC840]
	(No symbol) [0x008DD6A4]
	GetHandleVerifier [0x00D045A3+2701795]
	GetHandleVerifier [0x00CFFD26+2683238]
	GetHandleVerifier [0x00D1AA6E+2793134]
	GetHandleVerifier [0x00A96945+155013]
	GetHandleVerifier [0x00A9D02D+181357]
	GetHandleVerifier [0x00A874D8+92440]
	GetHandleVerifier [0x00A87680+92864]
	GetHandleVerifier [0x00A72070+5296]
	BaseThreadInitThunk [0x759AFCC9+25]
	RtlGetAppContainerNamedObjectPath [0x771B82AE+286]
	RtlGetAppContainerNamedObjectPath [0x771B827E+238]

2025-05-15 13:47:37,298 - WARNING - Error filling field email with selector #_systemfield_email: Message: 
Stacktrace:
	GetHandleVerifier [0x00A7FC83+61635]
	GetHandleVerifier [0x00A7FCC4+61700]
	(No symbol) [0x008A05D3]
	(No symbol) [0x008E899E]
	(No symbol) [0x008E8D3B]
	(No symbol) [0x00930E12]
	(No symbol) [0x0090D2E4]
	(No symbol) [0x0092E61B]
	(No symbol) [0x0090D096]
	(No symbol) [0x008DC840]
	(No symbol) [0x008DD6A4]
	GetHandleVerifier [0x00D045A3+2701795]
	GetHandleVerifier [0x00CFFD26+2683238]
	GetHandleVerifier [0x00D1AA6E+2793134]
	GetHandleVerifier [0x00A96945+155013]
	GetHandleVerifier [0x00A9D02D+181357]
	GetHandleVerifier [0x00A874D8+92440]
	GetHandleVerifier [0x00A87680+92864]
	GetHandleVerifier [0x00A72070+5296]
	BaseThreadInitThunk [0x759AFCC9+25]
	RtlGetAppContainerNamedObjectPath [0x771B82AE+286]
	RtlGetAppContainerNamedObjectPath [0x771B827E+238]

2025-05-15 13:47:47,695 - WARNING - Error filling field email with selector input[name='email']: Message: 
Stacktrace:
	GetHandleVerifier [0x00A7FC83+61635]
	GetHandleVerifier [0x00A7FCC4+61700]
	(No symbol) [0x008A05D3]
	(No symbol) [0x008E899E]
	(No symbol) [0x008E8D3B]
	(No symbol) [0x00930E12]
	(No symbol) [0x0090D2E4]
	(No symbol) [0x0092E61B]
	(No symbol) [0x0090D096]
	(No symbol) [0x008DC840]
	(No symbol) [0x008DD6A4]
	GetHandleVerifier [0x00D045A3+2701795]
	GetHandleVerifier [0x00CFFD26+2683238]
	GetHandleVerifier [0x00D1AA6E+2793134]
	GetHandleVerifier [0x00A96945+155013]
	GetHandleVerifier [0x00A9D02D+181357]
	GetHandleVerifier [0x00A874D8+92440]
	GetHandleVerifier [0x00A87680+92864]
	GetHandleVerifier [0x00A72070+5296]
	BaseThreadInitThunk [0x759AFCC9+25]
	RtlGetAppContainerNamedObjectPath [0x771B82AE+286]
	RtlGetAppContainerNamedObjectPath [0x771B827E+238]

2025-05-15 13:47:58,081 - WARNING - Error filling field phone with selector input[type='tel']: Message: 
Stacktrace:
	GetHandleVerifier [0x00A7FC83+61635]
	GetHandleVerifier [0x00A7FCC4+61700]
	(No symbol) [0x008A05D3]
	(No symbol) [0x008E899E]
	(No symbol) [0x008E8D3B]
	(No symbol) [0x00930E12]
	(No symbol) [0x0090D2E4]
	(No symbol) [0x0092E61B]
	(No symbol) [0x0090D096]
	(No symbol) [0x008DC840]
	(No symbol) [0x008DD6A4]
	GetHandleVerifier [0x00D045A3+2701795]
	GetHandleVerifier [0x00CFFD26+2683238]
	GetHandleVerifier [0x00D1AA6E+2793134]
	GetHandleVerifier [0x00A96945+155013]
	GetHandleVerifier [0x00A9D02D+181357]
	GetHandleVerifier [0x00A874D8+92440]
	GetHandleVerifier [0x00A87680+92864]
	GetHandleVerifier [0x00A72070+5296]
	BaseThreadInitThunk [0x759AFCC9+25]
	RtlGetAppContainerNamedObjectPath [0x771B82AE+286]
	RtlGetAppContainerNamedObjectPath [0x771B827E+238]

2025-05-15 13:48:08,494 - WARNING - Error filling field phone with selector input[name='phone']: Message: 
Stacktrace:
	GetHandleVerifier [0x00A7FC83+61635]
	GetHandleVerifier [0x00A7FCC4+61700]
	(No symbol) [0x008A05D3]
	(No symbol) [0x008E899E]
	(No symbol) [0x008E8D3B]
	(No symbol) [0x00930E12]
	(No symbol) [0x0090D2E4]
	(No symbol) [0x0092E61B]
	(No symbol) [0x0090D096]
	(No symbol) [0x008DC840]
	(No symbol) [0x008DD6A4]
	GetHandleVerifier [0x00D045A3+2701795]
	GetHandleVerifier [0x00CFFD26+2683238]
	GetHandleVerifier [0x00D1AA6E+2793134]
	GetHandleVerifier [0x00A96945+155013]
	GetHandleVerifier [0x00A9D02D+181357]
	GetHandleVerifier [0x00A874D8+92440]
	GetHandleVerifier [0x00A87680+92864]
	GetHandleVerifier [0x00A72070+5296]
	BaseThreadInitThunk [0x759AFCC9+25]
	RtlGetAppContainerNamedObjectPath [0x771B82AE+286]
	RtlGetAppContainerNamedObjectPath [0x771B827E+238]

2025-05-15 13:48:18,961 - WARNING - Error filling field phone with selector input[type='number']: Message: 
Stacktrace:
	GetHandleVerifier [0x00A7FC83+61635]
	GetHandleVerifier [0x00A7FCC4+61700]
	(No symbol) [0x008A05D3]
	(No symbol) [0x008E899E]
	(No symbol) [0x008E8D3B]
	(No symbol) [0x00930E12]
	(No symbol) [0x0090D2E4]
	(No symbol) [0x0092E61B]
	(No symbol) [0x0090D096]
	(No symbol) [0x008DC840]
	(No symbol) [0x008DD6A4]
	GetHandleVerifier [0x00D045A3+2701795]
	GetHandleVerifier [0x00CFFD26+2683238]
	GetHandleVerifier [0x00D1AA6E+2793134]
	GetHandleVerifier [0x00A96945+155013]
	GetHandleVerifier [0x00A9D02D+181357]
	GetHandleVerifier [0x00A874D8+92440]
	GetHandleVerifier [0x00A87680+92864]
	GetHandleVerifier [0x00A72070+5296]
	BaseThreadInitThunk [0x759AFCC9+25]
	RtlGetAppContainerNamedObjectPath [0x771B82AE+286]
	RtlGetAppContainerNamedObjectPath [0x771B827E+238]

2025-05-15 13:48:18,983 - WARNING - No value provided for mandatory field: address
2025-05-15 13:48:29,403 - WARNING - Error filling field location with selector input[role='combobox']: Message: 
Stacktrace:
	GetHandleVerifier [0x00A7FC83+61635]
	GetHandleVerifier [0x00A7FCC4+61700]
	(No symbol) [0x008A05D3]
	(No symbol) [0x008E899E]
	(No symbol) [0x008E8D3B]
	(No symbol) [0x00930E12]
	(No symbol) [0x0090D2E4]
	(No symbol) [0x0092E61B]
	(No symbol) [0x0090D096]
	(No symbol) [0x008DC840]
	(No symbol) [0x008DD6A4]
	GetHandleVerifier [0x00D045A3+2701795]
	GetHandleVerifier [0x00CFFD26+2683238]
	GetHandleVerifier [0x00D1AA6E+2793134]
	GetHandleVerifier [0x00A96945+155013]
	GetHandleVerifier [0x00A9D02D+181357]
	GetHandleVerifier [0x00A874D8+92440]
	GetHandleVerifier [0x00A87680+92864]
	GetHandleVerifier [0x00A72070+5296]
	BaseThreadInitThunk [0x759AFCC9+25]
	RtlGetAppContainerNamedObjectPath [0x771B82AE+286]
	RtlGetAppContainerNamedObjectPath [0x771B827E+238]

2025-05-15 13:48:39,787 - WARNING - Error filling field location with selector input[placeholder*='Start typing']: Message: 
Stacktrace:
	GetHandleVerifier [0x00A7FC83+61635]
	GetHandleVerifier [0x00A7FCC4+61700]
	(No symbol) [0x008A05D3]
	(No symbol) [0x008E899E]
	(No symbol) [0x008E8D3B]
	(No symbol) [0x00930E12]
	(No symbol) [0x0090D2E4]
	(No symbol) [0x0092E61B]
	(No symbol) [0x0090D096]
	(No symbol) [0x008DC840]
	(No symbol) [0x008DD6A4]
	GetHandleVerifier [0x00D045A3+2701795]
	GetHandleVerifier [0x00CFFD26+2683238]
	GetHandleVerifier [0x00D1AA6E+2793134]
	GetHandleVerifier [0x00A96945+155013]
	GetHandleVerifier [0x00A9D02D+181357]
	GetHandleVerifier [0x00A874D8+92440]
	GetHandleVerifier [0x00A87680+92864]
	GetHandleVerifier [0x00A72070+5296]
	BaseThreadInitThunk [0x759AFCC9+25]
	RtlGetAppContainerNamedObjectPath [0x771B82AE+286]
	RtlGetAppContainerNamedObjectPath [0x771B827E+238]

2025-05-15 13:48:50,238 - WARNING - LinkedIn field not found or failed to fill: Message: 
Stacktrace:
	GetHandleVerifier [0x00A7FC83+61635]
	GetHandleVerifier [0x00A7FCC4+61700]
	(No symbol) [0x008A05D3]
	(No symbol) [0x008E899E]
	(No symbol) [0x008E8D3B]
	(No symbol) [0x00930E12]
	(No symbol) [0x0090D2E4]
	(No symbol) [0x0092E61B]
	(No symbol) [0x0090D096]
	(No symbol) [0x008DC840]
	(No symbol) [0x008DD6A4]
	GetHandleVerifier [0x00D045A3+2701795]
	GetHandleVerifier [0x00CFFD26+2683238]
	GetHandleVerifier [0x00D1AA6E+2793134]
	GetHandleVerifier [0x00A96945+155013]
	GetHandleVerifier [0x00A9D02D+181357]
	GetHandleVerifier [0x00A874D8+92440]
	GetHandleVerifier [0x00A87680+92864]
	GetHandleVerifier [0x00A72070+5296]
	BaseThreadInitThunk [0x759AFCC9+25]
	RtlGetAppContainerNamedObjectPath [0x771B82AE+286]
	RtlGetAppContainerNamedObjectPath [0x771B827E+238]

2025-05-15 13:48:50,249 - INFO - Filling out the Q&A section...
2025-05-15 13:49:00,702 - WARNING - Could not locate form container
2025-05-15 13:49:00,727 - INFO - Form Q&A questions found: []
2025-05-15 13:49:00,727 - WARNING - No Q&A questions found in the form. Skipping Q&A section.
2025-05-15 13:49:00,727 - INFO - Form filled successfully!
2025-05-15 13:49:01,745 - INFO - Starting submission process...
2025-05-15 13:49:01,767 - INFO - All required fields are filled.
2025-05-15 13:49:01,798 - INFO - Found submit button using selector: button._primary_8wvgw_96
2025-05-15 13:49:03,060 - INFO - Clicked submit button normally
2025-05-15 13:49:05,273 - INFO - Page changed after click - assuming submission started
2025-05-15 13:49:25,570 - WARNING - Error during submission verification: Message: 

2025-05-15 13:49:25,592 - INFO - URL suggests we left application page - assuming success
2025-05-15 13:49:25,593 - INFO - Application submitted successfully!
2025-05-15 13:49:25,594 - INFO - Log directory ensured: C:\Users\hr\OneDrive\Desktop\merge\all_job_app\logs
2025-05-15 13:49:25,597 - INFO - Log entry written to logs/ashby_log_2025-05-15.csv
2025-05-15 13:49:25,874 - INFO - Job application process completed!
2025-05-15 13:50:25,315 - INFO - Selected profile: maryam.yaml
2025-05-15 13:50:25,337 - INFO - Detected Chrome version: 136.0.7103.93
2025-05-15 13:50:25,337 - INFO - ====== WebDriver manager ======
2025-05-15 13:50:26,231 - INFO - Get LATEST chromedriver version for google-chrome
2025-05-15 13:50:26,266 - INFO - Get LATEST chromedriver version for google-chrome
2025-05-15 13:50:26,287 - INFO - Driver [C:\Users\hr\.wdm\drivers\chromedriver\win64\136.0.7103.94\chromedriver-win32/chromedriver.exe] found in cache
2025-05-15 13:50:27,131 - INFO - patching driver executable C:\Users\hr\appdata\roaming\undetected_chromedriver\undetected_chromedriver.exe
2025-05-15 13:50:27,947 - INFO - Processing job: https://jobs.ashbyhq.com/virtahealth/f82a953a-9c11-413e-8dcc-6f92432eee91
2025-05-15 13:50:30,497 - INFO - Opened job page: https://jobs.ashbyhq.com/virtahealth/f82a953a-9c11-413e-8dcc-6f92432eee91
2025-05-15 13:50:33,801 - INFO - Apply button clicked successfully!
2025-05-15 13:50:38,812 - INFO - Attempting to upload resume from: C:\Users\hr\OneDrive\Desktop\merge\all_job_app\resume/maryam.pdf
2025-05-15 13:50:39,424 - INFO - Resume file sent to input element
2025-05-15 13:50:54,646 - WARNING - No explicit upload confirmation detected: Message: 

2025-05-15 13:50:54,647 - INFO - Filling out the application form...
2025-05-15 13:50:54,768 - INFO - Filled field name with value Maryam F Syeda
2025-05-15 13:50:54,881 - INFO - Filled field email with value maryamsyeda.work@gmail.com
2025-05-15 13:50:54,997 - INFO - Filled field phone with value (209) 831-2991
2025-05-15 13:50:54,997 - WARNING - No value provided for mandatory field: address
2025-05-15 13:50:55,153 - INFO - Filled field location with value Mountain House, California, United State 
2025-05-15 13:51:05,193 - WARNING - Error selecting location suggestion: Message: 

2025-05-15 13:51:05,251 - INFO - Selected location using keyboard navigation
2025-05-15 13:51:05,393 - INFO - Filled LinkedIn field
2025-05-15 13:51:05,393 - INFO - Filling out the Q&A section...
2025-05-15 13:51:06,330 - INFO - Form Q&A questions found: ['Cover Letter']
2025-05-15 13:51:06,331 - INFO - Processing question: 'where did you hear about biorender?'
2025-05-15 13:51:06,331 - WARNING - No match found for question: 'where did you hear about biorender?' (best score: 0)
2025-05-15 13:51:06,332 - INFO - Processing question: 'do you have programming experience or are you in a cs degree?'
2025-05-15 13:51:06,332 - WARNING - No match found for question: 'do you have programming experience or are you in a cs degree?' (best score: 0)
2025-05-15 13:51:06,333 - INFO - Processing question: 'are you legally authorized to work in the u.s. without restriction for any employer?'
2025-05-15 13:51:06,333 - WARNING - No match found for question: 'are you legally authorized to work in the u.s. without restriction for any employer?' (best score: 0)
2025-05-15 13:51:06,333 - INFO - Processing question: 'are you legally authorized to work in canada or the united states?'
2025-05-15 13:51:06,334 - WARNING - No match found for question: 'are you legally authorized to work in canada or the united states?' (best score: 0)
2025-05-15 13:51:06,335 - INFO - Processing question: 'how many years of experience do you have as a machine learning engineer?'
2025-05-15 13:51:06,335 - WARNING - No match found for question: 'how many years of experience do you have as a machine learning engineer?' (best score: 0)
2025-05-15 13:51:06,336 - INFO - Processing question: 'are you legally authorized to work in the united states?'
2025-05-15 13:51:06,336 - WARNING - No match found for question: 'are you legally authorized to work in the united states?' (best score: 0)
2025-05-15 13:51:06,337 - INFO - Processing question: 'what are your salary expectations?'
2025-05-15 13:51:06,337 - WARNING - No match found for question: 'what are your salary expectations?' (best score: 0)
2025-05-15 13:51:06,337 - INFO - Processing question: 'have you previously worked for hims & hers as an employee or contractor/consultant?'
2025-05-15 13:51:06,338 - WARNING - No match found for question: 'have you previously worked for hims & hers as an employee or contractor/consultant?' (best score: 0)
2025-05-15 13:51:06,338 - INFO - Processing question: 'are you legally authorized to work in canada?'
2025-05-15 13:51:06,339 - WARNING - No match found for question: 'are you legally authorized to work in canada?' (best score: 0)
2025-05-15 13:51:06,339 - INFO - Processing question: 'how did you hear about us?'
2025-05-15 13:51:06,339 - WARNING - No match found for question: 'how did you hear about us?' (best score: 0)
2025-05-15 13:51:06,339 - INFO - Processing question: 'are you a veteran/have you served in the military?'
2025-05-15 13:51:06,340 - WARNING - No match found for question: 'are you a veteran/have you served in the military?' (best score: 0)
2025-05-15 13:51:06,340 - INFO - Processing question: 'do you identify as having a disability?.no'
2025-05-15 13:51:06,340 - WARNING - No match found for question: 'do you identify as having a disability?.no' (best score: 0)
2025-05-15 13:51:06,341 - INFO - Processing question: 'will you now or in the future require immigration sponsorship by hims & hers in order to work for hims & hers in the u.s.?'
2025-05-15 13:51:06,341 - WARNING - No match found for question: 'will you now or in the future require immigration sponsorship by hims & hers in order to work for hims & hers in the u.s.?' (best score: 0)
2025-05-15 13:51:06,341 - INFO - Processing question: 'have you worked as a software engineer prior to moving into ml?'
2025-05-15 13:51:06,342 - WARNING - No match found for question: 'have you worked as a software engineer prior to moving into ml?' (best score: 0)
2025-05-15 13:51:06,342 - INFO - Processing question: 'which languages and dialects do you speak fluently?'
2025-05-15 13:51:06,342 - WARNING - No match found for question: 'which languages and dialects do you speak fluently?' (best score: 0)
2025-05-15 13:51:06,343 - INFO - Processing question: 'are you open to tier 2 (medium complexity) rlhf projects at listed rate for your location?'
2025-05-15 13:51:06,343 - WARNING - No match found for question: 'are you open to tier 2 (medium complexity) rlhf projects at listed rate for your location?' (best score: 0)
2025-05-15 13:51:06,344 - INFO - Processing question: 'do you have any familial relationships with current virta employees?'
2025-05-15 13:51:06,344 - WARNING - No match found for question: 'do you have any familial relationships with current virta employees?' (best score: 0)
2025-05-15 13:51:06,345 - INFO - Processing question: 'are you 18 or older and legally eligible to work in the country of the job you are applying for?'
2025-05-15 13:51:06,345 - WARNING - No match found for question: 'are you 18 or older and legally eligible to work in the country of the job you are applying for?' (best score: 0)
2025-05-15 13:51:06,345 - INFO - Processing question: 'will you now or in the future require sponsorship for employment?'
2025-05-15 13:51:06,346 - WARNING - No match found for question: 'will you now or in the future require sponsorship for employment?' (best score: 0)
2025-05-15 13:51:06,346 - INFO - Processing question: 'how many years of experience do you have in mle?'
2025-05-15 13:51:06,346 - WARNING - No match found for question: 'how many years of experience do you have in mle?' (best score: 0)
2025-05-15 13:51:06,346 - INFO - Processing question: 'are you legally authorized to work in the country?'
2025-05-15 13:51:06,347 - WARNING - No match found for question: 'are you legally authorized to work in the country?' (best score: 0)
2025-05-15 13:51:06,347 - INFO - Processing question: 'what is your expected salary?'
2025-05-15 13:51:06,347 - WARNING - No match found for question: 'what is your expected salary?' (best score: 0)
2025-05-15 13:51:06,348 - INFO - Processing question: 'are you legally eligible to work in the us?'
2025-05-15 13:51:06,348 - WARNING - No match found for question: 'are you legally eligible to work in the us?' (best score: 0)
2025-05-15 13:51:06,348 - INFO - Processing question: 'are you willing & able to come into our downtown san francisco office on a hybrid basis? (3 days /week)?'
2025-05-15 13:51:06,349 - WARNING - No match found for question: 'are you willing & able to come into our downtown san francisco office on a hybrid basis? (3 days /week)?' (best score: 0)
2025-05-15 13:51:06,349 - INFO - Processing question: 'can you work onsite in palo alto?'
2025-05-15 13:51:06,349 - WARNING - No match found for question: 'can you work onsite in palo alto?' (best score: 0)
2025-05-15 13:51:06,349 - INFO - Processing question: 'our offices are located in san francisco ca and new york city. please indicate which location you are interested in?'
2025-05-15 13:51:06,350 - WARNING - No match found for question: 'our offices are located in san francisco ca and new york city. please indicate which location you are interested in?' (best score: 0)
2025-05-15 13:51:06,350 - INFO - Processing question: 'will you now or will you in the future require employment visa sponsorship to work in the country in which the job you're applying for is located?'
2025-05-15 13:51:06,350 - WARNING - No match found for question: 'will you now or will you in the future require employment visa sponsorship to work in the country in which the job you're applying for is located?' (best score: 0)
2025-05-15 13:51:06,351 - INFO - Processing question: 'do you have authorization to work in the united states?'
2025-05-15 13:51:06,351 - WARNING - No match found for question: 'do you have authorization to work in the united states?' (best score: 0)
2025-05-15 13:51:06,351 - INFO - Processing question: 'will you now or in the future require sponsorship for employment visa status?'
2025-05-15 13:51:06,352 - WARNING - No match found for question: 'will you now or in the future require sponsorship for employment visa status?' (best score: 0)
2025-05-15 13:51:06,352 - INFO - Processing question: 'are you available to work in person at the promise office  location listed in the job description at least three times per week?'
2025-05-15 13:51:06,352 - WARNING - No match found for question: 'are you available to work in person at the promise office  location listed in the job description at least three times per week?' (best score: 0)
2025-05-15 13:51:06,353 - INFO - Processing question: 'are you 18 or older?'
2025-05-15 13:51:06,353 - WARNING - No match found for question: 'are you 18 or older?' (best score: 0)
2025-05-15 13:51:06,353 - INFO - Processing question: 'are you comfortable working with javascript?'
2025-05-15 13:51:06,354 - WARNING - No match found for question: 'are you comfortable working with javascript?' (best score: 0)
2025-05-15 13:51:06,354 - INFO - Processing question: 'would you willing to relocate to/be in office in san francisco?'
2025-05-15 13:51:06,354 - WARNING - No match found for question: 'would you willing to relocate to/be in office in san francisco?' (best score: 0)
2025-05-15 13:51:06,354 - INFO - Processing question: 'what annual salary are you looking for in $usd?'
2025-05-15 13:51:06,355 - WARNING - No match found for question: 'what annual salary are you looking for in $usd?' (best score: 0)
2025-05-15 13:51:06,355 - INFO - Processing question: 'are you looking for full-time or part-time work?'
2025-05-15 13:51:06,355 - WARNING - No match found for question: 'are you looking for full-time or part-time work?' (best score: 0)
2025-05-15 13:51:06,355 - INFO - Processing question: 'how would you best describe your ideal work environment?'
2025-05-15 13:51:06,356 - WARNING - No match found for question: 'how would you best describe your ideal work environment?' (best score: 0)
2025-05-15 13:51:06,356 - INFO - Processing question: 'how do you handle deadlines and pressure?'
2025-05-15 13:51:06,356 - WARNING - No match found for question: 'how do you handle deadlines and pressure?' (best score: 0)
2025-05-15 13:51:06,357 - INFO - Processing question: 'how do you handle situations where you have too many tasks to complete on your own?'
2025-05-15 13:51:06,357 - WARNING - No match found for question: 'how do you handle situations where you have too many tasks to complete on your own?' (best score: 0)
2025-05-15 13:51:06,357 - INFO - Processing question: 'how much are you willing to work when things are urgent?'
2025-05-15 13:51:06,358 - WARNING - No match found for question: 'how much are you willing to work when things are urgent?' (best score: 0)
2025-05-15 13:51:06,358 - INFO - Processing question: 'are you comfortable working with python?'
2025-05-15 13:51:06,358 - WARNING - No match found for question: 'are you comfortable working with python?' (best score: 0)
2025-05-15 13:51:06,358 - INFO - Processing question: 'do you currently have legal authorization to work in the country where the position is based?'
2025-05-15 13:51:06,359 - WARNING - No match found for question: 'do you currently have legal authorization to work in the country where the position is based?' (best score: 0)
2025-05-15 13:51:06,359 - INFO - Processing question: 'are you excited to work in-office five days a week?'
2025-05-15 13:51:06,360 - WARNING - No match found for question: 'are you excited to work in-office five days a week?' (best score: 0)
2025-05-15 13:51:06,360 - INFO - Q&A section filled successfully!
2025-05-15 13:51:06,360 - INFO - Form filled successfully!
2025-05-15 13:51:07,360 - INFO - Starting submission process...
2025-05-15 13:51:07,476 - INFO - Required field not filled: 01bee1ba-3fbd-4291-8525-67cbc4f829cf
2025-05-15 13:51:07,696 - INFO - Required radio group not answered: Are you legally authorized to work in the United States?
2025-05-15 13:51:07,740 - INFO - Required radio group not answered: Will you now or in the future require sponsorship for employment visa status (e.g., H-1B visa status) to legally work in the United States?
2025-05-15 13:51:07,785 - INFO - Required radio group not answered: Do you have any familial relationships with current Virta employees?
2025-05-15 13:51:07,924 - INFO - Waiting for 4 required fields to be filled: ['01bee1ba-3fbd-4291-8525-67cbc4f829cf', 'Are you legally authorized to work in the United States?', 'Will you now or in the future require sponsorship for employment visa status (e.g., H-1B visa status) to legally work in the United States?', 'Do you have any familial relationships with current Virta employees?']
2025-05-15 13:51:10,059 - INFO - Required field not filled: 01bee1ba-3fbd-4291-8525-67cbc4f829cf
2025-05-15 13:51:10,228 - INFO - Required radio group not answered: Are you legally authorized to work in the United States?
2025-05-15 13:51:10,259 - INFO - Required radio group not answered: Will you now or in the future require sponsorship for employment visa status (e.g., H-1B visa status) to legally work in the United States?
2025-05-15 13:51:10,292 - INFO - Required radio group not answered: Do you have any familial relationships with current Virta employees?
2025-05-15 13:51:10,427 - INFO - Waiting for 4 required fields to be filled: ['01bee1ba-3fbd-4291-8525-67cbc4f829cf', 'Are you legally authorized to work in the United States?', 'Will you now or in the future require sponsorship for employment visa status (e.g., H-1B visa status) to legally work in the United States?', 'Do you have any familial relationships with current Virta employees?']
2025-05-15 13:51:12,592 - INFO - Required field not filled: 01bee1ba-3fbd-4291-8525-67cbc4f829cf
2025-05-15 13:51:12,759 - INFO - Required radio group not answered: Are you legally authorized to work in the United States?
2025-05-15 13:51:12,796 - INFO - Required radio group not answered: Will you now or in the future require sponsorship for employment visa status (e.g., H-1B visa status) to legally work in the United States?
2025-05-15 13:51:12,826 - INFO - Required radio group not answered: Do you have any familial relationships with current Virta employees?
2025-05-15 13:51:12,966 - INFO - Waiting for 4 required fields to be filled: ['01bee1ba-3fbd-4291-8525-67cbc4f829cf', 'Are you legally authorized to work in the United States?', 'Will you now or in the future require sponsorship for employment visa status (e.g., H-1B visa status) to legally work in the United States?', 'Do you have any familial relationships with current Virta employees?']
2025-05-15 13:51:15,124 - INFO - Required field not filled: 01bee1ba-3fbd-4291-8525-67cbc4f829cf
2025-05-15 13:51:15,298 - INFO - Required radio group not answered: Are you legally authorized to work in the United States?
2025-05-15 13:51:15,336 - INFO - Required radio group not answered: Will you now or in the future require sponsorship for employment visa status (e.g., H-1B visa status) to legally work in the United States?
2025-05-15 13:51:15,363 - INFO - Required radio group not answered: Do you have any familial relationships with current Virta employees?
2025-05-15 13:51:15,497 - INFO - Waiting for 4 required fields to be filled: ['01bee1ba-3fbd-4291-8525-67cbc4f829cf', 'Are you legally authorized to work in the United States?', 'Will you now or in the future require sponsorship for employment visa status (e.g., H-1B visa status) to legally work in the United States?', 'Do you have any familial relationships with current Virta employees?']
2025-05-15 13:51:17,592 - INFO - Required field not filled: 01bee1ba-3fbd-4291-8525-67cbc4f829cf
2025-05-15 13:51:17,758 - INFO - Required radio group not answered: Are you legally authorized to work in the United States?
2025-05-15 13:51:17,797 - INFO - Required radio group not answered: Will you now or in the future require sponsorship for employment visa status (e.g., H-1B visa status) to legally work in the United States?
2025-05-15 13:51:17,844 - INFO - Required radio group not answered: Do you have any familial relationships with current Virta employees?
2025-05-15 13:51:17,977 - INFO - Waiting for 4 required fields to be filled: ['01bee1ba-3fbd-4291-8525-67cbc4f829cf', 'Are you legally authorized to work in the United States?', 'Will you now or in the future require sponsorship for employment visa status (e.g., H-1B visa status) to legally work in the United States?', 'Do you have any familial relationships with current Virta employees?']
2025-05-15 13:51:20,090 - INFO - Required field not filled: 01bee1ba-3fbd-4291-8525-67cbc4f829cf
2025-05-15 13:51:20,241 - INFO - Required radio group not answered: Are you legally authorized to work in the United States?
2025-05-15 13:51:20,281 - INFO - Required radio group not answered: Will you now or in the future require sponsorship for employment visa status (e.g., H-1B visa status) to legally work in the United States?
2025-05-15 13:51:20,324 - INFO - Required radio group not answered: Do you have any familial relationships with current Virta employees?
2025-05-15 13:51:20,446 - INFO - Waiting for 4 required fields to be filled: ['01bee1ba-3fbd-4291-8525-67cbc4f829cf', 'Are you legally authorized to work in the United States?', 'Will you now or in the future require sponsorship for employment visa status (e.g., H-1B visa status) to legally work in the United States?', 'Do you have any familial relationships with current Virta employees?']
2025-05-15 13:51:22,589 - INFO - Required field not filled: 01bee1ba-3fbd-4291-8525-67cbc4f829cf
2025-05-15 13:51:22,757 - INFO - Required radio group not answered: Are you legally authorized to work in the United States?
2025-05-15 13:51:22,807 - INFO - Required radio group not answered: Will you now or in the future require sponsorship for employment visa status (e.g., H-1B visa status) to legally work in the United States?
2025-05-15 13:51:22,843 - INFO - Required radio group not answered: Do you have any familial relationships with current Virta employees?
2025-05-15 13:51:22,974 - INFO - Waiting for 4 required fields to be filled: ['01bee1ba-3fbd-4291-8525-67cbc4f829cf', 'Are you legally authorized to work in the United States?', 'Will you now or in the future require sponsorship for employment visa status (e.g., H-1B visa status) to legally work in the United States?', 'Do you have any familial relationships with current Virta employees?']
2025-05-15 13:51:25,072 - INFO - Required field not filled: 01bee1ba-3fbd-4291-8525-67cbc4f829cf
2025-05-15 13:51:25,226 - INFO - Required radio group not answered: Are you legally authorized to work in the United States?
2025-05-15 13:51:25,260 - INFO - Required radio group not answered: Will you now or in the future require sponsorship for employment visa status (e.g., H-1B visa status) to legally work in the United States?
2025-05-15 13:51:25,293 - INFO - Required radio group not answered: Do you have any familial relationships with current Virta employees?
2025-05-15 13:51:25,438 - INFO - Waiting for 4 required fields to be filled: ['01bee1ba-3fbd-4291-8525-67cbc4f829cf', 'Are you legally authorized to work in the United States?', 'Will you now or in the future require sponsorship for employment visa status (e.g., H-1B visa status) to legally work in the United States?', 'Do you have any familial relationships with current Virta employees?']
2025-05-15 13:51:27,535 - INFO - Required field not filled: 01bee1ba-3fbd-4291-8525-67cbc4f829cf
2025-05-15 13:51:27,690 - INFO - Required radio group not answered: Are you legally authorized to work in the United States?
2025-05-15 13:51:27,721 - INFO - Required radio group not answered: Will you now or in the future require sponsorship for employment visa status (e.g., H-1B visa status) to legally work in the United States?
2025-05-15 13:51:27,755 - INFO - Required radio group not answered: Do you have any familial relationships with current Virta employees?
2025-05-15 13:51:27,935 - INFO - Waiting for 4 required fields to be filled: ['01bee1ba-3fbd-4291-8525-67cbc4f829cf', 'Are you legally authorized to work in the United States?', 'Will you now or in the future require sponsorship for employment visa status (e.g., H-1B visa status) to legally work in the United States?', 'Do you have any familial relationships with current Virta employees?']
2025-05-15 13:51:30,056 - INFO - Required field not filled: 01bee1ba-3fbd-4291-8525-67cbc4f829cf
2025-05-15 13:51:30,222 - INFO - Required radio group not answered: Are you legally authorized to work in the United States?
2025-05-15 13:51:30,262 - INFO - Required radio group not answered: Will you now or in the future require sponsorship for employment visa status (e.g., H-1B visa status) to legally work in the United States?
2025-05-15 13:51:30,292 - INFO - Required radio group not answered: Do you have any familial relationships with current Virta employees?
2025-05-15 13:51:30,438 - INFO - Waiting for 4 required fields to be filled: ['01bee1ba-3fbd-4291-8525-67cbc4f829cf', 'Are you legally authorized to work in the United States?', 'Will you now or in the future require sponsorship for employment visa status (e.g., H-1B visa status) to legally work in the United States?', 'Do you have any familial relationships with current Virta employees?']
2025-05-15 13:51:32,583 - INFO - Required field not filled: 01bee1ba-3fbd-4291-8525-67cbc4f829cf
2025-05-15 13:51:32,750 - INFO - Required radio group not answered: Are you legally authorized to work in the United States?
2025-05-15 13:51:32,791 - INFO - Required radio group not answered: Will you now or in the future require sponsorship for employment visa status (e.g., H-1B visa status) to legally work in the United States?
2025-05-15 13:51:32,833 - INFO - Required radio group not answered: Do you have any familial relationships with current Virta employees?
2025-05-15 13:51:32,957 - INFO - Waiting for 4 required fields to be filled: ['01bee1ba-3fbd-4291-8525-67cbc4f829cf', 'Are you legally authorized to work in the United States?', 'Will you now or in the future require sponsorship for employment visa status (e.g., H-1B visa status) to legally work in the United States?', 'Do you have any familial relationships with current Virta employees?']
2025-05-15 13:51:35,078 - INFO - Required field not filled: 01bee1ba-3fbd-4291-8525-67cbc4f829cf
2025-05-15 13:51:35,228 - INFO - Required radio group not answered: Are you legally authorized to work in the United States?
2025-05-15 13:51:35,268 - INFO - Required radio group not answered: Will you now or in the future require sponsorship for employment visa status (e.g., H-1B visa status) to legally work in the United States?
2025-05-15 13:51:35,296 - INFO - Required radio group not answered: Do you have any familial relationships with current Virta employees?
2025-05-15 13:51:35,445 - INFO - Waiting for 4 required fields to be filled: ['01bee1ba-3fbd-4291-8525-67cbc4f829cf', 'Are you legally authorized to work in the United States?', 'Will you now or in the future require sponsorship for employment visa status (e.g., H-1B visa status) to legally work in the United States?', 'Do you have any familial relationships with current Virta employees?']
2025-05-15 13:51:37,557 - INFO - Required field not filled: 01bee1ba-3fbd-4291-8525-67cbc4f829cf
2025-05-15 13:51:37,733 - INFO - Required radio group not answered: Are you legally authorized to work in the United States?
2025-05-15 13:51:37,766 - INFO - Required radio group not answered: Will you now or in the future require sponsorship for employment visa status (e.g., H-1B visa status) to legally work in the United States?
2025-05-15 13:51:37,798 - INFO - Required radio group not answered: Do you have any familial relationships with current Virta employees?
2025-05-15 13:51:37,930 - INFO - Waiting for 4 required fields to be filled: ['01bee1ba-3fbd-4291-8525-67cbc4f829cf', 'Are you legally authorized to work in the United States?', 'Will you now or in the future require sponsorship for employment visa status (e.g., H-1B visa status) to legally work in the United States?', 'Do you have any familial relationships with current Virta employees?']
2025-05-15 13:51:40,055 - INFO - Required field not filled: 01bee1ba-3fbd-4291-8525-67cbc4f829cf
2025-05-15 13:51:40,233 - INFO - Required radio group not answered: Are you legally authorized to work in the United States?
2025-05-15 13:51:40,273 - INFO - Required radio group not answered: Will you now or in the future require sponsorship for employment visa status (e.g., H-1B visa status) to legally work in the United States?
2025-05-15 13:51:40,307 - INFO - Required radio group not answered: Do you have any familial relationships with current Virta employees?
2025-05-15 13:51:40,443 - INFO - Waiting for 4 required fields to be filled: ['01bee1ba-3fbd-4291-8525-67cbc4f829cf', 'Are you legally authorized to work in the United States?', 'Will you now or in the future require sponsorship for employment visa status (e.g., H-1B visa status) to legally work in the United States?', 'Do you have any familial relationships with current Virta employees?']
2025-05-15 13:51:42,613 - INFO - Required field not filled: 01bee1ba-3fbd-4291-8525-67cbc4f829cf
2025-05-15 13:51:42,770 - INFO - Required radio group not answered: Are you legally authorized to work in the United States?
2025-05-15 13:51:42,804 - INFO - Required radio group not answered: Will you now or in the future require sponsorship for employment visa status (e.g., H-1B visa status) to legally work in the United States?
2025-05-15 13:51:42,847 - INFO - Required radio group not answered: Do you have any familial relationships with current Virta employees?
2025-05-15 13:51:42,973 - INFO - Waiting for 4 required fields to be filled: ['01bee1ba-3fbd-4291-8525-67cbc4f829cf', 'Are you legally authorized to work in the United States?', 'Will you now or in the future require sponsorship for employment visa status (e.g., H-1B visa status) to legally work in the United States?', 'Do you have any familial relationships with current Virta employees?']
2025-05-15 13:51:45,070 - INFO - Required field not filled: 01bee1ba-3fbd-4291-8525-67cbc4f829cf
2025-05-15 13:51:45,249 - INFO - Required radio group not answered: Are you legally authorized to work in the United States?
2025-05-15 13:51:45,295 - INFO - Required radio group not answered: Will you now or in the future require sponsorship for employment visa status (e.g., H-1B visa status) to legally work in the United States?
2025-05-15 13:51:45,345 - INFO - Required radio group not answered: Do you have any familial relationships with current Virta employees?
2025-05-15 13:51:45,472 - INFO - Waiting for 4 required fields to be filled: ['01bee1ba-3fbd-4291-8525-67cbc4f829cf', 'Are you legally authorized to work in the United States?', 'Will you now or in the future require sponsorship for employment visa status (e.g., H-1B visa status) to legally work in the United States?', 'Do you have any familial relationships with current Virta employees?']
2025-05-15 13:51:47,589 - INFO - Required field not filled: 01bee1ba-3fbd-4291-8525-67cbc4f829cf
2025-05-15 13:51:47,775 - INFO - Required radio group not answered: Are you legally authorized to work in the United States?
2025-05-15 13:51:47,806 - INFO - Required radio group not answered: Will you now or in the future require sponsorship for employment visa status (e.g., H-1B visa status) to legally work in the United States?
2025-05-15 13:51:47,841 - INFO - Required radio group not answered: Do you have any familial relationships with current Virta employees?
2025-05-15 13:51:47,974 - INFO - Waiting for 4 required fields to be filled: ['01bee1ba-3fbd-4291-8525-67cbc4f829cf', 'Are you legally authorized to work in the United States?', 'Will you now or in the future require sponsorship for employment visa status (e.g., H-1B visa status) to legally work in the United States?', 'Do you have any familial relationships with current Virta employees?']
2025-05-15 13:51:50,089 - INFO - Required field not filled: 01bee1ba-3fbd-4291-8525-67cbc4f829cf
2025-05-15 13:51:50,261 - INFO - Required radio group not answered: Are you legally authorized to work in the United States?
2025-05-15 13:51:50,308 - INFO - Required radio group not answered: Will you now or in the future require sponsorship for employment visa status (e.g., H-1B visa status) to legally work in the United States?
2025-05-15 13:51:50,345 - INFO - Required radio group not answered: Do you have any familial relationships with current Virta employees?
2025-05-15 13:51:50,485 - INFO - Waiting for 4 required fields to be filled: ['01bee1ba-3fbd-4291-8525-67cbc4f829cf', 'Are you legally authorized to work in the United States?', 'Will you now or in the future require sponsorship for employment visa status (e.g., H-1B visa status) to legally work in the United States?', 'Do you have any familial relationships with current Virta employees?']
2025-05-15 13:51:52,621 - INFO - Required field not filled: 01bee1ba-3fbd-4291-8525-67cbc4f829cf
2025-05-15 13:51:52,777 - INFO - Required radio group not answered: Are you legally authorized to work in the United States?
2025-05-15 13:51:52,825 - INFO - Required radio group not answered: Will you now or in the future require sponsorship for employment visa status (e.g., H-1B visa status) to legally work in the United States?
2025-05-15 13:51:52,859 - INFO - Required radio group not answered: Do you have any familial relationships with current Virta employees?
2025-05-15 13:51:52,987 - INFO - Waiting for 4 required fields to be filled: ['01bee1ba-3fbd-4291-8525-67cbc4f829cf', 'Are you legally authorized to work in the United States?', 'Will you now or in the future require sponsorship for employment visa status (e.g., H-1B visa status) to legally work in the United States?', 'Do you have any familial relationships with current Virta employees?']
2025-05-15 13:51:55,121 - INFO - Required field not filled: 01bee1ba-3fbd-4291-8525-67cbc4f829cf
2025-05-15 13:51:55,279 - INFO - Required radio group not answered: Are you legally authorized to work in the United States?
2025-05-15 13:51:55,307 - INFO - Required radio group not answered: Will you now or in the future require sponsorship for employment visa status (e.g., H-1B visa status) to legally work in the United States?
2025-05-15 13:51:55,354 - INFO - Required radio group not answered: Do you have any familial relationships with current Virta employees?
2025-05-15 13:51:55,487 - INFO - Waiting for 4 required fields to be filled: ['01bee1ba-3fbd-4291-8525-67cbc4f829cf', 'Are you legally authorized to work in the United States?', 'Will you now or in the future require sponsorship for employment visa status (e.g., H-1B visa status) to legally work in the United States?', 'Do you have any familial relationships with current Virta employees?']
2025-05-15 13:51:57,626 - INFO - Required field not filled: 01bee1ba-3fbd-4291-8525-67cbc4f829cf
2025-05-15 13:51:57,842 - INFO - Required radio group not answered: Do you have any familial relationships with current Virta employees?
2025-05-15 13:51:57,913 - INFO - Waiting for 2 required fields to be filled: ['01bee1ba-3fbd-4291-8525-67cbc4f829cf', 'Do you have any familial relationships with current Virta employees?']
2025-05-15 13:52:00,020 - INFO - Required field not filled: 01bee1ba-3fbd-4291-8525-67cbc4f829cf
2025-05-15 13:52:00,227 - INFO - Required radio group not answered: Do you have any familial relationships with current Virta employees?
2025-05-15 13:52:00,300 - INFO - Waiting for 2 required fields to be filled: ['01bee1ba-3fbd-4291-8525-67cbc4f829cf', 'Do you have any familial relationships with current Virta employees?']
2025-05-15 13:52:02,420 - INFO - Required field not filled: 01bee1ba-3fbd-4291-8525-67cbc4f829cf
2025-05-15 13:52:02,659 - INFO - Waiting for 1 required fields to be filled: ['01bee1ba-3fbd-4291-8525-67cbc4f829cf']
2025-05-15 13:52:04,753 - INFO - Required field not filled: 01bee1ba-3fbd-4291-8525-67cbc4f829cf
2025-05-15 13:52:05,011 - INFO - Waiting for 1 required fields to be filled: ['01bee1ba-3fbd-4291-8525-67cbc4f829cf']
2025-05-15 13:52:07,342 - INFO - All required fields are filled.
2025-05-15 13:52:07,387 - INFO - Found submit button using selector: button._primary_8wvgw_96
2025-05-15 13:52:09,143 - INFO - Clicked submit button normally
2025-05-15 13:52:11,352 - INFO - Page changed after click - assuming submission started
2025-05-15 13:52:31,800 - WARNING - Error during submission verification: Message: 

2025-05-15 13:52:31,817 - INFO - URL suggests we left application page - assuming success
2025-05-15 13:52:31,817 - INFO - Application submitted successfully!
2025-05-15 13:52:31,817 - INFO - Log directory ensured: C:\Users\hr\OneDrive\Desktop\merge\all_job_app\logs
2025-05-15 13:52:31,819 - INFO - Log entry written to logs/ashby_log_2025-05-15.csv
2025-05-15 13:52:31,820 - INFO - Processing job: https://jobs.ashbyhq.com/windranger/d5c33dba-6b07-450a-8a35-4ec61355ab42
2025-05-15 13:52:32,797 - INFO - Opened job page: https://jobs.ashbyhq.com/windranger/d5c33dba-6b07-450a-8a35-4ec61355ab42
2025-05-15 13:52:35,938 - INFO - Apply button clicked successfully!
2025-05-15 13:52:40,949 - INFO - Attempting to upload resume from: C:\Users\hr\OneDrive\Desktop\merge\all_job_app\resume/maryam.pdf
2025-05-15 13:52:41,521 - INFO - Resume file sent to input element
2025-05-15 13:52:56,847 - WARNING - No explicit upload confirmation detected: Message: 

2025-05-15 13:52:56,847 - INFO - Filling out the application form...
2025-05-15 13:52:56,971 - INFO - Filled field name with value Maryam F Syeda
2025-05-15 13:52:57,072 - INFO - Filled field email with value maryamsyeda.work@gmail.com
2025-05-15 13:53:07,564 - WARNING - Error filling field phone with selector input[type='tel']: Message: 
Stacktrace:
	GetHandleVerifier [0x00C0FC83+61635]
	GetHandleVerifier [0x00C0FCC4+61700]
	(No symbol) [0x00A305D3]
	(No symbol) [0x00A7899E]
	(No symbol) [0x00A78D3B]
	(No symbol) [0x00AC0E12]
	(No symbol) [0x00A9D2E4]
	(No symbol) [0x00ABE61B]
	(No symbol) [0x00A9D096]
	(No symbol) [0x00A6C840]
	(No symbol) [0x00A6D6A4]
	GetHandleVerifier [0x00E945A3+2701795]
	GetHandleVerifier [0x00E8FD26+2683238]
	GetHandleVerifier [0x00EAAA6E+2793134]
	GetHandleVerifier [0x00C26945+155013]
	GetHandleVerifier [0x00C2D02D+181357]
	GetHandleVerifier [0x00C174D8+92440]
	GetHandleVerifier [0x00C17680+92864]
	GetHandleVerifier [0x00C02070+5296]
	BaseThreadInitThunk [0x759AFCC9+25]
	RtlGetAppContainerNamedObjectPath [0x771B82AE+286]
	RtlGetAppContainerNamedObjectPath [0x771B827E+238]

2025-05-15 13:53:17,621 - WARNING - Error filling field phone with selector input[name='phone']: Message: 
Stacktrace:
	GetHandleVerifier [0x00C0FC83+61635]
	GetHandleVerifier [0x00C0FCC4+61700]
	(No symbol) [0x00A305D3]
	(No symbol) [0x00A7899E]
	(No symbol) [0x00A78D3B]
	(No symbol) [0x00AC0E12]
	(No symbol) [0x00A9D2E4]
	(No symbol) [0x00ABE61B]
	(No symbol) [0x00A9D096]
	(No symbol) [0x00A6C840]
	(No symbol) [0x00A6D6A4]
	GetHandleVerifier [0x00E945A3+2701795]
	GetHandleVerifier [0x00E8FD26+2683238]
	GetHandleVerifier [0x00EAAA6E+2793134]
	GetHandleVerifier [0x00C26945+155013]
	GetHandleVerifier [0x00C2D02D+181357]
	GetHandleVerifier [0x00C174D8+92440]
	GetHandleVerifier [0x00C17680+92864]
	GetHandleVerifier [0x00C02070+5296]
	BaseThreadInitThunk [0x759AFCC9+25]
	RtlGetAppContainerNamedObjectPath [0x771B82AE+286]
	RtlGetAppContainerNamedObjectPath [0x771B827E+238]

2025-05-15 13:53:27,644 - WARNING - Error filling field phone with selector input[type='number']: Message: 
Stacktrace:
	GetHandleVerifier [0x00C0FC83+61635]
	GetHandleVerifier [0x00C0FCC4+61700]
	(No symbol) [0x00A305D3]
	(No symbol) [0x00A7899E]
	(No symbol) [0x00A78D3B]
	(No symbol) [0x00AC0E12]
	(No symbol) [0x00A9D2E4]
	(No symbol) [0x00ABE61B]
	(No symbol) [0x00A9D096]
	(No symbol) [0x00A6C840]
	(No symbol) [0x00A6D6A4]
	GetHandleVerifier [0x00E945A3+2701795]
	GetHandleVerifier [0x00E8FD26+2683238]
	GetHandleVerifier [0x00EAAA6E+2793134]
	GetHandleVerifier [0x00C26945+155013]
	GetHandleVerifier [0x00C2D02D+181357]
	GetHandleVerifier [0x00C174D8+92440]
	GetHandleVerifier [0x00C17680+92864]
	GetHandleVerifier [0x00C02070+5296]
	BaseThreadInitThunk [0x759AFCC9+25]
	RtlGetAppContainerNamedObjectPath [0x771B82AE+286]
	RtlGetAppContainerNamedObjectPath [0x771B827E+238]

2025-05-15 13:53:27,644 - WARNING - No value provided for mandatory field: address
2025-05-15 13:53:37,677 - WARNING - Error filling field location with selector input[role='combobox']: Message: 
Stacktrace:
	GetHandleVerifier [0x00C0FC83+61635]
	GetHandleVerifier [0x00C0FCC4+61700]
	(No symbol) [0x00A305D3]
	(No symbol) [0x00A7899E]
	(No symbol) [0x00A78D3B]
	(No symbol) [0x00AC0E12]
	(No symbol) [0x00A9D2E4]
	(No symbol) [0x00ABE61B]
	(No symbol) [0x00A9D096]
	(No symbol) [0x00A6C840]
	(No symbol) [0x00A6D6A4]
	GetHandleVerifier [0x00E945A3+2701795]
	GetHandleVerifier [0x00E8FD26+2683238]
	GetHandleVerifier [0x00EAAA6E+2793134]
	GetHandleVerifier [0x00C26945+155013]
	GetHandleVerifier [0x00C2D02D+181357]
	GetHandleVerifier [0x00C174D8+92440]
	GetHandleVerifier [0x00C17680+92864]
	GetHandleVerifier [0x00C02070+5296]
	BaseThreadInitThunk [0x759AFCC9+25]
	RtlGetAppContainerNamedObjectPath [0x771B82AE+286]
	RtlGetAppContainerNamedObjectPath [0x771B827E+238]

2025-05-15 13:53:48,219 - WARNING - Error filling field location with selector input[placeholder*='Start typing']: Message: 
Stacktrace:
	GetHandleVerifier [0x00C0FC83+61635]
	GetHandleVerifier [0x00C0FCC4+61700]
	(No symbol) [0x00A305D3]
	(No symbol) [0x00A7899E]
	(No symbol) [0x00A78D3B]
	(No symbol) [0x00AC0E12]
	(No symbol) [0x00A9D2E4]
	(No symbol) [0x00ABE61B]
	(No symbol) [0x00A9D096]
	(No symbol) [0x00A6C840]
	(No symbol) [0x00A6D6A4]
	GetHandleVerifier [0x00E945A3+2701795]
	GetHandleVerifier [0x00E8FD26+2683238]
	GetHandleVerifier [0x00EAAA6E+2793134]
	GetHandleVerifier [0x00C26945+155013]
	GetHandleVerifier [0x00C2D02D+181357]
	GetHandleVerifier [0x00C174D8+92440]
	GetHandleVerifier [0x00C17680+92864]
	GetHandleVerifier [0x00C02070+5296]
	BaseThreadInitThunk [0x759AFCC9+25]
	RtlGetAppContainerNamedObjectPath [0x771B82AE+286]
	RtlGetAppContainerNamedObjectPath [0x771B827E+238]

2025-05-15 13:53:48,379 - INFO - Filled LinkedIn field
2025-05-15 13:53:48,379 - INFO - Filling out the Q&A section...
2025-05-15 13:53:49,102 - INFO - Form Q&A questions found: []
2025-05-15 13:53:49,102 - WARNING - No Q&A questions found in the form. Skipping Q&A section.
2025-05-15 13:53:49,102 - INFO - Form filled successfully!
2025-05-15 13:53:50,108 - INFO - Starting submission process...
2025-05-15 13:53:50,275 - INFO - All required fields are filled.
2025-05-15 13:53:50,321 - INFO - Found submit button using selector: button._primary_8wvgw_96
2025-05-15 13:53:51,924 - INFO - Clicked submit button normally
2025-05-15 13:53:54,057 - INFO - Page changed after click - assuming submission started
2025-05-15 13:54:14,489 - WARNING - Error during submission verification: Message: 

2025-05-15 13:54:14,506 - INFO - URL suggests we left application page - assuming success
2025-05-15 13:54:14,506 - INFO - Application submitted successfully!
2025-05-15 13:54:14,507 - INFO - Log directory ensured: C:\Users\hr\OneDrive\Desktop\merge\all_job_app\logs
2025-05-15 13:54:14,508 - INFO - Log entry written to logs/ashby_log_2025-05-15.csv
2025-05-15 13:54:14,508 - INFO - Processing job: https://jobs.ashbyhq.com/anyscale/f59089a5-7b7d-4639-a839-ec12ed53f1e5
2025-05-15 13:54:15,700 - INFO - Opened job page: https://jobs.ashbyhq.com/anyscale/f59089a5-7b7d-4639-a839-ec12ed53f1e5
2025-05-15 13:54:18,835 - INFO - Apply button clicked successfully!
2025-05-15 13:54:23,836 - INFO - Attempting to upload resume from: C:\Users\hr\OneDrive\Desktop\merge\all_job_app\resume/maryam.pdf
2025-05-15 13:54:24,462 - INFO - Resume file sent to input element
2025-05-15 13:54:39,802 - WARNING - No explicit upload confirmation detected: Message: 

2025-05-15 13:54:39,803 - INFO - Filling out the application form...
2025-05-15 13:54:39,920 - INFO - Filled field name with value Maryam F Syeda
2025-05-15 13:54:40,037 - INFO - Filled field email with value maryamsyeda.work@gmail.com
2025-05-15 13:54:40,141 - INFO - Filled field phone with value (209) 831-2991
2025-05-15 13:54:40,141 - WARNING - No value provided for mandatory field: address
2025-05-15 13:54:50,641 - WARNING - Error filling field location with selector input[role='combobox']: Message: 
Stacktrace:
	GetHandleVerifier [0x00C0FC83+61635]
	GetHandleVerifier [0x00C0FCC4+61700]
	(No symbol) [0x00A305D3]
	(No symbol) [0x00A7899E]
	(No symbol) [0x00A78D3B]
	(No symbol) [0x00AC0E12]
	(No symbol) [0x00A9D2E4]
	(No symbol) [0x00ABE61B]
	(No symbol) [0x00A9D096]
	(No symbol) [0x00A6C840]
	(No symbol) [0x00A6D6A4]
	GetHandleVerifier [0x00E945A3+2701795]
	GetHandleVerifier [0x00E8FD26+2683238]
	GetHandleVerifier [0x00EAAA6E+2793134]
	GetHandleVerifier [0x00C26945+155013]
	GetHandleVerifier [0x00C2D02D+181357]
	GetHandleVerifier [0x00C174D8+92440]
	GetHandleVerifier [0x00C17680+92864]
	GetHandleVerifier [0x00C02070+5296]
	BaseThreadInitThunk [0x759AFCC9+25]
	RtlGetAppContainerNamedObjectPath [0x771B82AE+286]
	RtlGetAppContainerNamedObjectPath [0x771B827E+238]

2025-05-15 13:55:01,147 - WARNING - Error filling field location with selector input[placeholder*='Start typing']: Message: 
Stacktrace:
	GetHandleVerifier [0x00C0FC83+61635]
	GetHandleVerifier [0x00C0FCC4+61700]
	(No symbol) [0x00A305D3]
	(No symbol) [0x00A7899E]
	(No symbol) [0x00A78D3B]
	(No symbol) [0x00AC0E12]
	(No symbol) [0x00A9D2E4]
	(No symbol) [0x00ABE61B]
	(No symbol) [0x00A9D096]
	(No symbol) [0x00A6C840]
	(No symbol) [0x00A6D6A4]
	GetHandleVerifier [0x00E945A3+2701795]
	GetHandleVerifier [0x00E8FD26+2683238]
	GetHandleVerifier [0x00EAAA6E+2793134]
	GetHandleVerifier [0x00C26945+155013]
	GetHandleVerifier [0x00C2D02D+181357]
	GetHandleVerifier [0x00C174D8+92440]
	GetHandleVerifier [0x00C17680+92864]
	GetHandleVerifier [0x00C02070+5296]
	BaseThreadInitThunk [0x759AFCC9+25]
	RtlGetAppContainerNamedObjectPath [0x771B82AE+286]
	RtlGetAppContainerNamedObjectPath [0x771B827E+238]

2025-05-15 13:55:01,300 - INFO - Filled LinkedIn field
2025-05-15 13:55:01,300 - INFO - Filling out the Q&A section...
2025-05-15 13:55:02,606 - INFO - Form Q&A questions found: ['Current company', 'Additional information', 'Twitter', 'GitHub', 'Portfolio', 'Other']
2025-05-15 13:55:02,606 - INFO - Processing question: 'where did you hear about biorender?'
2025-05-15 13:55:02,606 - WARNING - No match found for question: 'where did you hear about biorender?' (best score: 0)
2025-05-15 13:55:02,607 - INFO - Processing question: 'do you have programming experience or are you in a cs degree?'
2025-05-15 13:55:02,608 - WARNING - No match found for question: 'do you have programming experience or are you in a cs degree?' (best score: 0)
2025-05-15 13:55:02,608 - INFO - Processing question: 'are you legally authorized to work in the u.s. without restriction for any employer?'
2025-05-15 13:55:02,609 - WARNING - No match found for question: 'are you legally authorized to work in the u.s. without restriction for any employer?' (best score: 0)
2025-05-15 13:55:02,609 - INFO - Processing question: 'are you legally authorized to work in canada or the united states?'
2025-05-15 13:55:02,610 - WARNING - No match found for question: 'are you legally authorized to work in canada or the united states?' (best score: 0)
2025-05-15 13:55:02,610 - INFO - Processing question: 'how many years of experience do you have as a machine learning engineer?'
2025-05-15 13:55:02,611 - WARNING - No match found for question: 'how many years of experience do you have as a machine learning engineer?' (best score: 0)
2025-05-15 13:55:02,611 - INFO - Processing question: 'are you legally authorized to work in the united states?'
2025-05-15 13:55:02,612 - WARNING - No match found for question: 'are you legally authorized to work in the united states?' (best score: 0)
2025-05-15 13:55:02,612 - INFO - Processing question: 'what are your salary expectations?'
2025-05-15 13:55:02,613 - WARNING - No match found for question: 'what are your salary expectations?' (best score: 0)
2025-05-15 13:55:02,613 - INFO - Processing question: 'have you previously worked for hims & hers as an employee or contractor/consultant?'
2025-05-15 13:55:02,614 - WARNING - No match found for question: 'have you previously worked for hims & hers as an employee or contractor/consultant?' (best score: 0)
2025-05-15 13:55:02,614 - INFO - Processing question: 'are you legally authorized to work in canada?'
2025-05-15 13:55:02,615 - WARNING - No match found for question: 'are you legally authorized to work in canada?' (best score: 0)
2025-05-15 13:55:02,615 - INFO - Processing question: 'how did you hear about us?'
2025-05-15 13:55:02,616 - WARNING - No match found for question: 'how did you hear about us?' (best score: 0)
2025-05-15 13:55:02,616 - INFO - Processing question: 'are you a veteran/have you served in the military?'
2025-05-15 13:55:02,617 - WARNING - No match found for question: 'are you a veteran/have you served in the military?' (best score: 0)
2025-05-15 13:55:02,617 - INFO - Processing question: 'do you identify as having a disability?.no'
2025-05-15 13:55:02,618 - WARNING - No match found for question: 'do you identify as having a disability?.no' (best score: 0)
2025-05-15 13:55:02,618 - INFO - Processing question: 'will you now or in the future require immigration sponsorship by hims & hers in order to work for hims & hers in the u.s.?'
2025-05-15 13:55:02,619 - WARNING - No match found for question: 'will you now or in the future require immigration sponsorship by hims & hers in order to work for hims & hers in the u.s.?' (best score: 0)
2025-05-15 13:55:02,619 - INFO - Processing question: 'have you worked as a software engineer prior to moving into ml?'
2025-05-15 13:55:02,620 - WARNING - No match found for question: 'have you worked as a software engineer prior to moving into ml?' (best score: 0)
2025-05-15 13:55:02,620 - INFO - Processing question: 'which languages and dialects do you speak fluently?'
2025-05-15 13:55:02,621 - WARNING - No match found for question: 'which languages and dialects do you speak fluently?' (best score: 0)
2025-05-15 13:55:02,621 - INFO - Processing question: 'are you open to tier 2 (medium complexity) rlhf projects at listed rate for your location?'
2025-05-15 13:55:02,622 - WARNING - No match found for question: 'are you open to tier 2 (medium complexity) rlhf projects at listed rate for your location?' (best score: 0)
2025-05-15 13:55:02,622 - INFO - Processing question: 'do you have any familial relationships with current virta employees?'
2025-05-15 13:55:02,623 - WARNING - No match found for question: 'do you have any familial relationships with current virta employees?' (best score: 0)
2025-05-15 13:55:02,623 - INFO - Processing question: 'are you 18 or older and legally eligible to work in the country of the job you are applying for?'
2025-05-15 13:55:02,624 - WARNING - No match found for question: 'are you 18 or older and legally eligible to work in the country of the job you are applying for?' (best score: 0)
2025-05-15 13:55:02,624 - INFO - Processing question: 'will you now or in the future require sponsorship for employment?'
2025-05-15 13:55:02,625 - WARNING - No match found for question: 'will you now or in the future require sponsorship for employment?' (best score: 0)
2025-05-15 13:55:02,625 - INFO - Processing question: 'how many years of experience do you have in mle?'
2025-05-15 13:55:02,626 - WARNING - No match found for question: 'how many years of experience do you have in mle?' (best score: 0)
2025-05-15 13:55:02,626 - INFO - Processing question: 'are you legally authorized to work in the country?'
2025-05-15 13:55:02,627 - WARNING - No match found for question: 'are you legally authorized to work in the country?' (best score: 0)
2025-05-15 13:55:02,627 - INFO - Processing question: 'what is your expected salary?'
2025-05-15 13:55:02,628 - WARNING - No match found for question: 'what is your expected salary?' (best score: 0)
2025-05-15 13:55:02,628 - INFO - Processing question: 'are you legally eligible to work in the us?'
2025-05-15 13:55:02,629 - WARNING - No match found for question: 'are you legally eligible to work in the us?' (best score: 0)
2025-05-15 13:55:02,629 - INFO - Processing question: 'are you willing & able to come into our downtown san francisco office on a hybrid basis? (3 days /week)?'
2025-05-15 13:55:02,630 - WARNING - No match found for question: 'are you willing & able to come into our downtown san francisco office on a hybrid basis? (3 days /week)?' (best score: 0)
2025-05-15 13:55:02,630 - INFO - Processing question: 'can you work onsite in palo alto?'
2025-05-15 13:55:02,630 - WARNING - No match found for question: 'can you work onsite in palo alto?' (best score: 0)
2025-05-15 13:55:02,631 - INFO - Processing question: 'our offices are located in san francisco ca and new york city. please indicate which location you are interested in?'
2025-05-15 13:55:02,631 - WARNING - No match found for question: 'our offices are located in san francisco ca and new york city. please indicate which location you are interested in?' (best score: 0)
2025-05-15 13:55:02,632 - INFO - Processing question: 'will you now or will you in the future require employment visa sponsorship to work in the country in which the job you're applying for is located?'
2025-05-15 13:55:02,633 - WARNING - No match found for question: 'will you now or will you in the future require employment visa sponsorship to work in the country in which the job you're applying for is located?' (best score: 0)
2025-05-15 13:55:02,633 - INFO - Processing question: 'do you have authorization to work in the united states?'
2025-05-15 13:55:02,634 - WARNING - No match found for question: 'do you have authorization to work in the united states?' (best score: 0)
2025-05-15 13:55:02,635 - INFO - Processing question: 'will you now or in the future require sponsorship for employment visa status?'
2025-05-15 13:55:02,635 - WARNING - No match found for question: 'will you now or in the future require sponsorship for employment visa status?' (best score: 0)
2025-05-15 13:55:02,636 - INFO - Processing question: 'are you available to work in person at the promise office  location listed in the job description at least three times per week?'
2025-05-15 13:55:02,636 - WARNING - No match found for question: 'are you available to work in person at the promise office  location listed in the job description at least three times per week?' (best score: 0)
2025-05-15 13:55:02,637 - INFO - Processing question: 'are you 18 or older?'
2025-05-15 13:55:02,637 - WARNING - No match found for question: 'are you 18 or older?' (best score: 0)
2025-05-15 13:55:02,638 - INFO - Processing question: 'are you comfortable working with javascript?'
2025-05-15 13:55:02,638 - WARNING - No match found for question: 'are you comfortable working with javascript?' (best score: 0)
2025-05-15 13:55:02,639 - INFO - Processing question: 'would you willing to relocate to/be in office in san francisco?'
2025-05-15 13:55:02,639 - WARNING - No match found for question: 'would you willing to relocate to/be in office in san francisco?' (best score: 0)
2025-05-15 13:55:02,639 - INFO - Processing question: 'what annual salary are you looking for in $usd?'
2025-05-15 13:55:02,640 - WARNING - No match found for question: 'what annual salary are you looking for in $usd?' (best score: 0)
2025-05-15 13:55:02,640 - INFO - Processing question: 'are you looking for full-time or part-time work?'
2025-05-15 13:55:02,641 - WARNING - No match found for question: 'are you looking for full-time or part-time work?' (best score: 0)
2025-05-15 13:55:02,641 - INFO - Processing question: 'how would you best describe your ideal work environment?'
2025-05-15 13:55:02,642 - WARNING - No match found for question: 'how would you best describe your ideal work environment?' (best score: 0)
2025-05-15 13:55:02,642 - INFO - Processing question: 'how do you handle deadlines and pressure?'
2025-05-15 13:55:02,643 - WARNING - No match found for question: 'how do you handle deadlines and pressure?' (best score: 0)
2025-05-15 13:55:02,643 - INFO - Processing question: 'how do you handle situations where you have too many tasks to complete on your own?'
2025-05-15 13:55:02,644 - WARNING - No match found for question: 'how do you handle situations where you have too many tasks to complete on your own?' (best score: 0)
2025-05-15 13:55:02,644 - INFO - Processing question: 'how much are you willing to work when things are urgent?'
2025-05-15 13:55:02,644 - WARNING - No match found for question: 'how much are you willing to work when things are urgent?' (best score: 0)
2025-05-15 13:55:02,645 - INFO - Processing question: 'are you comfortable working with python?'
2025-05-15 13:55:02,645 - WARNING - No match found for question: 'are you comfortable working with python?' (best score: 0)
2025-05-15 13:55:02,646 - INFO - Processing question: 'do you currently have legal authorization to work in the country where the position is based?'
2025-05-15 13:55:02,646 - WARNING - No match found for question: 'do you currently have legal authorization to work in the country where the position is based?' (best score: 0)
2025-05-15 13:55:02,647 - INFO - Processing question: 'are you excited to work in-office five days a week?'
2025-05-15 13:55:02,647 - WARNING - No match found for question: 'are you excited to work in-office five days a week?' (best score: 0)
2025-05-15 13:55:02,647 - INFO - Q&A section filled successfully!
2025-05-15 13:55:02,648 - INFO - Form filled successfully!
2025-05-15 13:55:03,649 - INFO - Starting submission process...
2025-05-15 13:55:03,883 - INFO - Required radio group not answered: We require Anyscalers to be in-person at either our SF or Palo Alto office on Mondays, Tuesdays, and Thursdays. Which is your preferred location?
2025-05-15 13:55:03,937 - INFO - Required radio group not answered: Would you require visa sponsorship to work in the country in which this position is based?
2025-05-15 13:55:03,992 - INFO - Waiting for 2 required fields to be filled: ['We require Anyscalers to be in-person at either our SF or Palo Alto office on Mondays, Tuesdays, and Thursdays. Which is your preferred location?', 'Would you require visa sponsorship to work in the country in which this position is based?']
2025-05-15 13:55:06,225 - INFO - Required radio group not answered: We require Anyscalers to be in-person at either our SF or Palo Alto office on Mondays, Tuesdays, and Thursdays. Which is your preferred location?
2025-05-15 13:55:06,258 - INFO - Required radio group not answered: Would you require visa sponsorship to work in the country in which this position is based?
2025-05-15 13:55:06,315 - INFO - Waiting for 2 required fields to be filled: ['We require Anyscalers to be in-person at either our SF or Palo Alto office on Mondays, Tuesdays, and Thursdays. Which is your preferred location?', 'Would you require visa sponsorship to work in the country in which this position is based?']
2025-05-15 13:55:08,510 - INFO - Required radio group not answered: We require Anyscalers to be in-person at either our SF or Palo Alto office on Mondays, Tuesdays, and Thursdays. Which is your preferred location?
2025-05-15 13:55:08,550 - INFO - Required radio group not answered: Would you require visa sponsorship to work in the country in which this position is based?
2025-05-15 13:55:08,606 - INFO - Waiting for 2 required fields to be filled: ['We require Anyscalers to be in-person at either our SF or Palo Alto office on Mondays, Tuesdays, and Thursdays. Which is your preferred location?', 'Would you require visa sponsorship to work in the country in which this position is based?']
2025-05-15 13:55:10,804 - INFO - Required radio group not answered: We require Anyscalers to be in-person at either our SF or Palo Alto office on Mondays, Tuesdays, and Thursdays. Which is your preferred location?
2025-05-15 13:55:10,834 - INFO - Required radio group not answered: Would you require visa sponsorship to work in the country in which this position is based?
2025-05-15 13:55:10,900 - INFO - Waiting for 2 required fields to be filled: ['We require Anyscalers to be in-person at either our SF or Palo Alto office on Mondays, Tuesdays, and Thursdays. Which is your preferred location?', 'Would you require visa sponsorship to work in the country in which this position is based?']
2025-05-15 13:55:13,127 - INFO - Required radio group not answered: We require Anyscalers to be in-person at either our SF or Palo Alto office on Mondays, Tuesdays, and Thursdays. Which is your preferred location?
2025-05-15 13:55:13,166 - INFO - Required radio group not answered: Would you require visa sponsorship to work in the country in which this position is based?
2025-05-15 13:55:13,222 - INFO - Waiting for 2 required fields to be filled: ['We require Anyscalers to be in-person at either our SF or Palo Alto office on Mondays, Tuesdays, and Thursdays. Which is your preferred location?', 'Would you require visa sponsorship to work in the country in which this position is based?']
2025-05-15 13:55:15,422 - INFO - Required radio group not answered: We require Anyscalers to be in-person at either our SF or Palo Alto office on Mondays, Tuesdays, and Thursdays. Which is your preferred location?
2025-05-15 13:55:15,449 - INFO - Required radio group not answered: Would you require visa sponsorship to work in the country in which this position is based?
2025-05-15 13:55:15,504 - INFO - Waiting for 2 required fields to be filled: ['We require Anyscalers to be in-person at either our SF or Palo Alto office on Mondays, Tuesdays, and Thursdays. Which is your preferred location?', 'Would you require visa sponsorship to work in the country in which this position is based?']
2025-05-15 13:55:17,715 - INFO - Required radio group not answered: We require Anyscalers to be in-person at either our SF or Palo Alto office on Mondays, Tuesdays, and Thursdays. Which is your preferred location?
2025-05-15 13:55:17,749 - INFO - Required radio group not answered: Would you require visa sponsorship to work in the country in which this position is based?
2025-05-15 13:55:17,806 - INFO - Waiting for 2 required fields to be filled: ['We require Anyscalers to be in-person at either our SF or Palo Alto office on Mondays, Tuesdays, and Thursdays. Which is your preferred location?', 'Would you require visa sponsorship to work in the country in which this position is based?']
2025-05-15 13:55:20,040 - INFO - Required radio group not answered: We require Anyscalers to be in-person at either our SF or Palo Alto office on Mondays, Tuesdays, and Thursdays. Which is your preferred location?
2025-05-15 13:55:20,077 - INFO - Required radio group not answered: Would you require visa sponsorship to work in the country in which this position is based?
2025-05-15 13:55:20,127 - INFO - Waiting for 2 required fields to be filled: ['We require Anyscalers to be in-person at either our SF or Palo Alto office on Mondays, Tuesdays, and Thursdays. Which is your preferred location?', 'Would you require visa sponsorship to work in the country in which this position is based?']
2025-05-15 13:55:22,337 - INFO - Required radio group not answered: We require Anyscalers to be in-person at either our SF or Palo Alto office on Mondays, Tuesdays, and Thursdays. Which is your preferred location?
2025-05-15 13:55:22,366 - INFO - Required radio group not answered: Would you require visa sponsorship to work in the country in which this position is based?
2025-05-15 13:55:22,426 - INFO - Waiting for 2 required fields to be filled: ['We require Anyscalers to be in-person at either our SF or Palo Alto office on Mondays, Tuesdays, and Thursdays. Which is your preferred location?', 'Would you require visa sponsorship to work in the country in which this position is based?']
2025-05-15 13:55:24,665 - INFO - Required radio group not answered: We require Anyscalers to be in-person at either our SF or Palo Alto office on Mondays, Tuesdays, and Thursdays. Which is your preferred location?
2025-05-15 13:55:24,699 - INFO - Required radio group not answered: Would you require visa sponsorship to work in the country in which this position is based?
2025-05-15 13:55:24,753 - INFO - Waiting for 2 required fields to be filled: ['We require Anyscalers to be in-person at either our SF or Palo Alto office on Mondays, Tuesdays, and Thursdays. Which is your preferred location?', 'Would you require visa sponsorship to work in the country in which this position is based?']
2025-05-15 13:55:26,993 - INFO - Required radio group not answered: We require Anyscalers to be in-person at either our SF or Palo Alto office on Mondays, Tuesdays, and Thursdays. Which is your preferred location?
2025-05-15 13:55:27,029 - INFO - Required radio group not answered: Would you require visa sponsorship to work in the country in which this position is based?
2025-05-15 13:55:27,083 - INFO - Waiting for 2 required fields to be filled: ['We require Anyscalers to be in-person at either our SF or Palo Alto office on Mondays, Tuesdays, and Thursdays. Which is your preferred location?', 'Would you require visa sponsorship to work in the country in which this position is based?']
2025-05-15 13:55:29,291 - INFO - Required radio group not answered: We require Anyscalers to be in-person at either our SF or Palo Alto office on Mondays, Tuesdays, and Thursdays. Which is your preferred location?
2025-05-15 13:55:29,326 - INFO - Required radio group not answered: Would you require visa sponsorship to work in the country in which this position is based?
2025-05-15 13:55:29,381 - INFO - Waiting for 2 required fields to be filled: ['We require Anyscalers to be in-person at either our SF or Palo Alto office on Mondays, Tuesdays, and Thursdays. Which is your preferred location?', 'Would you require visa sponsorship to work in the country in which this position is based?']
2025-05-15 13:55:31,618 - INFO - Required radio group not answered: We require Anyscalers to be in-person at either our SF or Palo Alto office on Mondays, Tuesdays, and Thursdays. Which is your preferred location?
2025-05-15 13:55:31,649 - INFO - Required radio group not answered: Would you require visa sponsorship to work in the country in which this position is based?
2025-05-15 13:55:31,708 - INFO - Waiting for 2 required fields to be filled: ['We require Anyscalers to be in-person at either our SF or Palo Alto office on Mondays, Tuesdays, and Thursdays. Which is your preferred location?', 'Would you require visa sponsorship to work in the country in which this position is based?']
2025-05-15 13:55:33,947 - INFO - Required radio group not answered: We require Anyscalers to be in-person at either our SF or Palo Alto office on Mondays, Tuesdays, and Thursdays. Which is your preferred location?
2025-05-15 13:55:33,997 - INFO - Required radio group not answered: Would you require visa sponsorship to work in the country in which this position is based?
2025-05-15 13:55:34,052 - INFO - Waiting for 2 required fields to be filled: ['We require Anyscalers to be in-person at either our SF or Palo Alto office on Mondays, Tuesdays, and Thursdays. Which is your preferred location?', 'Would you require visa sponsorship to work in the country in which this position is based?']
2025-05-15 13:55:36,289 - INFO - Required radio group not answered: We require Anyscalers to be in-person at either our SF or Palo Alto office on Mondays, Tuesdays, and Thursdays. Which is your preferred location?
2025-05-15 13:55:36,330 - INFO - Required radio group not answered: Would you require visa sponsorship to work in the country in which this position is based?
2025-05-15 13:55:36,424 - INFO - Waiting for 2 required fields to be filled: ['We require Anyscalers to be in-person at either our SF or Palo Alto office on Mondays, Tuesdays, and Thursdays. Which is your preferred location?', 'Would you require visa sponsorship to work in the country in which this position is based?']
2025-05-15 13:55:38,662 - INFO - Required radio group not answered: We require Anyscalers to be in-person at either our SF or Palo Alto office on Mondays, Tuesdays, and Thursdays. Which is your preferred location?
2025-05-15 13:55:38,698 - INFO - Required radio group not answered: Would you require visa sponsorship to work in the country in which this position is based?
2025-05-15 13:55:38,748 - INFO - Waiting for 2 required fields to be filled: ['We require Anyscalers to be in-person at either our SF or Palo Alto office on Mondays, Tuesdays, and Thursdays. Which is your preferred location?', 'Would you require visa sponsorship to work in the country in which this position is based?']
2025-05-15 13:55:40,945 - INFO - Required radio group not answered: We require Anyscalers to be in-person at either our SF or Palo Alto office on Mondays, Tuesdays, and Thursdays. Which is your preferred location?
2025-05-15 13:55:40,982 - INFO - Required radio group not answered: Would you require visa sponsorship to work in the country in which this position is based?
2025-05-15 13:55:41,039 - INFO - Waiting for 2 required fields to be filled: ['We require Anyscalers to be in-person at either our SF or Palo Alto office on Mondays, Tuesdays, and Thursdays. Which is your preferred location?', 'Would you require visa sponsorship to work in the country in which this position is based?']
2025-05-15 13:55:43,245 - INFO - Required radio group not answered: We require Anyscalers to be in-person at either our SF or Palo Alto office on Mondays, Tuesdays, and Thursdays. Which is your preferred location?
2025-05-15 13:55:43,296 - INFO - Required radio group not answered: Would you require visa sponsorship to work in the country in which this position is based?
2025-05-15 13:55:43,349 - INFO - Waiting for 2 required fields to be filled: ['We require Anyscalers to be in-person at either our SF or Palo Alto office on Mondays, Tuesdays, and Thursdays. Which is your preferred location?', 'Would you require visa sponsorship to work in the country in which this position is based?']
2025-05-15 13:55:45,545 - INFO - Required radio group not answered: We require Anyscalers to be in-person at either our SF or Palo Alto office on Mondays, Tuesdays, and Thursdays. Which is your preferred location?
2025-05-15 13:55:45,580 - INFO - Required radio group not answered: Would you require visa sponsorship to work in the country in which this position is based?
2025-05-15 13:55:45,639 - INFO - Waiting for 2 required fields to be filled: ['We require Anyscalers to be in-person at either our SF or Palo Alto office on Mondays, Tuesdays, and Thursdays. Which is your preferred location?', 'Would you require visa sponsorship to work in the country in which this position is based?']
2025-05-15 13:55:47,861 - INFO - Required radio group not answered: We require Anyscalers to be in-person at either our SF or Palo Alto office on Mondays, Tuesdays, and Thursdays. Which is your preferred location?
2025-05-15 13:55:47,912 - INFO - Required radio group not answered: Would you require visa sponsorship to work in the country in which this position is based?
2025-05-15 13:55:47,966 - INFO - Waiting for 2 required fields to be filled: ['We require Anyscalers to be in-person at either our SF or Palo Alto office on Mondays, Tuesdays, and Thursdays. Which is your preferred location?', 'Would you require visa sponsorship to work in the country in which this position is based?']
2025-05-15 13:55:50,186 - INFO - Required radio group not answered: We require Anyscalers to be in-person at either our SF or Palo Alto office on Mondays, Tuesdays, and Thursdays. Which is your preferred location?
2025-05-15 13:55:50,220 - INFO - Required radio group not answered: Would you require visa sponsorship to work in the country in which this position is based?
2025-05-15 13:55:50,272 - INFO - Waiting for 2 required fields to be filled: ['We require Anyscalers to be in-person at either our SF or Palo Alto office on Mondays, Tuesdays, and Thursdays. Which is your preferred location?', 'Would you require visa sponsorship to work in the country in which this position is based?']
2025-05-15 13:55:52,463 - INFO - Required radio group not answered: We require Anyscalers to be in-person at either our SF or Palo Alto office on Mondays, Tuesdays, and Thursdays. Which is your preferred location?
2025-05-15 13:55:52,501 - INFO - Required radio group not answered: Would you require visa sponsorship to work in the country in which this position is based?
2025-05-15 13:55:52,555 - INFO - Waiting for 2 required fields to be filled: ['We require Anyscalers to be in-person at either our SF or Palo Alto office on Mondays, Tuesdays, and Thursdays. Which is your preferred location?', 'Would you require visa sponsorship to work in the country in which this position is based?']
2025-05-15 13:55:54,718 - INFO - Required radio group not answered: We require Anyscalers to be in-person at either our SF or Palo Alto office on Mondays, Tuesdays, and Thursdays. Which is your preferred location?
2025-05-15 13:55:54,746 - INFO - Required radio group not answered: Would you require visa sponsorship to work in the country in which this position is based?
2025-05-15 13:55:54,815 - INFO - Waiting for 2 required fields to be filled: ['We require Anyscalers to be in-person at either our SF or Palo Alto office on Mondays, Tuesdays, and Thursdays. Which is your preferred location?', 'Would you require visa sponsorship to work in the country in which this position is based?']
2025-05-15 13:55:57,004 - INFO - Required radio group not answered: We require Anyscalers to be in-person at either our SF or Palo Alto office on Mondays, Tuesdays, and Thursdays. Which is your preferred location?
2025-05-15 13:55:57,036 - INFO - Required radio group not answered: Would you require visa sponsorship to work in the country in which this position is based?
2025-05-15 13:55:57,098 - INFO - Waiting for 2 required fields to be filled: ['We require Anyscalers to be in-person at either our SF or Palo Alto office on Mondays, Tuesdays, and Thursdays. Which is your preferred location?', 'Would you require visa sponsorship to work in the country in which this position is based?']
2025-05-15 13:55:59,276 - INFO - Required radio group not answered: We require Anyscalers to be in-person at either our SF or Palo Alto office on Mondays, Tuesdays, and Thursdays. Which is your preferred location?
2025-05-15 13:55:59,299 - INFO - Required radio group not answered: Would you require visa sponsorship to work in the country in which this position is based?
2025-05-15 13:55:59,346 - INFO - Waiting for 2 required fields to be filled: ['We require Anyscalers to be in-person at either our SF or Palo Alto office on Mondays, Tuesdays, and Thursdays. Which is your preferred location?', 'Would you require visa sponsorship to work in the country in which this position is based?']
2025-05-15 13:56:01,558 - INFO - Required radio group not answered: We require Anyscalers to be in-person at either our SF or Palo Alto office on Mondays, Tuesdays, and Thursdays. Which is your preferred location?
2025-05-15 13:56:01,594 - INFO - Required radio group not answered: Would you require visa sponsorship to work in the country in which this position is based?
2025-05-15 13:56:01,643 - INFO - Waiting for 2 required fields to be filled: ['We require Anyscalers to be in-person at either our SF or Palo Alto office on Mondays, Tuesdays, and Thursdays. Which is your preferred location?', 'Would you require visa sponsorship to work in the country in which this position is based?']
2025-05-15 13:56:03,869 - INFO - Required radio group not answered: We require Anyscalers to be in-person at either our SF or Palo Alto office on Mondays, Tuesdays, and Thursdays. Which is your preferred location?
2025-05-15 13:56:03,911 - INFO - Required radio group not answered: Would you require visa sponsorship to work in the country in which this position is based?
2025-05-15 13:56:03,969 - INFO - Waiting for 2 required fields to be filled: ['We require Anyscalers to be in-person at either our SF or Palo Alto office on Mondays, Tuesdays, and Thursdays. Which is your preferred location?', 'Would you require visa sponsorship to work in the country in which this position is based?']
2025-05-15 13:56:06,174 - INFO - Required radio group not answered: We require Anyscalers to be in-person at either our SF or Palo Alto office on Mondays, Tuesdays, and Thursdays. Which is your preferred location?
2025-05-15 13:56:06,211 - INFO - Required radio group not answered: Would you require visa sponsorship to work in the country in which this position is based?
2025-05-15 13:56:06,271 - INFO - Waiting for 2 required fields to be filled: ['We require Anyscalers to be in-person at either our SF or Palo Alto office on Mondays, Tuesdays, and Thursdays. Which is your preferred location?', 'Would you require visa sponsorship to work in the country in which this position is based?']
2025-05-15 13:56:08,492 - INFO - Required radio group not answered: We require Anyscalers to be in-person at either our SF or Palo Alto office on Mondays, Tuesdays, and Thursdays. Which is your preferred location?
2025-05-15 13:56:08,526 - INFO - Required radio group not answered: Would you require visa sponsorship to work in the country in which this position is based?
2025-05-15 13:56:08,586 - INFO - Waiting for 2 required fields to be filled: ['We require Anyscalers to be in-person at either our SF or Palo Alto office on Mondays, Tuesdays, and Thursdays. Which is your preferred location?', 'Would you require visa sponsorship to work in the country in which this position is based?']
2025-05-15 13:56:10,778 - INFO - Required radio group not answered: We require Anyscalers to be in-person at either our SF or Palo Alto office on Mondays, Tuesdays, and Thursdays. Which is your preferred location?
2025-05-15 13:56:10,814 - INFO - Required radio group not answered: Would you require visa sponsorship to work in the country in which this position is based?
2025-05-15 13:56:10,874 - INFO - Waiting for 2 required fields to be filled: ['We require Anyscalers to be in-person at either our SF or Palo Alto office on Mondays, Tuesdays, and Thursdays. Which is your preferred location?', 'Would you require visa sponsorship to work in the country in which this position is based?']
2025-05-15 13:56:13,100 - INFO - Required radio group not answered: We require Anyscalers to be in-person at either our SF or Palo Alto office on Mondays, Tuesdays, and Thursdays. Which is your preferred location?
2025-05-15 13:56:13,137 - INFO - Required radio group not answered: Would you require visa sponsorship to work in the country in which this position is based?
2025-05-15 13:56:13,194 - INFO - Waiting for 2 required fields to be filled: ['We require Anyscalers to be in-person at either our SF or Palo Alto office on Mondays, Tuesdays, and Thursdays. Which is your preferred location?', 'Would you require visa sponsorship to work in the country in which this position is based?']
2025-05-15 13:56:15,372 - INFO - Required radio group not answered: We require Anyscalers to be in-person at either our SF or Palo Alto office on Mondays, Tuesdays, and Thursdays. Which is your preferred location?
2025-05-15 13:56:15,416 - INFO - Required radio group not answered: Would you require visa sponsorship to work in the country in which this position is based?
2025-05-15 13:56:15,481 - INFO - Waiting for 2 required fields to be filled: ['We require Anyscalers to be in-person at either our SF or Palo Alto office on Mondays, Tuesdays, and Thursdays. Which is your preferred location?', 'Would you require visa sponsorship to work in the country in which this position is based?']
2025-05-15 13:56:17,738 - INFO - Required radio group not answered: Would you require visa sponsorship to work in the country in which this position is based?
2025-05-15 13:56:17,765 - INFO - Waiting for 1 required fields to be filled: ['Would you require visa sponsorship to work in the country in which this position is based?']
2025-05-15 13:56:19,968 - INFO - Required radio group not answered: Would you require visa sponsorship to work in the country in which this position is based?
2025-05-15 13:56:19,998 - INFO - Waiting for 1 required fields to be filled: ['Would you require visa sponsorship to work in the country in which this position is based?']
2025-05-15 13:56:22,259 - INFO - All required fields are filled.
2025-05-15 13:56:22,309 - INFO - Found submit button using selector: button._primary_8wvgw_96
2025-05-15 13:56:23,230 - INFO - Clicked submit button normally
2025-05-15 13:56:26,000 - INFO - Page changed after click - assuming submission started
2025-05-15 13:56:46,056 - WARNING - Error during submission verification: Message: 

2025-05-15 13:56:46,072 - INFO - URL suggests we left application page - assuming success
2025-05-15 13:56:46,072 - INFO - Application submitted successfully!
2025-05-15 13:56:46,072 - INFO - Log directory ensured: C:\Users\hr\OneDrive\Desktop\merge\all_job_app\logs
2025-05-15 13:56:46,082 - INFO - Log entry written to logs/ashby_log_2025-05-15.csv
2025-05-15 13:56:46,438 - INFO - Job application process completed!
2025-05-15 13:59:51,701 - INFO - Selected profile: narsimlu.yaml
2025-05-15 13:59:51,723 - INFO - Detected Chrome version: 136.0.7103.93
2025-05-15 13:59:51,723 - INFO - ====== WebDriver manager ======
2025-05-15 13:59:52,617 - INFO - Get LATEST chromedriver version for google-chrome
2025-05-15 13:59:52,652 - INFO - Get LATEST chromedriver version for google-chrome
2025-05-15 13:59:52,674 - INFO - Driver [C:\Users\hr\.wdm\drivers\chromedriver\win64\136.0.7103.94\chromedriver-win32/chromedriver.exe] found in cache
2025-05-15 13:59:53,650 - INFO - patching driver executable C:\Users\hr\appdata\roaming\undetected_chromedriver\undetected_chromedriver.exe
2025-05-15 13:59:54,466 - INFO - Processing job: https://jobs.ashbyhq.com/virtahealth/f82a953a-9c11-413e-8dcc-6f92432eee91
2025-05-15 13:59:56,088 - INFO - Opened job page: https://jobs.ashbyhq.com/virtahealth/f82a953a-9c11-413e-8dcc-6f92432eee91
2025-05-15 13:59:59,284 - INFO - Apply button clicked successfully!
2025-05-15 14:00:04,296 - INFO - Attempting to upload resume from: C:\Users\hr\OneDrive\Desktop\merge\all_job_app\resume/narsimlu.pdf
2025-05-15 14:00:04,890 - INFO - Resume file sent to input element
2025-05-15 14:00:19,997 - WARNING - No explicit upload confirmation detected: Message: 

2025-05-15 14:00:19,997 - INFO - Filling out the application form...
2025-05-15 14:00:20,121 - INFO - Filled field name with value Narasimulu Alli
2025-05-15 14:00:20,244 - INFO - Filled field email with value narasi.mymail@gmail.com
2025-05-15 14:00:20,355 - INFO - Filled field phone with value 469-514-1494
2025-05-15 14:00:20,355 - WARNING - No value provided for mandatory field: address
2025-05-15 14:00:20,519 - INFO - Filled field location with value Dalls,Texas, United State
2025-05-15 14:00:30,944 - WARNING - Error selecting location suggestion: Message: 

2025-05-15 14:00:31,030 - INFO - Selected location using keyboard navigation
2025-05-15 14:00:31,170 - INFO - Filled LinkedIn field
2025-05-15 14:00:31,170 - INFO - Filling out the Q&A section...
2025-05-15 14:00:32,155 - INFO - Form Q&A questions found: ['Cover Letter']
2025-05-15 14:00:32,155 - INFO - Processing question: 'where did you hear about biorender?'
2025-05-15 14:00:32,155 - WARNING - No match found for question: 'where did you hear about biorender?' (best score: 0)
2025-05-15 14:00:32,156 - INFO - Processing question: 'do you have programming experience or are you in a cs degree?'
2025-05-15 14:00:32,156 - WARNING - No match found for question: 'do you have programming experience or are you in a cs degree?' (best score: 0)
2025-05-15 14:00:32,157 - INFO - Processing question: 'are you legally authorized to work in the u.s. without restriction for any employer?'
2025-05-15 14:00:32,157 - WARNING - No match found for question: 'are you legally authorized to work in the u.s. without restriction for any employer?' (best score: 0)
2025-05-15 14:00:32,157 - INFO - Processing question: 'are you legally authorized to work in canada or the united states?'
2025-05-15 14:00:32,158 - WARNING - No match found for question: 'are you legally authorized to work in canada or the united states?' (best score: 0)
2025-05-15 14:00:32,158 - INFO - Processing question: 'how many years of experience do you have as a machine learning engineer?'
2025-05-15 14:00:32,158 - WARNING - No match found for question: 'how many years of experience do you have as a machine learning engineer?' (best score: 0)
2025-05-15 14:00:32,159 - INFO - Processing question: 'are you legally authorized to work in the united states?'
2025-05-15 14:00:32,159 - WARNING - No match found for question: 'are you legally authorized to work in the united states?' (best score: 0)
2025-05-15 14:00:32,159 - INFO - Processing question: 'what are your salary expectations?'
2025-05-15 14:00:32,160 - WARNING - No match found for question: 'what are your salary expectations?' (best score: 0)
2025-05-15 14:00:32,160 - INFO - Processing question: 'have you previously worked for hims & hers as an employee or contractor/consultant?'
2025-05-15 14:00:32,160 - WARNING - No match found for question: 'have you previously worked for hims & hers as an employee or contractor/consultant?' (best score: 0)
2025-05-15 14:00:32,161 - INFO - Processing question: 'are you legally authorized to work in canada?'
2025-05-15 14:00:32,161 - WARNING - No match found for question: 'are you legally authorized to work in canada?' (best score: 0)
2025-05-15 14:00:32,161 - INFO - Processing question: 'how did you hear about us?'
2025-05-15 14:00:32,162 - WARNING - No match found for question: 'how did you hear about us?' (best score: 0)
2025-05-15 14:00:32,162 - INFO - Processing question: 'are you a veteran/have you served in the military?'
2025-05-15 14:00:32,163 - WARNING - No match found for question: 'are you a veteran/have you served in the military?' (best score: 0)
2025-05-15 14:00:32,163 - INFO - Processing question: 'do you identify as having a disability?.no'
2025-05-15 14:00:32,164 - WARNING - No match found for question: 'do you identify as having a disability?.no' (best score: 0)
2025-05-15 14:00:32,164 - INFO - Processing question: 'will you now or in the future require immigration sponsorship by hims & hers in order to work for hims & hers in the u.s.?'
2025-05-15 14:00:32,165 - WARNING - No match found for question: 'will you now or in the future require immigration sponsorship by hims & hers in order to work for hims & hers in the u.s.?' (best score: 0)
2025-05-15 14:00:32,165 - INFO - Processing question: 'have you worked as a software engineer prior to moving into ml?'
2025-05-15 14:00:32,166 - WARNING - No match found for question: 'have you worked as a software engineer prior to moving into ml?' (best score: 0)
2025-05-15 14:00:32,166 - INFO - Processing question: 'which languages and dialects do you speak fluently?'
2025-05-15 14:00:32,166 - WARNING - No match found for question: 'which languages and dialects do you speak fluently?' (best score: 0)
2025-05-15 14:00:32,166 - INFO - Processing question: 'are you open to tier 2 (medium complexity) rlhf projects at listed rate for your location?'
2025-05-15 14:00:32,167 - WARNING - No match found for question: 'are you open to tier 2 (medium complexity) rlhf projects at listed rate for your location?' (best score: 0)
2025-05-15 14:00:32,167 - INFO - Processing question: 'do you have any familial relationships with current virta employees?'
2025-05-15 14:00:32,167 - WARNING - No match found for question: 'do you have any familial relationships with current virta employees?' (best score: 0)
2025-05-15 14:00:32,168 - INFO - Processing question: 'are you 18 or older and legally eligible to work in the country of the job you are applying for?'
2025-05-15 14:00:32,168 - WARNING - No match found for question: 'are you 18 or older and legally eligible to work in the country of the job you are applying for?' (best score: 0)
2025-05-15 14:00:32,168 - INFO - Processing question: 'will you now or in the future require sponsorship for employment?'
2025-05-15 14:00:32,169 - WARNING - No match found for question: 'will you now or in the future require sponsorship for employment?' (best score: 0)
2025-05-15 14:00:32,169 - INFO - Processing question: 'how many years of experience do you have in mle?'
2025-05-15 14:00:32,169 - WARNING - No match found for question: 'how many years of experience do you have in mle?' (best score: 0)
2025-05-15 14:00:32,170 - INFO - Processing question: 'are you legally authorized to work in the country?'
2025-05-15 14:00:32,170 - WARNING - No match found for question: 'are you legally authorized to work in the country?' (best score: 0)
2025-05-15 14:00:32,170 - INFO - Processing question: 'what is your expected salary?'
2025-05-15 14:00:32,170 - WARNING - No match found for question: 'what is your expected salary?' (best score: 0)
2025-05-15 14:00:32,171 - INFO - Processing question: 'are you legally eligible to work in the us?'
2025-05-15 14:00:32,171 - WARNING - No match found for question: 'are you legally eligible to work in the us?' (best score: 0)
2025-05-15 14:00:32,171 - INFO - Processing question: 'are you willing & able to come into our downtown san francisco office on a hybrid basis? (3 days /week)?'
2025-05-15 14:00:32,172 - WARNING - No match found for question: 'are you willing & able to come into our downtown san francisco office on a hybrid basis? (3 days /week)?' (best score: 0)
2025-05-15 14:00:32,172 - INFO - Processing question: 'can you work onsite in palo alto?'
2025-05-15 14:00:32,172 - WARNING - No match found for question: 'can you work onsite in palo alto?' (best score: 0)
2025-05-15 14:00:32,173 - INFO - Processing question: 'our offices are located in san francisco ca and new york city. please indicate which location you are interested in?'
2025-05-15 14:00:32,173 - WARNING - No match found for question: 'our offices are located in san francisco ca and new york city. please indicate which location you are interested in?' (best score: 0)
2025-05-15 14:00:32,173 - INFO - Processing question: 'will you now or will you in the future require employment visa sponsorship to work in the country in which the job you're applying for is located?'
2025-05-15 14:00:32,174 - WARNING - No match found for question: 'will you now or will you in the future require employment visa sponsorship to work in the country in which the job you're applying for is located?' (best score: 0)
2025-05-15 14:00:32,174 - INFO - Processing question: 'do you have authorization to work in the united states?'
2025-05-15 14:00:32,175 - WARNING - No match found for question: 'do you have authorization to work in the united states?' (best score: 0)
2025-05-15 14:00:32,175 - INFO - Processing question: 'will you now or in the future require sponsorship for employment visa status?'
2025-05-15 14:00:32,175 - WARNING - No match found for question: 'will you now or in the future require sponsorship for employment visa status?' (best score: 0)
2025-05-15 14:00:32,176 - INFO - Processing question: 'are you available to work in person at the promise office  location listed in the job description at least three times per week?'
2025-05-15 14:00:32,176 - WARNING - No match found for question: 'are you available to work in person at the promise office  location listed in the job description at least three times per week?' (best score: 0)
2025-05-15 14:00:32,176 - INFO - Processing question: 'are you 18 or older?'
2025-05-15 14:00:32,177 - WARNING - No match found for question: 'are you 18 or older?' (best score: 0)
2025-05-15 14:00:32,177 - INFO - Processing question: 'are you comfortable working with javascript?'
2025-05-15 14:00:32,177 - WARNING - No match found for question: 'are you comfortable working with javascript?' (best score: 0)
2025-05-15 14:00:32,177 - INFO - Processing question: 'would you willing to relocate to/be in office in san francisco?'
2025-05-15 14:00:32,178 - WARNING - No match found for question: 'would you willing to relocate to/be in office in san francisco?' (best score: 0)
2025-05-15 14:00:32,178 - INFO - Processing question: 'what annual salary are you looking for in $usd?'
2025-05-15 14:00:32,178 - WARNING - No match found for question: 'what annual salary are you looking for in $usd?' (best score: 0)
2025-05-15 14:00:32,179 - INFO - Processing question: 'are you looking for full-time or part-time work?'
2025-05-15 14:00:32,179 - WARNING - No match found for question: 'are you looking for full-time or part-time work?' (best score: 0)
2025-05-15 14:00:32,180 - INFO - Processing question: 'how would you best describe your ideal work environment?'
2025-05-15 14:00:32,180 - WARNING - No match found for question: 'how would you best describe your ideal work environment?' (best score: 0)
2025-05-15 14:00:32,181 - INFO - Processing question: 'how do you handle deadlines and pressure?'
2025-05-15 14:00:32,182 - WARNING - No match found for question: 'how do you handle deadlines and pressure?' (best score: 0)
2025-05-15 14:00:32,182 - INFO - Processing question: 'how do you handle situations where you have too many tasks to complete on your own?'
2025-05-15 14:00:32,182 - WARNING - No match found for question: 'how do you handle situations where you have too many tasks to complete on your own?' (best score: 0)
2025-05-15 14:00:32,182 - INFO - Processing question: 'how much are you willing to work when things are urgent?'
2025-05-15 14:00:32,182 - WARNING - No match found for question: 'how much are you willing to work when things are urgent?' (best score: 0)
2025-05-15 14:00:32,183 - INFO - Processing question: 'are you comfortable working with python?'
2025-05-15 14:00:32,183 - WARNING - No match found for question: 'are you comfortable working with python?' (best score: 0)
2025-05-15 14:00:32,183 - INFO - Processing question: 'do you currently have legal authorization to work in the country where the position is based?'
2025-05-15 14:00:32,184 - WARNING - No match found for question: 'do you currently have legal authorization to work in the country where the position is based?' (best score: 0)
2025-05-15 14:00:32,184 - INFO - Processing question: 'are you excited to work in-office five days a week?'
2025-05-15 14:00:32,184 - WARNING - No match found for question: 'are you excited to work in-office five days a week?' (best score: 0)
2025-05-15 14:00:32,184 - INFO - Q&A section filled successfully!
2025-05-15 14:00:32,185 - INFO - Form filled successfully!
2025-05-15 14:00:33,192 - INFO - Starting submission process...
2025-05-15 14:00:33,312 - INFO - Required field not filled: 01bee1ba-3fbd-4291-8525-67cbc4f829cf
2025-05-15 14:00:33,539 - INFO - Required radio group not answered: Are you legally authorized to work in the United States?
2025-05-15 14:00:33,591 - INFO - Required radio group not answered: Will you now or in the future require sponsorship for employment visa status (e.g., H-1B visa status) to legally work in the United States?
2025-05-15 14:00:33,637 - INFO - Required radio group not answered: Do you have any familial relationships with current Virta employees?
2025-05-15 14:00:33,791 - INFO - Waiting for 4 required fields to be filled: ['01bee1ba-3fbd-4291-8525-67cbc4f829cf', 'Are you legally authorized to work in the United States?', 'Will you now or in the future require sponsorship for employment visa status (e.g., H-1B visa status) to legally work in the United States?', 'Do you have any familial relationships with current Virta employees?']
2025-05-15 14:00:35,947 - INFO - Required field not filled: 01bee1ba-3fbd-4291-8525-67cbc4f829cf
2025-05-15 14:00:36,105 - INFO - Required radio group not answered: Are you legally authorized to work in the United States?
2025-05-15 14:00:36,130 - INFO - Required radio group not answered: Will you now or in the future require sponsorship for employment visa status (e.g., H-1B visa status) to legally work in the United States?
2025-05-15 14:00:36,183 - INFO - Required radio group not answered: Do you have any familial relationships with current Virta employees?
2025-05-15 14:00:36,324 - INFO - Waiting for 4 required fields to be filled: ['01bee1ba-3fbd-4291-8525-67cbc4f829cf', 'Are you legally authorized to work in the United States?', 'Will you now or in the future require sponsorship for employment visa status (e.g., H-1B visa status) to legally work in the United States?', 'Do you have any familial relationships with current Virta employees?']
2025-05-15 14:00:38,474 - INFO - Required field not filled: 01bee1ba-3fbd-4291-8525-67cbc4f829cf
2025-05-15 14:00:38,646 - INFO - Required radio group not answered: Are you legally authorized to work in the United States?
2025-05-15 14:00:38,687 - INFO - Required radio group not answered: Will you now or in the future require sponsorship for employment visa status (e.g., H-1B visa status) to legally work in the United States?
2025-05-15 14:00:38,730 - INFO - Required radio group not answered: Do you have any familial relationships with current Virta employees?
2025-05-15 14:00:38,876 - INFO - Waiting for 4 required fields to be filled: ['01bee1ba-3fbd-4291-8525-67cbc4f829cf', 'Are you legally authorized to work in the United States?', 'Will you now or in the future require sponsorship for employment visa status (e.g., H-1B visa status) to legally work in the United States?', 'Do you have any familial relationships with current Virta employees?']
2025-05-15 14:00:40,974 - INFO - Required field not filled: 01bee1ba-3fbd-4291-8525-67cbc4f829cf
2025-05-15 14:00:41,147 - INFO - Required radio group not answered: Are you legally authorized to work in the United States?
2025-05-15 14:00:41,180 - INFO - Required radio group not answered: Will you now or in the future require sponsorship for employment visa status (e.g., H-1B visa status) to legally work in the United States?
2025-05-15 14:00:41,212 - INFO - Required radio group not answered: Do you have any familial relationships with current Virta employees?
2025-05-15 14:00:41,356 - INFO - Waiting for 4 required fields to be filled: ['01bee1ba-3fbd-4291-8525-67cbc4f829cf', 'Are you legally authorized to work in the United States?', 'Will you now or in the future require sponsorship for employment visa status (e.g., H-1B visa status) to legally work in the United States?', 'Do you have any familial relationships with current Virta employees?']
2025-05-15 14:00:43,458 - INFO - Required field not filled: 01bee1ba-3fbd-4291-8525-67cbc4f829cf
2025-05-15 14:00:43,634 - INFO - Required radio group not answered: Are you legally authorized to work in the United States?
2025-05-15 14:00:43,662 - INFO - Required radio group not answered: Will you now or in the future require sponsorship for employment visa status (e.g., H-1B visa status) to legally work in the United States?
2025-05-15 14:00:43,703 - INFO - Required radio group not answered: Do you have any familial relationships with current Virta employees?
2025-05-15 14:00:43,845 - INFO - Waiting for 4 required fields to be filled: ['01bee1ba-3fbd-4291-8525-67cbc4f829cf', 'Are you legally authorized to work in the United States?', 'Will you now or in the future require sponsorship for employment visa status (e.g., H-1B visa status) to legally work in the United States?', 'Do you have any familial relationships with current Virta employees?']
2025-05-15 14:00:45,999 - INFO - Required field not filled: 01bee1ba-3fbd-4291-8525-67cbc4f829cf
2025-05-15 14:00:46,189 - INFO - Required radio group not answered: Are you legally authorized to work in the United States?
2025-05-15 14:00:46,229 - INFO - Required radio group not answered: Will you now or in the future require sponsorship for employment visa status (e.g., H-1B visa status) to legally work in the United States?
2025-05-15 14:00:46,262 - INFO - Required radio group not answered: Do you have any familial relationships with current Virta employees?
2025-05-15 14:00:46,413 - INFO - Waiting for 4 required fields to be filled: ['01bee1ba-3fbd-4291-8525-67cbc4f829cf', 'Are you legally authorized to work in the United States?', 'Will you now or in the future require sponsorship for employment visa status (e.g., H-1B visa status) to legally work in the United States?', 'Do you have any familial relationships with current Virta employees?']
2025-05-15 14:00:48,595 - INFO - Required field not filled: 01bee1ba-3fbd-4291-8525-67cbc4f829cf
2025-05-15 14:00:48,768 - INFO - Required radio group not answered: Are you legally authorized to work in the United States?
2025-05-15 14:00:48,811 - INFO - Required radio group not answered: Will you now or in the future require sponsorship for employment visa status (e.g., H-1B visa status) to legally work in the United States?
2025-05-15 14:00:48,850 - INFO - Required radio group not answered: Do you have any familial relationships with current Virta employees?
2025-05-15 14:00:48,999 - INFO - Waiting for 4 required fields to be filled: ['01bee1ba-3fbd-4291-8525-67cbc4f829cf', 'Are you legally authorized to work in the United States?', 'Will you now or in the future require sponsorship for employment visa status (e.g., H-1B visa status) to legally work in the United States?', 'Do you have any familial relationships with current Virta employees?']
2025-05-15 14:00:51,141 - INFO - Required field not filled: 01bee1ba-3fbd-4291-8525-67cbc4f829cf
2025-05-15 14:00:51,291 - INFO - Required radio group not answered: Are you legally authorized to work in the United States?
2025-05-15 14:00:51,329 - INFO - Required radio group not answered: Will you now or in the future require sponsorship for employment visa status (e.g., H-1B visa status) to legally work in the United States?
2025-05-15 14:00:51,361 - INFO - Required radio group not answered: Do you have any familial relationships with current Virta employees?
2025-05-15 14:00:51,518 - INFO - Waiting for 4 required fields to be filled: ['01bee1ba-3fbd-4291-8525-67cbc4f829cf', 'Are you legally authorized to work in the United States?', 'Will you now or in the future require sponsorship for employment visa status (e.g., H-1B visa status) to legally work in the United States?', 'Do you have any familial relationships with current Virta employees?']
2025-05-15 14:00:53,657 - INFO - Required field not filled: 01bee1ba-3fbd-4291-8525-67cbc4f829cf
2025-05-15 14:00:53,839 - INFO - Required radio group not answered: Are you legally authorized to work in the United States?
2025-05-15 14:00:53,865 - INFO - Required radio group not answered: Will you now or in the future require sponsorship for employment visa status (e.g., H-1B visa status) to legally work in the United States?
2025-05-15 14:00:53,914 - INFO - Required radio group not answered: Do you have any familial relationships with current Virta employees?
2025-05-15 14:00:54,063 - INFO - Waiting for 4 required fields to be filled: ['01bee1ba-3fbd-4291-8525-67cbc4f829cf', 'Are you legally authorized to work in the United States?', 'Will you now or in the future require sponsorship for employment visa status (e.g., H-1B visa status) to legally work in the United States?', 'Do you have any familial relationships with current Virta employees?']
2025-05-15 14:00:56,214 - INFO - Required field not filled: 01bee1ba-3fbd-4291-8525-67cbc4f829cf
2025-05-15 14:00:56,383 - INFO - Required radio group not answered: Are you legally authorized to work in the United States?
2025-05-15 14:00:56,411 - INFO - Required radio group not answered: Will you now or in the future require sponsorship for employment visa status (e.g., H-1B visa status) to legally work in the United States?
2025-05-15 14:00:56,448 - INFO - Required radio group not answered: Do you have any familial relationships with current Virta employees?
2025-05-15 14:00:56,590 - INFO - Waiting for 4 required fields to be filled: ['01bee1ba-3fbd-4291-8525-67cbc4f829cf', 'Are you legally authorized to work in the United States?', 'Will you now or in the future require sponsorship for employment visa status (e.g., H-1B visa status) to legally work in the United States?', 'Do you have any familial relationships with current Virta employees?']
2025-05-15 14:00:58,688 - INFO - Required field not filled: 01bee1ba-3fbd-4291-8525-67cbc4f829cf
2025-05-15 14:00:58,862 - INFO - Required radio group not answered: Are you legally authorized to work in the United States?
2025-05-15 14:00:58,893 - INFO - Required radio group not answered: Will you now or in the future require sponsorship for employment visa status (e.g., H-1B visa status) to legally work in the United States?
2025-05-15 14:00:58,935 - INFO - Required radio group not answered: Do you have any familial relationships with current Virta employees?
2025-05-15 14:00:59,083 - INFO - Waiting for 4 required fields to be filled: ['01bee1ba-3fbd-4291-8525-67cbc4f829cf', 'Are you legally authorized to work in the United States?', 'Will you now or in the future require sponsorship for employment visa status (e.g., H-1B visa status) to legally work in the United States?', 'Do you have any familial relationships with current Virta employees?']
2025-05-15 14:01:01,240 - INFO - Required field not filled: 01bee1ba-3fbd-4291-8525-67cbc4f829cf
2025-05-15 14:01:01,409 - INFO - Required radio group not answered: Are you legally authorized to work in the United States?
2025-05-15 14:01:01,446 - INFO - Required radio group not answered: Will you now or in the future require sponsorship for employment visa status (e.g., H-1B visa status) to legally work in the United States?
2025-05-15 14:01:01,490 - INFO - Required radio group not answered: Do you have any familial relationships with current Virta employees?
2025-05-15 14:01:01,639 - INFO - Waiting for 4 required fields to be filled: ['01bee1ba-3fbd-4291-8525-67cbc4f829cf', 'Are you legally authorized to work in the United States?', 'Will you now or in the future require sponsorship for employment visa status (e.g., H-1B visa status) to legally work in the United States?', 'Do you have any familial relationships with current Virta employees?']
2025-05-15 14:01:03,781 - INFO - Required field not filled: 01bee1ba-3fbd-4291-8525-67cbc4f829cf
2025-05-15 14:01:03,940 - INFO - Required radio group not answered: Are you legally authorized to work in the United States?
2025-05-15 14:01:03,984 - INFO - Required radio group not answered: Will you now or in the future require sponsorship for employment visa status (e.g., H-1B visa status) to legally work in the United States?
2025-05-15 14:01:04,010 - INFO - Required radio group not answered: Do you have any familial relationships with current Virta employees?
2025-05-15 14:01:04,158 - INFO - Waiting for 4 required fields to be filled: ['01bee1ba-3fbd-4291-8525-67cbc4f829cf', 'Are you legally authorized to work in the United States?', 'Will you now or in the future require sponsorship for employment visa status (e.g., H-1B visa status) to legally work in the United States?', 'Do you have any familial relationships with current Virta employees?']
2025-05-15 14:01:06,303 - INFO - Required field not filled: 01bee1ba-3fbd-4291-8525-67cbc4f829cf
2025-05-15 14:01:06,470 - INFO - Required radio group not answered: Are you legally authorized to work in the United States?
2025-05-15 14:01:06,513 - INFO - Required radio group not answered: Will you now or in the future require sponsorship for employment visa status (e.g., H-1B visa status) to legally work in the United States?
2025-05-15 14:01:06,545 - INFO - Required radio group not answered: Do you have any familial relationships with current Virta employees?
2025-05-15 14:01:06,690 - INFO - Waiting for 4 required fields to be filled: ['01bee1ba-3fbd-4291-8525-67cbc4f829cf', 'Are you legally authorized to work in the United States?', 'Will you now or in the future require sponsorship for employment visa status (e.g., H-1B visa status) to legally work in the United States?', 'Do you have any familial relationships with current Virta employees?']
2025-05-15 14:01:08,822 - INFO - Required field not filled: 01bee1ba-3fbd-4291-8525-67cbc4f829cf
2025-05-15 14:01:08,995 - INFO - Required radio group not answered: Are you legally authorized to work in the United States?
2025-05-15 14:01:09,026 - INFO - Required radio group not answered: Will you now or in the future require sponsorship for employment visa status (e.g., H-1B visa status) to legally work in the United States?
2025-05-15 14:01:09,068 - INFO - Required radio group not answered: Do you have any familial relationships with current Virta employees?
2025-05-15 14:01:09,208 - INFO - Waiting for 4 required fields to be filled: ['01bee1ba-3fbd-4291-8525-67cbc4f829cf', 'Are you legally authorized to work in the United States?', 'Will you now or in the future require sponsorship for employment visa status (e.g., H-1B visa status) to legally work in the United States?', 'Do you have any familial relationships with current Virta employees?']
2025-05-15 14:01:11,339 - INFO - Required field not filled: 01bee1ba-3fbd-4291-8525-67cbc4f829cf
2025-05-15 14:01:11,516 - INFO - Required radio group not answered: Are you legally authorized to work in the United States?
2025-05-15 14:01:11,559 - INFO - Required radio group not answered: Will you now or in the future require sponsorship for employment visa status (e.g., H-1B visa status) to legally work in the United States?
2025-05-15 14:01:11,609 - INFO - Required radio group not answered: Do you have any familial relationships with current Virta employees?
2025-05-15 14:01:11,762 - INFO - Waiting for 4 required fields to be filled: ['01bee1ba-3fbd-4291-8525-67cbc4f829cf', 'Are you legally authorized to work in the United States?', 'Will you now or in the future require sponsorship for employment visa status (e.g., H-1B visa status) to legally work in the United States?', 'Do you have any familial relationships with current Virta employees?']
2025-05-15 14:01:13,907 - INFO - Required field not filled: 01bee1ba-3fbd-4291-8525-67cbc4f829cf
2025-05-15 14:01:14,086 - INFO - Required radio group not answered: Are you legally authorized to work in the United States?
2025-05-15 14:01:14,124 - INFO - Required radio group not answered: Will you now or in the future require sponsorship for employment visa status (e.g., H-1B visa status) to legally work in the United States?
2025-05-15 14:01:14,159 - INFO - Required radio group not answered: Do you have any familial relationships with current Virta employees?
2025-05-15 14:01:14,300 - INFO - Waiting for 4 required fields to be filled: ['01bee1ba-3fbd-4291-8525-67cbc4f829cf', 'Are you legally authorized to work in the United States?', 'Will you now or in the future require sponsorship for employment visa status (e.g., H-1B visa status) to legally work in the United States?', 'Do you have any familial relationships with current Virta employees?']
2025-05-15 14:01:16,389 - INFO - Required field not filled: 01bee1ba-3fbd-4291-8525-67cbc4f829cf
2025-05-15 14:01:16,547 - INFO - Required radio group not answered: Are you legally authorized to work in the United States?
2025-05-15 14:01:16,584 - INFO - Required radio group not answered: Will you now or in the future require sponsorship for employment visa status (e.g., H-1B visa status) to legally work in the United States?
2025-05-15 14:01:16,609 - INFO - Required radio group not answered: Do you have any familial relationships with current Virta employees?
2025-05-15 14:01:16,758 - INFO - Waiting for 4 required fields to be filled: ['01bee1ba-3fbd-4291-8525-67cbc4f829cf', 'Are you legally authorized to work in the United States?', 'Will you now or in the future require sponsorship for employment visa status (e.g., H-1B visa status) to legally work in the United States?', 'Do you have any familial relationships with current Virta employees?']
2025-05-15 14:01:18,875 - INFO - Required field not filled: 01bee1ba-3fbd-4291-8525-67cbc4f829cf
2025-05-15 14:01:19,045 - INFO - Required radio group not answered: Are you legally authorized to work in the United States?
2025-05-15 14:01:19,084 - INFO - Required radio group not answered: Will you now or in the future require sponsorship for employment visa status (e.g., H-1B visa status) to legally work in the United States?
2025-05-15 14:01:19,128 - INFO - Required radio group not answered: Do you have any familial relationships with current Virta employees?
2025-05-15 14:01:19,278 - INFO - Waiting for 4 required fields to be filled: ['01bee1ba-3fbd-4291-8525-67cbc4f829cf', 'Are you legally authorized to work in the United States?', 'Will you now or in the future require sponsorship for employment visa status (e.g., H-1B visa status) to legally work in the United States?', 'Do you have any familial relationships with current Virta employees?']
2025-05-15 14:01:21,389 - INFO - Required field not filled: 01bee1ba-3fbd-4291-8525-67cbc4f829cf
2025-05-15 14:01:21,558 - INFO - Required radio group not answered: Are you legally authorized to work in the United States?
2025-05-15 14:01:21,596 - INFO - Required radio group not answered: Will you now or in the future require sponsorship for employment visa status (e.g., H-1B visa status) to legally work in the United States?
2025-05-15 14:01:21,674 - INFO - Required radio group not answered: Do you have any familial relationships with current Virta employees?
2025-05-15 14:01:21,820 - INFO - Waiting for 4 required fields to be filled: ['01bee1ba-3fbd-4291-8525-67cbc4f829cf', 'Are you legally authorized to work in the United States?', 'Will you now or in the future require sponsorship for employment visa status (e.g., H-1B visa status) to legally work in the United States?', 'Do you have any familial relationships with current Virta employees?']
2025-05-15 14:01:23,913 - INFO - Required field not filled: 01bee1ba-3fbd-4291-8525-67cbc4f829cf
2025-05-15 14:01:24,086 - INFO - Required radio group not answered: Are you legally authorized to work in the United States?
2025-05-15 14:01:24,126 - INFO - Required radio group not answered: Will you now or in the future require sponsorship for employment visa status (e.g., H-1B visa status) to legally work in the United States?
2025-05-15 14:01:24,158 - INFO - Required radio group not answered: Do you have any familial relationships with current Virta employees?
2025-05-15 14:01:24,305 - INFO - Waiting for 4 required fields to be filled: ['01bee1ba-3fbd-4291-8525-67cbc4f829cf', 'Are you legally authorized to work in the United States?', 'Will you now or in the future require sponsorship for employment visa status (e.g., H-1B visa status) to legally work in the United States?', 'Do you have any familial relationships with current Virta employees?']
2025-05-15 14:01:26,438 - INFO - Required field not filled: 01bee1ba-3fbd-4291-8525-67cbc4f829cf
2025-05-15 14:01:26,623 - INFO - Required radio group not answered: Are you legally authorized to work in the United States?
2025-05-15 14:01:26,657 - INFO - Required radio group not answered: Will you now or in the future require sponsorship for employment visa status (e.g., H-1B visa status) to legally work in the United States?
2025-05-15 14:01:26,698 - INFO - Required radio group not answered: Do you have any familial relationships with current Virta employees?
2025-05-15 14:01:26,824 - INFO - Waiting for 4 required fields to be filled: ['01bee1ba-3fbd-4291-8525-67cbc4f829cf', 'Are you legally authorized to work in the United States?', 'Will you now or in the future require sponsorship for employment visa status (e.g., H-1B visa status) to legally work in the United States?', 'Do you have any familial relationships with current Virta employees?']
2025-05-15 14:01:28,906 - INFO - Required field not filled: 01bee1ba-3fbd-4291-8525-67cbc4f829cf
2025-05-15 14:01:29,082 - INFO - Required radio group not answered: Are you legally authorized to work in the United States?
2025-05-15 14:01:29,125 - INFO - Required radio group not answered: Will you now or in the future require sponsorship for employment visa status (e.g., H-1B visa status) to legally work in the United States?
2025-05-15 14:01:29,157 - INFO - Required radio group not answered: Do you have any familial relationships with current Virta employees?
2025-05-15 14:01:29,279 - INFO - Waiting for 4 required fields to be filled: ['01bee1ba-3fbd-4291-8525-67cbc4f829cf', 'Are you legally authorized to work in the United States?', 'Will you now or in the future require sponsorship for employment visa status (e.g., H-1B visa status) to legally work in the United States?', 'Do you have any familial relationships with current Virta employees?']
2025-05-15 14:01:31,421 - INFO - Required field not filled: 01bee1ba-3fbd-4291-8525-67cbc4f829cf
2025-05-15 14:01:31,586 - INFO - Required radio group not answered: Are you legally authorized to work in the United States?
2025-05-15 14:01:31,621 - INFO - Required radio group not answered: Will you now or in the future require sponsorship for employment visa status (e.g., H-1B visa status) to legally work in the United States?
2025-05-15 14:01:31,660 - INFO - Required radio group not answered: Do you have any familial relationships with current Virta employees?
2025-05-15 14:01:31,789 - INFO - Waiting for 4 required fields to be filled: ['01bee1ba-3fbd-4291-8525-67cbc4f829cf', 'Are you legally authorized to work in the United States?', 'Will you now or in the future require sponsorship for employment visa status (e.g., H-1B visa status) to legally work in the United States?', 'Do you have any familial relationships with current Virta employees?']
2025-05-15 14:01:33,905 - INFO - Required field not filled: 01bee1ba-3fbd-4291-8525-67cbc4f829cf
2025-05-15 14:01:34,078 - INFO - Required radio group not answered: Are you legally authorized to work in the United States?
2025-05-15 14:01:34,109 - INFO - Required radio group not answered: Will you now or in the future require sponsorship for employment visa status (e.g., H-1B visa status) to legally work in the United States?
2025-05-15 14:01:34,142 - INFO - Required radio group not answered: Do you have any familial relationships with current Virta employees?
2025-05-15 14:01:34,264 - INFO - Waiting for 4 required fields to be filled: ['01bee1ba-3fbd-4291-8525-67cbc4f829cf', 'Are you legally authorized to work in the United States?', 'Will you now or in the future require sponsorship for employment visa status (e.g., H-1B visa status) to legally work in the United States?', 'Do you have any familial relationships with current Virta employees?']
2025-05-15 14:01:36,372 - INFO - Required field not filled: 01bee1ba-3fbd-4291-8525-67cbc4f829cf
2025-05-15 14:01:36,528 - INFO - Required radio group not answered: Are you legally authorized to work in the United States?
2025-05-15 14:01:36,564 - INFO - Required radio group not answered: Will you now or in the future require sponsorship for employment visa status (e.g., H-1B visa status) to legally work in the United States?
2025-05-15 14:01:36,597 - INFO - Required radio group not answered: Do you have any familial relationships with current Virta employees?
2025-05-15 14:01:36,723 - INFO - Waiting for 4 required fields to be filled: ['01bee1ba-3fbd-4291-8525-67cbc4f829cf', 'Are you legally authorized to work in the United States?', 'Will you now or in the future require sponsorship for employment visa status (e.g., H-1B visa status) to legally work in the United States?', 'Do you have any familial relationships with current Virta employees?']
2025-05-15 14:01:38,836 - INFO - Required field not filled: 01bee1ba-3fbd-4291-8525-67cbc4f829cf
2025-05-15 14:01:39,005 - INFO - Required radio group not answered: Are you legally authorized to work in the United States?
2025-05-15 14:01:39,063 - INFO - Required radio group not answered: Will you now or in the future require sponsorship for employment visa status (e.g., H-1B visa status) to legally work in the United States?
2025-05-15 14:01:39,112 - INFO - Required radio group not answered: Do you have any familial relationships with current Virta employees?
2025-05-15 14:01:39,291 - INFO - Waiting for 4 required fields to be filled: ['01bee1ba-3fbd-4291-8525-67cbc4f829cf', 'Are you legally authorized to work in the United States?', 'Will you now or in the future require sponsorship for employment visa status (e.g., H-1B visa status) to legally work in the United States?', 'Do you have any familial relationships with current Virta employees?']
2025-05-15 14:01:41,392 - INFO - Required field not filled: 01bee1ba-3fbd-4291-8525-67cbc4f829cf
2025-05-15 14:01:41,540 - INFO - Required radio group not answered: Are you legally authorized to work in the United States?
2025-05-15 14:01:41,575 - INFO - Required radio group not answered: Will you now or in the future require sponsorship for employment visa status (e.g., H-1B visa status) to legally work in the United States?
2025-05-15 14:01:41,607 - INFO - Required radio group not answered: Do you have any familial relationships with current Virta employees?
2025-05-15 14:01:41,722 - INFO - Waiting for 4 required fields to be filled: ['01bee1ba-3fbd-4291-8525-67cbc4f829cf', 'Are you legally authorized to work in the United States?', 'Will you now or in the future require sponsorship for employment visa status (e.g., H-1B visa status) to legally work in the United States?', 'Do you have any familial relationships with current Virta employees?']
2025-05-15 14:01:43,818 - INFO - Required field not filled: 01bee1ba-3fbd-4291-8525-67cbc4f829cf
2025-05-15 14:01:43,978 - INFO - Required radio group not answered: Are you legally authorized to work in the United States?
2025-05-15 14:01:44,021 - INFO - Required radio group not answered: Will you now or in the future require sponsorship for employment visa status (e.g., H-1B visa status) to legally work in the United States?
2025-05-15 14:01:44,058 - INFO - Required radio group not answered: Do you have any familial relationships with current Virta employees?
2025-05-15 14:01:44,198 - INFO - Waiting for 4 required fields to be filled: ['01bee1ba-3fbd-4291-8525-67cbc4f829cf', 'Are you legally authorized to work in the United States?', 'Will you now or in the future require sponsorship for employment visa status (e.g., H-1B visa status) to legally work in the United States?', 'Do you have any familial relationships with current Virta employees?']
2025-05-15 14:01:46,321 - INFO - Required field not filled: 01bee1ba-3fbd-4291-8525-67cbc4f829cf
2025-05-15 14:01:46,489 - INFO - Required radio group not answered: Are you legally authorized to work in the United States?
2025-05-15 14:01:46,523 - INFO - Required radio group not answered: Will you now or in the future require sponsorship for employment visa status (e.g., H-1B visa status) to legally work in the United States?
2025-05-15 14:01:46,561 - INFO - Required radio group not answered: Do you have any familial relationships with current Virta employees?
2025-05-15 14:01:46,706 - INFO - Waiting for 4 required fields to be filled: ['01bee1ba-3fbd-4291-8525-67cbc4f829cf', 'Are you legally authorized to work in the United States?', 'Will you now or in the future require sponsorship for employment visa status (e.g., H-1B visa status) to legally work in the United States?', 'Do you have any familial relationships with current Virta employees?']
2025-05-15 14:01:48,813 - INFO - Required field not filled: 01bee1ba-3fbd-4291-8525-67cbc4f829cf
2025-05-15 14:01:48,989 - INFO - Required radio group not answered: Will you now or in the future require sponsorship for employment visa status (e.g., H-1B visa status) to legally work in the United States?
2025-05-15 14:01:49,034 - INFO - Required radio group not answered: Do you have any familial relationships with current Virta employees?
2025-05-15 14:01:49,153 - INFO - Waiting for 3 required fields to be filled: ['01bee1ba-3fbd-4291-8525-67cbc4f829cf', 'Will you now or in the future require sponsorship for employment visa status (e.g., H-1B visa status) to legally work in the United States?', 'Do you have any familial relationships with current Virta employees?']
2025-05-15 14:01:51,260 - INFO - Required field not filled: 01bee1ba-3fbd-4291-8525-67cbc4f829cf
2025-05-15 14:01:51,474 - INFO - Required radio group not answered: Do you have any familial relationships with current Virta employees?
2025-05-15 14:01:51,555 - INFO - Waiting for 2 required fields to be filled: ['01bee1ba-3fbd-4291-8525-67cbc4f829cf', 'Do you have any familial relationships with current Virta employees?']
2025-05-15 14:01:53,686 - INFO - Required field not filled: 01bee1ba-3fbd-4291-8525-67cbc4f829cf
2025-05-15 14:01:53,933 - INFO - Waiting for 1 required fields to be filled: ['01bee1ba-3fbd-4291-8525-67cbc4f829cf']
2025-05-15 14:01:56,072 - INFO - Required field not filled: 01bee1ba-3fbd-4291-8525-67cbc4f829cf
2025-05-15 14:01:56,322 - INFO - Waiting for 1 required fields to be filled: ['01bee1ba-3fbd-4291-8525-67cbc4f829cf']
2025-05-15 14:01:58,503 - INFO - Required field not filled: 01bee1ba-3fbd-4291-8525-67cbc4f829cf
2025-05-15 14:01:58,755 - INFO - Waiting for 1 required fields to be filled: ['01bee1ba-3fbd-4291-8525-67cbc4f829cf']
2025-05-15 14:02:01,132 - INFO - All required fields are filled.
2025-05-15 14:02:01,177 - INFO - Found submit button using selector: button._primary_8wvgw_96
2025-05-15 14:02:02,310 - INFO - Clicked submit button normally
2025-05-15 14:02:05,019 - INFO - Page changed after click - assuming submission started
2025-05-15 14:02:25,386 - WARNING - Error during submission verification: Message: 

2025-05-15 14:02:25,386 - INFO - URL suggests we left application page - assuming success
2025-05-15 14:02:25,386 - INFO - Application submitted successfully!
2025-05-15 14:02:25,386 - INFO - Log directory ensured: C:\Users\hr\OneDrive\Desktop\merge\all_job_app\logs
2025-05-15 14:02:25,397 - INFO - Log entry written to logs/ashby_log_2025-05-15.csv
2025-05-15 14:02:25,397 - INFO - Processing job: https://jobs.ashbyhq.com/windranger/d5c33dba-6b07-450a-8a35-4ec61355ab42
2025-05-15 14:02:26,363 - INFO - Opened job page: https://jobs.ashbyhq.com/windranger/d5c33dba-6b07-450a-8a35-4ec61355ab42
2025-05-15 14:02:29,503 - INFO - Apply button clicked successfully!
2025-05-15 14:02:34,514 - INFO - Attempting to upload resume from: C:\Users\hr\OneDrive\Desktop\merge\all_job_app\resume/narsimlu.pdf
2025-05-15 14:02:35,160 - INFO - Resume file sent to input element
2025-05-15 14:02:50,663 - WARNING - No explicit upload confirmation detected: Message: 

2025-05-15 14:02:50,663 - INFO - Filling out the application form...
2025-05-15 14:02:50,769 - INFO - Filled field name with value Narasimulu Alli
2025-05-15 14:02:50,873 - INFO - Filled field email with value narasi.mymail@gmail.com
2025-05-15 14:03:00,884 - WARNING - Error filling field phone with selector input[type='tel']: Message: 
Stacktrace:
	GetHandleVerifier [0x0106FC83+61635]
	GetHandleVerifier [0x0106FCC4+61700]
	(No symbol) [0x00E905D3]
	(No symbol) [0x00ED899E]
	(No symbol) [0x00ED8D3B]
	(No symbol) [0x00F20E12]
	(No symbol) [0x00EFD2E4]
	(No symbol) [0x00F1E61B]
	(No symbol) [0x00EFD096]
	(No symbol) [0x00ECC840]
	(No symbol) [0x00ECD6A4]
	GetHandleVerifier [0x012F45A3+2701795]
	GetHandleVerifier [0x012EFD26+2683238]
	GetHandleVerifier [0x0130AA6E+2793134]
	GetHandleVerifier [0x01086945+155013]
	GetHandleVerifier [0x0108D02D+181357]
	GetHandleVerifier [0x010774D8+92440]
	GetHandleVerifier [0x01077680+92864]
	GetHandleVerifier [0x01062070+5296]
	BaseThreadInitThunk [0x759AFCC9+25]
	RtlGetAppContainerNamedObjectPath [0x771B82AE+286]
	RtlGetAppContainerNamedObjectPath [0x771B827E+238]

2025-05-15 14:03:10,904 - WARNING - Error filling field phone with selector input[name='phone']: Message: 
Stacktrace:
	GetHandleVerifier [0x0106FC83+61635]
	GetHandleVerifier [0x0106FCC4+61700]
	(No symbol) [0x00E905D3]
	(No symbol) [0x00ED899E]
	(No symbol) [0x00ED8D3B]
	(No symbol) [0x00F20E12]
	(No symbol) [0x00EFD2E4]
	(No symbol) [0x00F1E61B]
	(No symbol) [0x00EFD096]
	(No symbol) [0x00ECC840]
	(No symbol) [0x00ECD6A4]
	GetHandleVerifier [0x012F45A3+2701795]
	GetHandleVerifier [0x012EFD26+2683238]
	GetHandleVerifier [0x0130AA6E+2793134]
	GetHandleVerifier [0x01086945+155013]
	GetHandleVerifier [0x0108D02D+181357]
	GetHandleVerifier [0x010774D8+92440]
	GetHandleVerifier [0x01077680+92864]
	GetHandleVerifier [0x01062070+5296]
	BaseThreadInitThunk [0x759AFCC9+25]
	RtlGetAppContainerNamedObjectPath [0x771B82AE+286]
	RtlGetAppContainerNamedObjectPath [0x771B827E+238]

2025-05-15 14:03:21,428 - WARNING - Error filling field phone with selector input[type='number']: Message: 
Stacktrace:
	GetHandleVerifier [0x0106FC83+61635]
	GetHandleVerifier [0x0106FCC4+61700]
	(No symbol) [0x00E905D3]
	(No symbol) [0x00ED899E]
	(No symbol) [0x00ED8D3B]
	(No symbol) [0x00F20E12]
	(No symbol) [0x00EFD2E4]
	(No symbol) [0x00F1E61B]
	(No symbol) [0x00EFD096]
	(No symbol) [0x00ECC840]
	(No symbol) [0x00ECD6A4]
	GetHandleVerifier [0x012F45A3+2701795]
	GetHandleVerifier [0x012EFD26+2683238]
	GetHandleVerifier [0x0130AA6E+2793134]
	GetHandleVerifier [0x01086945+155013]
	GetHandleVerifier [0x0108D02D+181357]
	GetHandleVerifier [0x010774D8+92440]
	GetHandleVerifier [0x01077680+92864]
	GetHandleVerifier [0x01062070+5296]
	BaseThreadInitThunk [0x759AFCC9+25]
	RtlGetAppContainerNamedObjectPath [0x771B82AE+286]
	RtlGetAppContainerNamedObjectPath [0x771B827E+238]

2025-05-15 14:03:21,439 - WARNING - No value provided for mandatory field: address
2025-05-15 14:03:31,985 - WARNING - Error filling field location with selector input[role='combobox']: Message: 
Stacktrace:
	GetHandleVerifier [0x0106FC83+61635]
	GetHandleVerifier [0x0106FCC4+61700]
	(No symbol) [0x00E905D3]
	(No symbol) [0x00ED899E]
	(No symbol) [0x00ED8D3B]
	(No symbol) [0x00F20E12]
	(No symbol) [0x00EFD2E4]
	(No symbol) [0x00F1E61B]
	(No symbol) [0x00EFD096]
	(No symbol) [0x00ECC840]
	(No symbol) [0x00ECD6A4]
	GetHandleVerifier [0x012F45A3+2701795]
	GetHandleVerifier [0x012EFD26+2683238]
	GetHandleVerifier [0x0130AA6E+2793134]
	GetHandleVerifier [0x01086945+155013]
	GetHandleVerifier [0x0108D02D+181357]
	GetHandleVerifier [0x010774D8+92440]
	GetHandleVerifier [0x01077680+92864]
	GetHandleVerifier [0x01062070+5296]
	BaseThreadInitThunk [0x759AFCC9+25]
	RtlGetAppContainerNamedObjectPath [0x771B82AE+286]
	RtlGetAppContainerNamedObjectPath [0x771B827E+238]

2025-05-15 14:03:42,483 - WARNING - Error filling field location with selector input[placeholder*='Start typing']: Message: 
Stacktrace:
	GetHandleVerifier [0x0106FC83+61635]
	GetHandleVerifier [0x0106FCC4+61700]
	(No symbol) [0x00E905D3]
	(No symbol) [0x00ED899E]
	(No symbol) [0x00ED8D3B]
	(No symbol) [0x00F20E12]
	(No symbol) [0x00EFD2E4]
	(No symbol) [0x00F1E61B]
	(No symbol) [0x00EFD096]
	(No symbol) [0x00ECC840]
	(No symbol) [0x00ECD6A4]
	GetHandleVerifier [0x012F45A3+2701795]
	GetHandleVerifier [0x012EFD26+2683238]
	GetHandleVerifier [0x0130AA6E+2793134]
	GetHandleVerifier [0x01086945+155013]
	GetHandleVerifier [0x0108D02D+181357]
	GetHandleVerifier [0x010774D8+92440]
	GetHandleVerifier [0x01077680+92864]
	GetHandleVerifier [0x01062070+5296]
	BaseThreadInitThunk [0x759AFCC9+25]
	RtlGetAppContainerNamedObjectPath [0x771B82AE+286]
	RtlGetAppContainerNamedObjectPath [0x771B827E+238]

2025-05-15 14:03:42,626 - INFO - Filled LinkedIn field
2025-05-15 14:03:42,626 - INFO - Filling out the Q&A section...
2025-05-15 14:03:43,357 - INFO - Form Q&A questions found: []
2025-05-15 14:03:43,358 - WARNING - No Q&A questions found in the form. Skipping Q&A section.
2025-05-15 14:03:43,358 - INFO - Form filled successfully!
2025-05-15 14:03:44,374 - INFO - Starting submission process...
2025-05-15 14:03:44,558 - INFO - All required fields are filled.
2025-05-15 14:03:44,593 - INFO - Found submit button using selector: button._primary_8wvgw_96
2025-05-15 14:03:45,929 - INFO - Clicked submit button normally
2025-05-15 14:03:47,975 - INFO - Page changed after click - assuming submission started
2025-05-15 14:04:08,022 - WARNING - Error during submission verification: Message: 

2025-05-15 14:04:08,038 - INFO - URL suggests we left application page - assuming success
2025-05-15 14:04:08,038 - INFO - Application submitted successfully!
2025-05-15 14:04:08,038 - INFO - Log directory ensured: C:\Users\hr\OneDrive\Desktop\merge\all_job_app\logs
2025-05-15 14:04:08,039 - INFO - Log entry written to logs/ashby_log_2025-05-15.csv
2025-05-15 14:04:08,039 - INFO - Processing job: https://jobs.ashbyhq.com/anyscale/f59089a5-7b7d-4639-a839-ec12ed53f1e5
2025-05-15 14:04:09,291 - INFO - Opened job page: https://jobs.ashbyhq.com/anyscale/f59089a5-7b7d-4639-a839-ec12ed53f1e5
2025-05-15 14:04:12,408 - INFO - Apply button clicked successfully!
2025-05-15 14:04:17,421 - INFO - Attempting to upload resume from: C:\Users\hr\OneDrive\Desktop\merge\all_job_app\resume/narsimlu.pdf
2025-05-15 14:04:18,023 - INFO - Resume file sent to input element
2025-05-15 14:04:33,261 - WARNING - No explicit upload confirmation detected: Message: 

2025-05-15 14:04:33,262 - INFO - Filling out the application form...
2025-05-15 14:04:33,370 - INFO - Filled field name with value Narasimulu Alli
2025-05-15 14:04:33,503 - INFO - Filled field email with value narasi.mymail@gmail.com
2025-05-15 14:04:33,593 - INFO - Filled field phone with value 469-514-1494
2025-05-15 14:04:33,593 - WARNING - No value provided for mandatory field: address
2025-05-15 14:04:44,079 - WARNING - Error filling field location with selector input[role='combobox']: Message: 
Stacktrace:
	GetHandleVerifier [0x0106FC83+61635]
	GetHandleVerifier [0x0106FCC4+61700]
	(No symbol) [0x00E905D3]
	(No symbol) [0x00ED899E]
	(No symbol) [0x00ED8D3B]
	(No symbol) [0x00F20E12]
	(No symbol) [0x00EFD2E4]
	(No symbol) [0x00F1E61B]
	(No symbol) [0x00EFD096]
	(No symbol) [0x00ECC840]
	(No symbol) [0x00ECD6A4]
	GetHandleVerifier [0x012F45A3+2701795]
	GetHandleVerifier [0x012EFD26+2683238]
	GetHandleVerifier [0x0130AA6E+2793134]
	GetHandleVerifier [0x01086945+155013]
	GetHandleVerifier [0x0108D02D+181357]
	GetHandleVerifier [0x010774D8+92440]
	GetHandleVerifier [0x01077680+92864]
	GetHandleVerifier [0x01062070+5296]
	BaseThreadInitThunk [0x759AFCC9+25]
	RtlGetAppContainerNamedObjectPath [0x771B82AE+286]
	RtlGetAppContainerNamedObjectPath [0x771B827E+238]

2025-05-15 14:04:54,601 - WARNING - Error filling field location with selector input[placeholder*='Start typing']: Message: 
Stacktrace:
	GetHandleVerifier [0x0106FC83+61635]
	GetHandleVerifier [0x0106FCC4+61700]
	(No symbol) [0x00E905D3]
	(No symbol) [0x00ED899E]
	(No symbol) [0x00ED8D3B]
	(No symbol) [0x00F20E12]
	(No symbol) [0x00EFD2E4]
	(No symbol) [0x00F1E61B]
	(No symbol) [0x00EFD096]
	(No symbol) [0x00ECC840]
	(No symbol) [0x00ECD6A4]
	GetHandleVerifier [0x012F45A3+2701795]
	GetHandleVerifier [0x012EFD26+2683238]
	GetHandleVerifier [0x0130AA6E+2793134]
	GetHandleVerifier [0x01086945+155013]
	GetHandleVerifier [0x0108D02D+181357]
	GetHandleVerifier [0x010774D8+92440]
	GetHandleVerifier [0x01077680+92864]
	GetHandleVerifier [0x01062070+5296]
	BaseThreadInitThunk [0x759AFCC9+25]
	RtlGetAppContainerNamedObjectPath [0x771B82AE+286]
	RtlGetAppContainerNamedObjectPath [0x771B827E+238]

2025-05-15 14:04:54,750 - INFO - Filled LinkedIn field
2025-05-15 14:04:54,750 - INFO - Filling out the Q&A section...
2025-05-15 14:04:56,109 - INFO - Form Q&A questions found: ['Current company', 'Additional information', 'Twitter', 'GitHub', 'Portfolio', 'Other']
2025-05-15 14:04:56,110 - INFO - Processing question: 'where did you hear about biorender?'
2025-05-15 14:04:56,111 - WARNING - No match found for question: 'where did you hear about biorender?' (best score: 0)
2025-05-15 14:04:56,111 - INFO - Processing question: 'do you have programming experience or are you in a cs degree?'
2025-05-15 14:04:56,111 - WARNING - No match found for question: 'do you have programming experience or are you in a cs degree?' (best score: 0)
2025-05-15 14:04:56,111 - INFO - Processing question: 'are you legally authorized to work in the u.s. without restriction for any employer?'
2025-05-15 14:04:56,113 - WARNING - No match found for question: 'are you legally authorized to work in the u.s. without restriction for any employer?' (best score: 0)
2025-05-15 14:04:56,113 - INFO - Processing question: 'are you legally authorized to work in canada or the united states?'
2025-05-15 14:04:56,114 - WARNING - No match found for question: 'are you legally authorized to work in canada or the united states?' (best score: 0)
2025-05-15 14:04:56,114 - INFO - Processing question: 'how many years of experience do you have as a machine learning engineer?'
2025-05-15 14:04:56,115 - WARNING - No match found for question: 'how many years of experience do you have as a machine learning engineer?' (best score: 0)
2025-05-15 14:04:56,115 - INFO - Processing question: 'are you legally authorized to work in the united states?'
2025-05-15 14:04:56,116 - WARNING - No match found for question: 'are you legally authorized to work in the united states?' (best score: 0)
2025-05-15 14:04:56,117 - INFO - Processing question: 'what are your salary expectations?'
2025-05-15 14:04:56,117 - WARNING - No match found for question: 'what are your salary expectations?' (best score: 0)
2025-05-15 14:04:56,117 - INFO - Processing question: 'have you previously worked for hims & hers as an employee or contractor/consultant?'
2025-05-15 14:04:56,117 - WARNING - No match found for question: 'have you previously worked for hims & hers as an employee or contractor/consultant?' (best score: 0)
2025-05-15 14:04:56,117 - INFO - Processing question: 'are you legally authorized to work in canada?'
2025-05-15 14:04:56,118 - WARNING - No match found for question: 'are you legally authorized to work in canada?' (best score: 0)
2025-05-15 14:04:56,118 - INFO - Processing question: 'how did you hear about us?'
2025-05-15 14:04:56,119 - WARNING - No match found for question: 'how did you hear about us?' (best score: 0)
2025-05-15 14:04:56,119 - INFO - Processing question: 'are you a veteran/have you served in the military?'
2025-05-15 14:04:56,120 - WARNING - No match found for question: 'are you a veteran/have you served in the military?' (best score: 0)
2025-05-15 14:04:56,120 - INFO - Processing question: 'do you identify as having a disability?.no'
2025-05-15 14:04:56,121 - WARNING - No match found for question: 'do you identify as having a disability?.no' (best score: 0)
2025-05-15 14:04:56,121 - INFO - Processing question: 'will you now or in the future require immigration sponsorship by hims & hers in order to work for hims & hers in the u.s.?'
2025-05-15 14:04:56,122 - WARNING - No match found for question: 'will you now or in the future require immigration sponsorship by hims & hers in order to work for hims & hers in the u.s.?' (best score: 0)
2025-05-15 14:04:56,122 - INFO - Processing question: 'have you worked as a software engineer prior to moving into ml?'
2025-05-15 14:04:56,123 - WARNING - No match found for question: 'have you worked as a software engineer prior to moving into ml?' (best score: 0)
2025-05-15 14:04:56,123 - INFO - Processing question: 'which languages and dialects do you speak fluently?'
2025-05-15 14:04:56,124 - WARNING - No match found for question: 'which languages and dialects do you speak fluently?' (best score: 0)
2025-05-15 14:04:56,124 - INFO - Processing question: 'are you open to tier 2 (medium complexity) rlhf projects at listed rate for your location?'
2025-05-15 14:04:56,124 - WARNING - No match found for question: 'are you open to tier 2 (medium complexity) rlhf projects at listed rate for your location?' (best score: 0)
2025-05-15 14:04:56,126 - INFO - Processing question: 'do you have any familial relationships with current virta employees?'
2025-05-15 14:04:56,126 - WARNING - No match found for question: 'do you have any familial relationships with current virta employees?' (best score: 0)
2025-05-15 14:04:56,126 - INFO - Processing question: 'are you 18 or older and legally eligible to work in the country of the job you are applying for?'
2025-05-15 14:04:56,126 - WARNING - No match found for question: 'are you 18 or older and legally eligible to work in the country of the job you are applying for?' (best score: 0)
2025-05-15 14:04:56,127 - INFO - Processing question: 'will you now or in the future require sponsorship for employment?'
2025-05-15 14:04:56,127 - WARNING - No match found for question: 'will you now or in the future require sponsorship for employment?' (best score: 0)
2025-05-15 14:04:56,128 - INFO - Processing question: 'how many years of experience do you have in mle?'
2025-05-15 14:04:56,128 - WARNING - No match found for question: 'how many years of experience do you have in mle?' (best score: 0)
2025-05-15 14:04:56,128 - INFO - Processing question: 'are you legally authorized to work in the country?'
2025-05-15 14:04:56,129 - WARNING - No match found for question: 'are you legally authorized to work in the country?' (best score: 0)
2025-05-15 14:04:56,129 - INFO - Processing question: 'what is your expected salary?'
2025-05-15 14:04:56,130 - WARNING - No match found for question: 'what is your expected salary?' (best score: 0)
2025-05-15 14:04:56,130 - INFO - Processing question: 'are you legally eligible to work in the us?'
2025-05-15 14:04:56,131 - WARNING - No match found for question: 'are you legally eligible to work in the us?' (best score: 0)
2025-05-15 14:04:56,131 - INFO - Processing question: 'are you willing & able to come into our downtown san francisco office on a hybrid basis? (3 days /week)?'
2025-05-15 14:04:56,132 - WARNING - No match found for question: 'are you willing & able to come into our downtown san francisco office on a hybrid basis? (3 days /week)?' (best score: 0)
2025-05-15 14:04:56,132 - INFO - Processing question: 'can you work onsite in palo alto?'
2025-05-15 14:04:56,133 - WARNING - No match found for question: 'can you work onsite in palo alto?' (best score: 0)
2025-05-15 14:04:56,133 - INFO - Processing question: 'our offices are located in san francisco ca and new york city. please indicate which location you are interested in?'
2025-05-15 14:04:56,135 - WARNING - No match found for question: 'our offices are located in san francisco ca and new york city. please indicate which location you are interested in?' (best score: 0)
2025-05-15 14:04:56,135 - INFO - Processing question: 'will you now or will you in the future require employment visa sponsorship to work in the country in which the job you're applying for is located?'
2025-05-15 14:04:56,136 - WARNING - No match found for question: 'will you now or will you in the future require employment visa sponsorship to work in the country in which the job you're applying for is located?' (best score: 0)
2025-05-15 14:04:56,136 - INFO - Processing question: 'do you have authorization to work in the united states?'
2025-05-15 14:04:56,137 - WARNING - No match found for question: 'do you have authorization to work in the united states?' (best score: 0)
2025-05-15 14:04:56,137 - INFO - Processing question: 'will you now or in the future require sponsorship for employment visa status?'
2025-05-15 14:04:56,138 - WARNING - No match found for question: 'will you now or in the future require sponsorship for employment visa status?' (best score: 0)
2025-05-15 14:04:56,138 - INFO - Processing question: 'are you available to work in person at the promise office  location listed in the job description at least three times per week?'
2025-05-15 14:04:56,138 - WARNING - No match found for question: 'are you available to work in person at the promise office  location listed in the job description at least three times per week?' (best score: 0)
2025-05-15 14:04:56,139 - INFO - Processing question: 'are you 18 or older?'
2025-05-15 14:04:56,139 - WARNING - No match found for question: 'are you 18 or older?' (best score: 0)
2025-05-15 14:04:56,140 - INFO - Processing question: 'are you comfortable working with javascript?'
2025-05-15 14:04:56,140 - WARNING - No match found for question: 'are you comfortable working with javascript?' (best score: 0)
2025-05-15 14:04:56,141 - INFO - Processing question: 'would you willing to relocate to/be in office in san francisco?'
2025-05-15 14:04:56,141 - WARNING - No match found for question: 'would you willing to relocate to/be in office in san francisco?' (best score: 0)
2025-05-15 14:04:56,141 - INFO - Processing question: 'what annual salary are you looking for in $usd?'
2025-05-15 14:04:56,142 - WARNING - No match found for question: 'what annual salary are you looking for in $usd?' (best score: 0)
2025-05-15 14:04:56,142 - INFO - Processing question: 'are you looking for full-time or part-time work?'
2025-05-15 14:04:56,143 - WARNING - No match found for question: 'are you looking for full-time or part-time work?' (best score: 0)
2025-05-15 14:04:56,143 - INFO - Processing question: 'how would you best describe your ideal work environment?'
2025-05-15 14:04:56,144 - WARNING - No match found for question: 'how would you best describe your ideal work environment?' (best score: 0)
2025-05-15 14:04:56,144 - INFO - Processing question: 'how do you handle deadlines and pressure?'
2025-05-15 14:04:56,144 - WARNING - No match found for question: 'how do you handle deadlines and pressure?' (best score: 0)
2025-05-15 14:04:56,145 - INFO - Processing question: 'how do you handle situations where you have too many tasks to complete on your own?'
2025-05-15 14:04:56,146 - WARNING - No match found for question: 'how do you handle situations where you have too many tasks to complete on your own?' (best score: 0)
2025-05-15 14:04:56,146 - INFO - Processing question: 'how much are you willing to work when things are urgent?'
2025-05-15 14:04:56,147 - WARNING - No match found for question: 'how much are you willing to work when things are urgent?' (best score: 0)
2025-05-15 14:04:56,147 - INFO - Processing question: 'are you comfortable working with python?'
2025-05-15 14:04:56,147 - WARNING - No match found for question: 'are you comfortable working with python?' (best score: 0)
2025-05-15 14:04:56,147 - INFO - Processing question: 'do you currently have legal authorization to work in the country where the position is based?'
2025-05-15 14:04:56,147 - WARNING - No match found for question: 'do you currently have legal authorization to work in the country where the position is based?' (best score: 0)
2025-05-15 14:04:56,147 - INFO - Processing question: 'are you excited to work in-office five days a week?'
2025-05-15 14:04:56,149 - WARNING - No match found for question: 'are you excited to work in-office five days a week?' (best score: 0)
2025-05-15 14:04:56,149 - INFO - Q&A section filled successfully!
2025-05-15 14:04:56,150 - INFO - Form filled successfully!
2025-05-15 14:04:57,152 - INFO - Starting submission process...
2025-05-15 14:04:57,390 - INFO - Required radio group not answered: We require Anyscalers to be in-person at either our SF or Palo Alto office on Mondays, Tuesdays, and Thursdays. Which is your preferred location?
2025-05-15 14:04:57,455 - INFO - Required radio group not answered: Would you require visa sponsorship to work in the country in which this position is based?
2025-05-15 14:04:57,519 - INFO - Waiting for 2 required fields to be filled: ['We require Anyscalers to be in-person at either our SF or Palo Alto office on Mondays, Tuesdays, and Thursdays. Which is your preferred location?', 'Would you require visa sponsorship to work in the country in which this position is based?']
2025-05-15 14:04:59,736 - INFO - Required radio group not answered: We require Anyscalers to be in-person at either our SF or Palo Alto office on Mondays, Tuesdays, and Thursdays. Which is your preferred location?
2025-05-15 14:04:59,778 - INFO - Required radio group not answered: Would you require visa sponsorship to work in the country in which this position is based?
2025-05-15 14:04:59,825 - INFO - Waiting for 2 required fields to be filled: ['We require Anyscalers to be in-person at either our SF or Palo Alto office on Mondays, Tuesdays, and Thursdays. Which is your preferred location?', 'Would you require visa sponsorship to work in the country in which this position is based?']
2025-05-15 14:05:02,151 - INFO - Required radio group not answered: We require Anyscalers to be in-person at either our SF or Palo Alto office on Mondays, Tuesdays, and Thursdays. Which is your preferred location?
2025-05-15 14:05:02,174 - INFO - Required radio group not answered: Would you require visa sponsorship to work in the country in which this position is based?
2025-05-15 14:05:02,249 - INFO - Waiting for 2 required fields to be filled: ['We require Anyscalers to be in-person at either our SF or Palo Alto office on Mondays, Tuesdays, and Thursdays. Which is your preferred location?', 'Would you require visa sponsorship to work in the country in which this position is based?']
2025-05-15 14:05:04,949 - INFO - Required radio group not answered: We require Anyscalers to be in-person at either our SF or Palo Alto office on Mondays, Tuesdays, and Thursdays. Which is your preferred location?
2025-05-15 14:05:04,984 - INFO - Required radio group not answered: Would you require visa sponsorship to work in the country in which this position is based?
2025-05-15 14:05:05,052 - INFO - Waiting for 2 required fields to be filled: ['We require Anyscalers to be in-person at either our SF or Palo Alto office on Mondays, Tuesdays, and Thursdays. Which is your preferred location?', 'Would you require visa sponsorship to work in the country in which this position is based?']
2025-05-15 14:05:07,240 - INFO - Required radio group not answered: We require Anyscalers to be in-person at either our SF or Palo Alto office on Mondays, Tuesdays, and Thursdays. Which is your preferred location?
2025-05-15 14:05:07,266 - INFO - Required radio group not answered: Would you require visa sponsorship to work in the country in which this position is based?
2025-05-15 14:05:07,337 - INFO - Waiting for 2 required fields to be filled: ['We require Anyscalers to be in-person at either our SF or Palo Alto office on Mondays, Tuesdays, and Thursdays. Which is your preferred location?', 'Would you require visa sponsorship to work in the country in which this position is based?']
2025-05-15 14:05:09,558 - INFO - Required radio group not answered: We require Anyscalers to be in-person at either our SF or Palo Alto office on Mondays, Tuesdays, and Thursdays. Which is your preferred location?
2025-05-15 14:05:09,600 - INFO - Required radio group not answered: Would you require visa sponsorship to work in the country in which this position is based?
2025-05-15 14:05:09,663 - INFO - Waiting for 2 required fields to be filled: ['We require Anyscalers to be in-person at either our SF or Palo Alto office on Mondays, Tuesdays, and Thursdays. Which is your preferred location?', 'Would you require visa sponsorship to work in the country in which this position is based?']
2025-05-15 14:05:11,881 - INFO - Required radio group not answered: We require Anyscalers to be in-person at either our SF or Palo Alto office on Mondays, Tuesdays, and Thursdays. Which is your preferred location?
2025-05-15 14:05:11,918 - INFO - Required radio group not answered: Would you require visa sponsorship to work in the country in which this position is based?
2025-05-15 14:05:11,993 - INFO - Waiting for 2 required fields to be filled: ['We require Anyscalers to be in-person at either our SF or Palo Alto office on Mondays, Tuesdays, and Thursdays. Which is your preferred location?', 'Would you require visa sponsorship to work in the country in which this position is based?']
2025-05-15 14:05:14,235 - INFO - Required radio group not answered: We require Anyscalers to be in-person at either our SF or Palo Alto office on Mondays, Tuesdays, and Thursdays. Which is your preferred location?
2025-05-15 14:05:14,282 - INFO - Required radio group not answered: Would you require visa sponsorship to work in the country in which this position is based?
2025-05-15 14:05:14,347 - INFO - Waiting for 2 required fields to be filled: ['We require Anyscalers to be in-person at either our SF or Palo Alto office on Mondays, Tuesdays, and Thursdays. Which is your preferred location?', 'Would you require visa sponsorship to work in the country in which this position is based?']
2025-05-15 14:05:16,592 - INFO - Required radio group not answered: We require Anyscalers to be in-person at either our SF or Palo Alto office on Mondays, Tuesdays, and Thursdays. Which is your preferred location?
2025-05-15 14:05:16,630 - INFO - Required radio group not answered: Would you require visa sponsorship to work in the country in which this position is based?
2025-05-15 14:05:16,693 - INFO - Waiting for 2 required fields to be filled: ['We require Anyscalers to be in-person at either our SF or Palo Alto office on Mondays, Tuesdays, and Thursdays. Which is your preferred location?', 'Would you require visa sponsorship to work in the country in which this position is based?']
2025-05-15 14:05:18,913 - INFO - Required radio group not answered: We require Anyscalers to be in-person at either our SF or Palo Alto office on Mondays, Tuesdays, and Thursdays. Which is your preferred location?
2025-05-15 14:05:18,948 - INFO - Required radio group not answered: Would you require visa sponsorship to work in the country in which this position is based?
2025-05-15 14:05:19,009 - INFO - Waiting for 2 required fields to be filled: ['We require Anyscalers to be in-person at either our SF or Palo Alto office on Mondays, Tuesdays, and Thursdays. Which is your preferred location?', 'Would you require visa sponsorship to work in the country in which this position is based?']
2025-05-15 14:05:21,198 - INFO - Required radio group not answered: We require Anyscalers to be in-person at either our SF or Palo Alto office on Mondays, Tuesdays, and Thursdays. Which is your preferred location?
2025-05-15 14:05:21,232 - INFO - Required radio group not answered: Would you require visa sponsorship to work in the country in which this position is based?
2025-05-15 14:05:21,282 - INFO - Waiting for 2 required fields to be filled: ['We require Anyscalers to be in-person at either our SF or Palo Alto office on Mondays, Tuesdays, and Thursdays. Which is your preferred location?', 'Would you require visa sponsorship to work in the country in which this position is based?']
2025-05-15 14:05:23,537 - INFO - Required radio group not answered: Would you require visa sponsorship to work in the country in which this position is based?
2025-05-15 14:05:23,565 - INFO - Waiting for 1 required fields to be filled: ['Would you require visa sponsorship to work in the country in which this position is based?']
2025-05-15 14:05:25,762 - INFO - Required radio group not answered: Would you require visa sponsorship to work in the country in which this position is based?
2025-05-15 14:05:25,794 - INFO - Waiting for 1 required fields to be filled: ['Would you require visa sponsorship to work in the country in which this position is based?']
2025-05-15 14:05:28,050 - INFO - Required radio group not answered: Would you require visa sponsorship to work in the country in which this position is based?
2025-05-15 14:05:28,081 - INFO - Waiting for 1 required fields to be filled: ['Would you require visa sponsorship to work in the country in which this position is based?']
2025-05-15 14:05:30,279 - INFO - Required radio group not answered: Would you require visa sponsorship to work in the country in which this position is based?
2025-05-15 14:05:30,312 - INFO - Waiting for 1 required fields to be filled: ['Would you require visa sponsorship to work in the country in which this position is based?']
2025-05-15 14:05:32,568 - INFO - Required radio group not answered: Would you require visa sponsorship to work in the country in which this position is based?
2025-05-15 14:05:32,598 - INFO - Waiting for 1 required fields to be filled: ['Would you require visa sponsorship to work in the country in which this position is based?']
2025-05-15 14:05:34,823 - INFO - Required radio group not answered: Would you require visa sponsorship to work in the country in which this position is based?
2025-05-15 14:05:34,846 - INFO - Waiting for 1 required fields to be filled: ['Would you require visa sponsorship to work in the country in which this position is based?']
2025-05-15 14:05:37,112 - INFO - Required radio group not answered: Would you require visa sponsorship to work in the country in which this position is based?
2025-05-15 14:05:37,141 - INFO - Waiting for 1 required fields to be filled: ['Would you require visa sponsorship to work in the country in which this position is based?']
2025-05-15 14:05:39,353 - INFO - All required fields are filled.
2025-05-15 14:05:39,399 - INFO - Found submit button using selector: button._primary_8wvgw_96
2025-05-15 14:05:41,181 - INFO - Clicked submit button normally
2025-05-15 14:05:44,091 - INFO - Page changed after click - assuming submission started
2025-05-15 14:06:04,628 - WARNING - Error during submission verification: Message: 

2025-05-15 14:06:04,628 - INFO - URL suggests we left application page - assuming success
2025-05-15 14:06:04,628 - INFO - Application submitted successfully!
2025-05-15 14:06:04,628 - INFO - Log directory ensured: C:\Users\hr\OneDrive\Desktop\merge\all_job_app\logs
2025-05-15 14:06:04,641 - INFO - Log entry written to logs/ashby_log_2025-05-15.csv
2025-05-15 14:06:04,908 - INFO - Job application process completed!
2025-05-15 14:06:31,307 - INFO - Selected profile: sindhuri.yaml
2025-05-15 14:06:31,328 - INFO - Detected Chrome version: 136.0.7103.93
2025-05-15 14:06:31,328 - INFO - ====== WebDriver manager ======
2025-05-15 14:06:32,222 - INFO - Get LATEST chromedriver version for google-chrome
2025-05-15 14:06:32,245 - INFO - Get LATEST chromedriver version for google-chrome
2025-05-15 14:06:32,263 - INFO - Driver [C:\Users\hr\.wdm\drivers\chromedriver\win64\136.0.7103.94\chromedriver-win32/chromedriver.exe] found in cache
2025-05-15 14:06:33,039 - INFO - patching driver executable C:\Users\hr\appdata\roaming\undetected_chromedriver\undetected_chromedriver.exe
2025-05-15 14:06:33,860 - INFO - Processing job: https://jobs.ashbyhq.com/virtahealth/f82a953a-9c11-413e-8dcc-6f92432eee91
2025-05-15 14:06:35,457 - INFO - Opened job page: https://jobs.ashbyhq.com/virtahealth/f82a953a-9c11-413e-8dcc-6f92432eee91
2025-05-15 14:06:38,764 - INFO - Apply button clicked successfully!
2025-05-15 14:06:43,766 - INFO - Attempting to upload resume from: C:\Users\hr\OneDrive\Desktop\merge\all_job_app\resume/sindhuri.pdf
2025-05-15 14:06:44,325 - INFO - Resume file sent to input element
2025-05-15 14:06:59,834 - WARNING - No explicit upload confirmation detected: Message: 

2025-05-15 14:06:59,834 - INFO - Filling out the application form...
2025-05-15 14:06:59,971 - INFO - Filled field name with value Sindhuri Siddireddy
2025-05-15 14:07:00,096 - INFO - Filled field email with value sindhuri.siddireddy@gmail.com
2025-05-15 14:07:00,198 - INFO - Filled field phone with value 203-824-1798
2025-05-15 14:07:00,198 - WARNING - No value provided for mandatory field: address
2025-05-15 14:07:00,343 - INFO - Filled field location with value Pleasanton, California, United State 
2025-05-15 14:07:10,731 - WARNING - Error selecting location suggestion: Message: 

2025-05-15 14:07:10,808 - INFO - Selected location using keyboard navigation
2025-05-15 14:07:10,952 - INFO - Filled LinkedIn field
2025-05-15 14:07:10,952 - INFO - Filling out the Q&A section...
2025-05-15 14:07:11,895 - INFO - Form Q&A questions found: ['Cover Letter']
2025-05-15 14:07:11,895 - INFO - Processing question: 'where did you hear about biorender?'
2025-05-15 14:07:11,895 - WARNING - No match found for question: 'where did you hear about biorender?' (best score: 0)
2025-05-15 14:07:11,896 - INFO - Processing question: 'do you have programming experience or are you in a cs degree?'
2025-05-15 14:07:11,896 - WARNING - No match found for question: 'do you have programming experience or are you in a cs degree?' (best score: 0)
2025-05-15 14:07:11,897 - INFO - Processing question: 'are you legally authorized to work in the u.s. without restriction for any employer?'
2025-05-15 14:07:11,898 - WARNING - No match found for question: 'are you legally authorized to work in the u.s. without restriction for any employer?' (best score: 0)
2025-05-15 14:07:11,898 - INFO - Processing question: 'are you legally authorized to work in canada or the united states?'
2025-05-15 14:07:11,899 - WARNING - No match found for question: 'are you legally authorized to work in canada or the united states?' (best score: 0)
2025-05-15 14:07:11,899 - INFO - Processing question: 'how many years of experience do you have as a machine learning engineer?'
2025-05-15 14:07:11,899 - WARNING - No match found for question: 'how many years of experience do you have as a machine learning engineer?' (best score: 0)
2025-05-15 14:07:11,900 - INFO - Processing question: 'are you legally authorized to work in the united states?'
2025-05-15 14:07:11,900 - WARNING - No match found for question: 'are you legally authorized to work in the united states?' (best score: 0)
2025-05-15 14:07:11,900 - INFO - Processing question: 'what are your salary expectations?'
2025-05-15 14:07:11,901 - WARNING - No match found for question: 'what are your salary expectations?' (best score: 0)
2025-05-15 14:07:11,901 - INFO - Processing question: 'have you previously worked for hims & hers as an employee or contractor/consultant?'
2025-05-15 14:07:11,901 - WARNING - No match found for question: 'have you previously worked for hims & hers as an employee or contractor/consultant?' (best score: 0)
2025-05-15 14:07:11,902 - INFO - Processing question: 'are you legally authorized to work in canada?'
2025-05-15 14:07:11,902 - WARNING - No match found for question: 'are you legally authorized to work in canada?' (best score: 0)
2025-05-15 14:07:11,902 - INFO - Processing question: 'how did you hear about us?'
2025-05-15 14:07:11,903 - WARNING - No match found for question: 'how did you hear about us?' (best score: 0)
2025-05-15 14:07:11,903 - INFO - Processing question: 'are you a veteran/have you served in the military?'
2025-05-15 14:07:11,903 - WARNING - No match found for question: 'are you a veteran/have you served in the military?' (best score: 0)
2025-05-15 14:07:11,904 - INFO - Processing question: 'do you identify as having a disability?.no'
2025-05-15 14:07:11,904 - WARNING - No match found for question: 'do you identify as having a disability?.no' (best score: 0)
2025-05-15 14:07:11,904 - INFO - Processing question: 'will you now or in the future require immigration sponsorship by hims & hers in order to work for hims & hers in the u.s.?'
2025-05-15 14:07:11,905 - WARNING - No match found for question: 'will you now or in the future require immigration sponsorship by hims & hers in order to work for hims & hers in the u.s.?' (best score: 0)
2025-05-15 14:07:11,905 - INFO - Processing question: 'have you worked as a software engineer prior to moving into ml?'
2025-05-15 14:07:11,905 - WARNING - No match found for question: 'have you worked as a software engineer prior to moving into ml?' (best score: 0)
2025-05-15 14:07:11,906 - INFO - Processing question: 'which languages and dialects do you speak fluently?'
2025-05-15 14:07:11,906 - WARNING - No match found for question: 'which languages and dialects do you speak fluently?' (best score: 0)
2025-05-15 14:07:11,906 - INFO - Processing question: 'are you open to tier 2 (medium complexity) rlhf projects at listed rate for your location?'
2025-05-15 14:07:11,907 - WARNING - No match found for question: 'are you open to tier 2 (medium complexity) rlhf projects at listed rate for your location?' (best score: 0)
2025-05-15 14:07:11,907 - INFO - Processing question: 'do you have any familial relationships with current virta employees?'
2025-05-15 14:07:11,907 - WARNING - No match found for question: 'do you have any familial relationships with current virta employees?' (best score: 0)
2025-05-15 14:07:11,908 - INFO - Processing question: 'are you 18 or older and legally eligible to work in the country of the job you are applying for?'
2025-05-15 14:07:11,908 - WARNING - No match found for question: 'are you 18 or older and legally eligible to work in the country of the job you are applying for?' (best score: 0)
2025-05-15 14:07:11,908 - INFO - Processing question: 'will you now or in the future require sponsorship for employment?'
2025-05-15 14:07:11,909 - WARNING - No match found for question: 'will you now or in the future require sponsorship for employment?' (best score: 0)
2025-05-15 14:07:11,909 - INFO - Processing question: 'how many years of experience do you have in mle?'
2025-05-15 14:07:11,909 - WARNING - No match found for question: 'how many years of experience do you have in mle?' (best score: 0)
2025-05-15 14:07:11,910 - INFO - Processing question: 'are you legally authorized to work in the country?'
2025-05-15 14:07:11,910 - WARNING - No match found for question: 'are you legally authorized to work in the country?' (best score: 0)
2025-05-15 14:07:11,910 - INFO - Processing question: 'what is your expected salary?'
2025-05-15 14:07:11,911 - WARNING - No match found for question: 'what is your expected salary?' (best score: 0)
2025-05-15 14:07:11,911 - INFO - Processing question: 'are you legally eligible to work in the us?'
2025-05-15 14:07:11,911 - WARNING - No match found for question: 'are you legally eligible to work in the us?' (best score: 0)
2025-05-15 14:07:11,912 - INFO - Processing question: 'are you willing & able to come into our downtown san francisco office on a hybrid basis? (3 days /week)?'
2025-05-15 14:07:11,912 - WARNING - No match found for question: 'are you willing & able to come into our downtown san francisco office on a hybrid basis? (3 days /week)?' (best score: 0)
2025-05-15 14:07:11,912 - INFO - Processing question: 'can you work onsite in palo alto?'
2025-05-15 14:07:11,913 - WARNING - No match found for question: 'can you work onsite in palo alto?' (best score: 0)
2025-05-15 14:07:11,913 - INFO - Processing question: 'our offices are located in san francisco ca and new york city. please indicate which location you are interested in?'
2025-05-15 14:07:11,913 - WARNING - No match found for question: 'our offices are located in san francisco ca and new york city. please indicate which location you are interested in?' (best score: 0)
2025-05-15 14:07:11,914 - INFO - Processing question: 'will you now or will you in the future require employment visa sponsorship to work in the country in which the job you're applying for is located?'
2025-05-15 14:07:11,914 - WARNING - No match found for question: 'will you now or will you in the future require employment visa sponsorship to work in the country in which the job you're applying for is located?' (best score: 0)
2025-05-15 14:07:11,914 - INFO - Processing question: 'do you have authorization to work in the united states?'
2025-05-15 14:07:11,915 - WARNING - No match found for question: 'do you have authorization to work in the united states?' (best score: 0)
2025-05-15 14:07:11,915 - INFO - Processing question: 'will you now or in the future require sponsorship for employment visa status?'
2025-05-15 14:07:11,915 - WARNING - No match found for question: 'will you now or in the future require sponsorship for employment visa status?' (best score: 0)
2025-05-15 14:07:11,916 - INFO - Processing question: 'are you available to work in person at the promise office  location listed in the job description at least three times per week?'
2025-05-15 14:07:11,917 - WARNING - No match found for question: 'are you available to work in person at the promise office  location listed in the job description at least three times per week?' (best score: 0)
2025-05-15 14:07:11,917 - INFO - Processing question: 'are you 18 or older?'
2025-05-15 14:07:11,918 - WARNING - No match found for question: 'are you 18 or older?' (best score: 0)
2025-05-15 14:07:11,918 - INFO - Processing question: 'are you comfortable working with javascript?'
2025-05-15 14:07:11,919 - WARNING - No match found for question: 'are you comfortable working with javascript?' (best score: 0)
2025-05-15 14:07:11,919 - INFO - Processing question: 'would you willing to relocate to/be in office in san francisco?'
2025-05-15 14:07:11,919 - WARNING - No match found for question: 'would you willing to relocate to/be in office in san francisco?' (best score: 0)
2025-05-15 14:07:11,919 - INFO - Processing question: 'what annual salary are you looking for in $usd?'
2025-05-15 14:07:11,919 - WARNING - No match found for question: 'what annual salary are you looking for in $usd?' (best score: 0)
2025-05-15 14:07:11,919 - INFO - Processing question: 'are you looking for full-time or part-time work?'
2025-05-15 14:07:11,919 - WARNING - No match found for question: 'are you looking for full-time or part-time work?' (best score: 0)
2025-05-15 14:07:11,921 - INFO - Processing question: 'how would you best describe your ideal work environment?'
2025-05-15 14:07:11,921 - WARNING - No match found for question: 'how would you best describe your ideal work environment?' (best score: 0)
2025-05-15 14:07:11,921 - INFO - Processing question: 'how do you handle deadlines and pressure?'
2025-05-15 14:07:11,921 - WARNING - No match found for question: 'how do you handle deadlines and pressure?' (best score: 0)
2025-05-15 14:07:11,922 - INFO - Processing question: 'how do you handle situations where you have too many tasks to complete on your own?'
2025-05-15 14:07:11,922 - WARNING - No match found for question: 'how do you handle situations where you have too many tasks to complete on your own?' (best score: 0)
2025-05-15 14:07:11,922 - INFO - Processing question: 'how much are you willing to work when things are urgent?'
2025-05-15 14:07:11,923 - WARNING - No match found for question: 'how much are you willing to work when things are urgent?' (best score: 0)
2025-05-15 14:07:11,923 - INFO - Processing question: 'are you comfortable working with python?'
2025-05-15 14:07:11,923 - WARNING - No match found for question: 'are you comfortable working with python?' (best score: 0)
2025-05-15 14:07:11,924 - INFO - Processing question: 'do you currently have legal authorization to work in the country where the position is based?'
2025-05-15 14:07:11,924 - WARNING - No match found for question: 'do you currently have legal authorization to work in the country where the position is based?' (best score: 0)
2025-05-15 14:07:11,924 - INFO - Processing question: 'are you excited to work in-office five days a week?'
2025-05-15 14:07:11,924 - WARNING - No match found for question: 'are you excited to work in-office five days a week?' (best score: 0)
2025-05-15 14:07:11,925 - INFO - Q&A section filled successfully!
2025-05-15 14:07:11,925 - INFO - Form filled successfully!
2025-05-15 14:07:12,930 - INFO - Starting submission process...
2025-05-15 14:07:13,033 - INFO - Required field not filled: 01bee1ba-3fbd-4291-8525-67cbc4f829cf
2025-05-15 14:07:13,269 - INFO - Required radio group not answered: Are you legally authorized to work in the United States?
2025-05-15 14:07:13,301 - INFO - Required radio group not answered: Will you now or in the future require sponsorship for employment visa status (e.g., H-1B visa status) to legally work in the United States?
2025-05-15 14:07:13,357 - INFO - Required radio group not answered: Do you have any familial relationships with current Virta employees?
2025-05-15 14:07:13,506 - INFO - Waiting for 4 required fields to be filled: ['01bee1ba-3fbd-4291-8525-67cbc4f829cf', 'Are you legally authorized to work in the United States?', 'Will you now or in the future require sponsorship for employment visa status (e.g., H-1B visa status) to legally work in the United States?', 'Do you have any familial relationships with current Virta employees?']
2025-05-15 14:07:15,630 - INFO - Required field not filled: 01bee1ba-3fbd-4291-8525-67cbc4f829cf
2025-05-15 14:07:15,790 - INFO - Required radio group not answered: Are you legally authorized to work in the United States?
2025-05-15 14:07:15,818 - INFO - Required radio group not answered: Will you now or in the future require sponsorship for employment visa status (e.g., H-1B visa status) to legally work in the United States?
2025-05-15 14:07:15,859 - INFO - Required radio group not answered: Do you have any familial relationships with current Virta employees?
2025-05-15 14:07:15,999 - INFO - Waiting for 4 required fields to be filled: ['01bee1ba-3fbd-4291-8525-67cbc4f829cf', 'Are you legally authorized to work in the United States?', 'Will you now or in the future require sponsorship for employment visa status (e.g., H-1B visa status) to legally work in the United States?', 'Do you have any familial relationships with current Virta employees?']
2025-05-15 14:07:18,131 - INFO - Required field not filled: 01bee1ba-3fbd-4291-8525-67cbc4f829cf
2025-05-15 14:07:18,301 - INFO - Required radio group not answered: Are you legally authorized to work in the United States?
2025-05-15 14:07:18,335 - INFO - Required radio group not answered: Will you now or in the future require sponsorship for employment visa status (e.g., H-1B visa status) to legally work in the United States?
2025-05-15 14:07:18,371 - INFO - Required radio group not answered: Do you have any familial relationships with current Virta employees?
2025-05-15 14:07:18,515 - INFO - Waiting for 4 required fields to be filled: ['01bee1ba-3fbd-4291-8525-67cbc4f829cf', 'Are you legally authorized to work in the United States?', 'Will you now or in the future require sponsorship for employment visa status (e.g., H-1B visa status) to legally work in the United States?', 'Do you have any familial relationships with current Virta employees?']
2025-05-15 14:07:20,614 - INFO - Required field not filled: 01bee1ba-3fbd-4291-8525-67cbc4f829cf
2025-05-15 14:07:20,784 - INFO - Required radio group not answered: Are you legally authorized to work in the United States?
2025-05-15 14:07:20,817 - INFO - Required radio group not answered: Will you now or in the future require sponsorship for employment visa status (e.g., H-1B visa status) to legally work in the United States?
2025-05-15 14:07:20,864 - INFO - Required radio group not answered: Do you have any familial relationships with current Virta employees?
2025-05-15 14:07:20,993 - INFO - Waiting for 4 required fields to be filled: ['01bee1ba-3fbd-4291-8525-67cbc4f829cf', 'Are you legally authorized to work in the United States?', 'Will you now or in the future require sponsorship for employment visa status (e.g., H-1B visa status) to legally work in the United States?', 'Do you have any familial relationships with current Virta employees?']
2025-05-15 14:07:23,081 - INFO - Required field not filled: 01bee1ba-3fbd-4291-8525-67cbc4f829cf
2025-05-15 14:07:23,250 - INFO - Required radio group not answered: Are you legally authorized to work in the United States?
2025-05-15 14:07:23,271 - INFO - Required radio group not answered: Will you now or in the future require sponsorship for employment visa status (e.g., H-1B visa status) to legally work in the United States?
2025-05-15 14:07:23,317 - INFO - Required radio group not answered: Do you have any familial relationships with current Virta employees?
2025-05-15 14:07:23,464 - INFO - Waiting for 4 required fields to be filled: ['01bee1ba-3fbd-4291-8525-67cbc4f829cf', 'Are you legally authorized to work in the United States?', 'Will you now or in the future require sponsorship for employment visa status (e.g., H-1B visa status) to legally work in the United States?', 'Do you have any familial relationships with current Virta employees?']
2025-05-15 14:07:25,615 - INFO - Required field not filled: 01bee1ba-3fbd-4291-8525-67cbc4f829cf
2025-05-15 14:07:25,765 - INFO - Required radio group not answered: Are you legally authorized to work in the United States?
2025-05-15 14:07:25,817 - INFO - Required radio group not answered: Will you now or in the future require sponsorship for employment visa status (e.g., H-1B visa status) to legally work in the United States?
2025-05-15 14:07:25,863 - INFO - Required radio group not answered: Do you have any familial relationships with current Virta employees?
2025-05-15 14:07:25,999 - INFO - Waiting for 4 required fields to be filled: ['01bee1ba-3fbd-4291-8525-67cbc4f829cf', 'Are you legally authorized to work in the United States?', 'Will you now or in the future require sponsorship for employment visa status (e.g., H-1B visa status) to legally work in the United States?', 'Do you have any familial relationships with current Virta employees?']
2025-05-15 14:07:28,153 - INFO - Required field not filled: 01bee1ba-3fbd-4291-8525-67cbc4f829cf
2025-05-15 14:07:28,327 - INFO - Required radio group not answered: Are you legally authorized to work in the United States?
2025-05-15 14:07:28,362 - INFO - Required radio group not answered: Will you now or in the future require sponsorship for employment visa status (e.g., H-1B visa status) to legally work in the United States?
2025-05-15 14:07:28,387 - INFO - Required radio group not answered: Do you have any familial relationships with current Virta employees?
2025-05-15 14:07:28,527 - INFO - Waiting for 4 required fields to be filled: ['01bee1ba-3fbd-4291-8525-67cbc4f829cf', 'Are you legally authorized to work in the United States?', 'Will you now or in the future require sponsorship for employment visa status (e.g., H-1B visa status) to legally work in the United States?', 'Do you have any familial relationships with current Virta employees?']
2025-05-15 14:07:30,630 - INFO - Required field not filled: 01bee1ba-3fbd-4291-8525-67cbc4f829cf
2025-05-15 14:07:30,800 - INFO - Required radio group not answered: Are you legally authorized to work in the United States?
2025-05-15 14:07:30,833 - INFO - Required radio group not answered: Will you now or in the future require sponsorship for employment visa status (e.g., H-1B visa status) to legally work in the United States?
2025-05-15 14:07:30,867 - INFO - Required radio group not answered: Do you have any familial relationships with current Virta employees?
2025-05-15 14:07:31,009 - INFO - Waiting for 4 required fields to be filled: ['01bee1ba-3fbd-4291-8525-67cbc4f829cf', 'Are you legally authorized to work in the United States?', 'Will you now or in the future require sponsorship for employment visa status (e.g., H-1B visa status) to legally work in the United States?', 'Do you have any familial relationships with current Virta employees?']
2025-05-15 14:07:33,127 - INFO - Required field not filled: 01bee1ba-3fbd-4291-8525-67cbc4f829cf
2025-05-15 14:07:33,305 - INFO - Required radio group not answered: Are you legally authorized to work in the United States?
2025-05-15 14:07:33,341 - INFO - Required radio group not answered: Will you now or in the future require sponsorship for employment visa status (e.g., H-1B visa status) to legally work in the United States?
2025-05-15 14:07:33,379 - INFO - Required radio group not answered: Do you have any familial relationships with current Virta employees?
2025-05-15 14:07:33,514 - INFO - Waiting for 4 required fields to be filled: ['01bee1ba-3fbd-4291-8525-67cbc4f829cf', 'Are you legally authorized to work in the United States?', 'Will you now or in the future require sponsorship for employment visa status (e.g., H-1B visa status) to legally work in the United States?', 'Do you have any familial relationships with current Virta employees?']
2025-05-15 14:07:35,652 - INFO - Required field not filled: 01bee1ba-3fbd-4291-8525-67cbc4f829cf
2025-05-15 14:07:35,814 - INFO - Required radio group not answered: Are you legally authorized to work in the United States?
2025-05-15 14:07:35,864 - INFO - Required radio group not answered: Will you now or in the future require sponsorship for employment visa status (e.g., H-1B visa status) to legally work in the United States?
2025-05-15 14:07:35,897 - INFO - Required radio group not answered: Do you have any familial relationships with current Virta employees?
2025-05-15 14:07:36,040 - INFO - Waiting for 4 required fields to be filled: ['01bee1ba-3fbd-4291-8525-67cbc4f829cf', 'Are you legally authorized to work in the United States?', 'Will you now or in the future require sponsorship for employment visa status (e.g., H-1B visa status) to legally work in the United States?', 'Do you have any familial relationships with current Virta employees?']
2025-05-15 14:07:38,129 - INFO - Required field not filled: 01bee1ba-3fbd-4291-8525-67cbc4f829cf
2025-05-15 14:07:38,301 - INFO - Required radio group not answered: Are you legally authorized to work in the United States?
2025-05-15 14:07:38,347 - INFO - Required radio group not answered: Will you now or in the future require sponsorship for employment visa status (e.g., H-1B visa status) to legally work in the United States?
2025-05-15 14:07:38,382 - INFO - Required radio group not answered: Do you have any familial relationships with current Virta employees?
2025-05-15 14:07:38,515 - INFO - Waiting for 4 required fields to be filled: ['01bee1ba-3fbd-4291-8525-67cbc4f829cf', 'Are you legally authorized to work in the United States?', 'Will you now or in the future require sponsorship for employment visa status (e.g., H-1B visa status) to legally work in the United States?', 'Do you have any familial relationships with current Virta employees?']
2025-05-15 14:07:40,669 - INFO - Required field not filled: 01bee1ba-3fbd-4291-8525-67cbc4f829cf
2025-05-15 14:07:40,810 - INFO - Required radio group not answered: Are you legally authorized to work in the United States?
2025-05-15 14:07:40,850 - INFO - Required radio group not answered: Will you now or in the future require sponsorship for employment visa status (e.g., H-1B visa status) to legally work in the United States?
2025-05-15 14:07:40,883 - INFO - Required radio group not answered: Do you have any familial relationships with current Virta employees?
2025-05-15 14:07:41,013 - INFO - Waiting for 4 required fields to be filled: ['01bee1ba-3fbd-4291-8525-67cbc4f829cf', 'Are you legally authorized to work in the United States?', 'Will you now or in the future require sponsorship for employment visa status (e.g., H-1B visa status) to legally work in the United States?', 'Do you have any familial relationships with current Virta employees?']
2025-05-15 14:07:43,137 - INFO - Required field not filled: 01bee1ba-3fbd-4291-8525-67cbc4f829cf
2025-05-15 14:07:43,275 - INFO - Required radio group not answered: Are you legally authorized to work in the United States?
2025-05-15 14:07:43,299 - INFO - Required radio group not answered: Will you now or in the future require sponsorship for employment visa status (e.g., H-1B visa status) to legally work in the United States?
2025-05-15 14:07:43,342 - INFO - Required radio group not answered: Do you have any familial relationships with current Virta employees?
2025-05-15 14:07:43,471 - INFO - Waiting for 4 required fields to be filled: ['01bee1ba-3fbd-4291-8525-67cbc4f829cf', 'Are you legally authorized to work in the United States?', 'Will you now or in the future require sponsorship for employment visa status (e.g., H-1B visa status) to legally work in the United States?', 'Do you have any familial relationships with current Virta employees?']
2025-05-15 14:07:45,578 - INFO - Required field not filled: 01bee1ba-3fbd-4291-8525-67cbc4f829cf
2025-05-15 14:07:45,747 - INFO - Required radio group not answered: Are you legally authorized to work in the United States?
2025-05-15 14:07:45,784 - INFO - Required radio group not answered: Will you now or in the future require sponsorship for employment visa status (e.g., H-1B visa status) to legally work in the United States?
2025-05-15 14:07:45,814 - INFO - Required radio group not answered: Do you have any familial relationships with current Virta employees?
2025-05-15 14:07:45,964 - INFO - Waiting for 4 required fields to be filled: ['01bee1ba-3fbd-4291-8525-67cbc4f829cf', 'Are you legally authorized to work in the United States?', 'Will you now or in the future require sponsorship for employment visa status (e.g., H-1B visa status) to legally work in the United States?', 'Do you have any familial relationships with current Virta employees?']
2025-05-15 14:07:48,073 - INFO - Required field not filled: 01bee1ba-3fbd-4291-8525-67cbc4f829cf
2025-05-15 14:07:48,208 - INFO - Required radio group not answered: Are you legally authorized to work in the United States?
2025-05-15 14:07:48,248 - INFO - Required radio group not answered: Will you now or in the future require sponsorship for employment visa status (e.g., H-1B visa status) to legally work in the United States?
2025-05-15 14:07:48,282 - INFO - Required radio group not answered: Do you have any familial relationships with current Virta employees?
2025-05-15 14:07:48,409 - INFO - Waiting for 4 required fields to be filled: ['01bee1ba-3fbd-4291-8525-67cbc4f829cf', 'Are you legally authorized to work in the United States?', 'Will you now or in the future require sponsorship for employment visa status (e.g., H-1B visa status) to legally work in the United States?', 'Do you have any familial relationships with current Virta employees?']
2025-05-15 14:07:50,538 - INFO - Required field not filled: 01bee1ba-3fbd-4291-8525-67cbc4f829cf
2025-05-15 14:07:50,701 - INFO - Required radio group not answered: Are you legally authorized to work in the United States?
2025-05-15 14:07:50,734 - INFO - Required radio group not answered: Will you now or in the future require sponsorship for employment visa status (e.g., H-1B visa status) to legally work in the United States?
2025-05-15 14:07:50,766 - INFO - Required radio group not answered: Do you have any familial relationships with current Virta employees?
2025-05-15 14:07:50,882 - INFO - Waiting for 4 required fields to be filled: ['01bee1ba-3fbd-4291-8525-67cbc4f829cf', 'Are you legally authorized to work in the United States?', 'Will you now or in the future require sponsorship for employment visa status (e.g., H-1B visa status) to legally work in the United States?', 'Do you have any familial relationships with current Virta employees?']
2025-05-15 14:07:52,997 - INFO - Required field not filled: 01bee1ba-3fbd-4291-8525-67cbc4f829cf
2025-05-15 14:07:53,178 - INFO - Required radio group not answered: Will you now or in the future require sponsorship for employment visa status (e.g., H-1B visa status) to legally work in the United States?
2025-05-15 14:07:53,212 - INFO - Required radio group not answered: Do you have any familial relationships with current Virta employees?
2025-05-15 14:07:53,315 - INFO - Waiting for 3 required fields to be filled: ['01bee1ba-3fbd-4291-8525-67cbc4f829cf', 'Will you now or in the future require sponsorship for employment visa status (e.g., H-1B visa status) to legally work in the United States?', 'Do you have any familial relationships with current Virta employees?']
2025-05-15 14:07:55,428 - INFO - Required field not filled: 01bee1ba-3fbd-4291-8525-67cbc4f829cf
2025-05-15 14:07:55,647 - INFO - Required radio group not answered: Do you have any familial relationships with current Virta employees?
2025-05-15 14:07:55,714 - INFO - Waiting for 2 required fields to be filled: ['01bee1ba-3fbd-4291-8525-67cbc4f829cf', 'Do you have any familial relationships with current Virta employees?']
2025-05-15 14:07:57,818 - INFO - Required field not filled: 01bee1ba-3fbd-4291-8525-67cbc4f829cf
2025-05-15 14:07:58,094 - INFO - Waiting for 1 required fields to be filled: ['01bee1ba-3fbd-4291-8525-67cbc4f829cf']
2025-05-15 14:08:00,405 - INFO - All required fields are filled.
2025-05-15 14:08:00,451 - INFO - Found submit button using selector: button._primary_8wvgw_96
2025-05-15 14:08:02,295 - INFO - Clicked submit button normally
2025-05-15 14:08:05,300 - INFO - Page changed after click - assuming submission started
2025-05-15 14:08:25,669 - WARNING - Error during submission verification: Message: 

2025-05-15 14:08:25,684 - INFO - URL suggests we left application page - assuming success
2025-05-15 14:08:25,684 - INFO - Application submitted successfully!
2025-05-15 14:08:25,684 - INFO - Log directory ensured: C:\Users\hr\OneDrive\Desktop\merge\all_job_app\logs
2025-05-15 14:08:25,689 - INFO - Log entry written to logs/ashby_log_2025-05-15.csv
2025-05-15 14:08:25,689 - INFO - Processing job: https://jobs.ashbyhq.com/windranger/d5c33dba-6b07-450a-8a35-4ec61355ab42
2025-05-15 14:08:26,401 - INFO - Opened job page: https://jobs.ashbyhq.com/windranger/d5c33dba-6b07-450a-8a35-4ec61355ab42
2025-05-15 14:08:29,520 - INFO - Apply button clicked successfully!
2025-05-15 14:08:34,524 - INFO - Attempting to upload resume from: C:\Users\hr\OneDrive\Desktop\merge\all_job_app\resume/sindhuri.pdf
2025-05-15 14:08:35,097 - INFO - Resume file sent to input element
2025-05-15 14:08:50,402 - WARNING - No explicit upload confirmation detected: Message: 

2025-05-15 14:08:50,402 - INFO - Filling out the application form...
2025-05-15 14:08:50,506 - INFO - Filled field name with value Sindhuri Siddireddy
2025-05-15 14:08:50,634 - INFO - Filled field email with value sindhuri.siddireddy@gmail.com
2025-05-15 14:09:01,038 - WARNING - Error filling field phone with selector input[type='tel']: Message: 
Stacktrace:
	GetHandleVerifier [0x0047FC83+61635]
	GetHandleVerifier [0x0047FCC4+61700]
	(No symbol) [0x002A05D3]
	(No symbol) [0x002E899E]
	(No symbol) [0x002E8D3B]
	(No symbol) [0x00330E12]
	(No symbol) [0x0030D2E4]
	(No symbol) [0x0032E61B]
	(No symbol) [0x0030D096]
	(No symbol) [0x002DC840]
	(No symbol) [0x002DD6A4]
	GetHandleVerifier [0x007045A3+2701795]
	GetHandleVerifier [0x006FFD26+2683238]
	GetHandleVerifier [0x0071AA6E+2793134]
	GetHandleVerifier [0x00496945+155013]
	GetHandleVerifier [0x0049D02D+181357]
	GetHandleVerifier [0x004874D8+92440]
	GetHandleVerifier [0x00487680+92864]
	GetHandleVerifier [0x00472070+5296]
	BaseThreadInitThunk [0x759AFCC9+25]
	RtlGetAppContainerNamedObjectPath [0x771B82AE+286]
	RtlGetAppContainerNamedObjectPath [0x771B827E+238]

2025-05-15 14:09:11,531 - WARNING - Error filling field phone with selector input[name='phone']: Message: 
Stacktrace:
	GetHandleVerifier [0x0047FC83+61635]
	GetHandleVerifier [0x0047FCC4+61700]
	(No symbol) [0x002A05D3]
	(No symbol) [0x002E899E]
	(No symbol) [0x002E8D3B]
	(No symbol) [0x00330E12]
	(No symbol) [0x0030D2E4]
	(No symbol) [0x0032E61B]
	(No symbol) [0x0030D096]
	(No symbol) [0x002DC840]
	(No symbol) [0x002DD6A4]
	GetHandleVerifier [0x007045A3+2701795]
	GetHandleVerifier [0x006FFD26+2683238]
	GetHandleVerifier [0x0071AA6E+2793134]
	GetHandleVerifier [0x00496945+155013]
	GetHandleVerifier [0x0049D02D+181357]
	GetHandleVerifier [0x004874D8+92440]
	GetHandleVerifier [0x00487680+92864]
	GetHandleVerifier [0x00472070+5296]
	BaseThreadInitThunk [0x759AFCC9+25]
	RtlGetAppContainerNamedObjectPath [0x771B82AE+286]
	RtlGetAppContainerNamedObjectPath [0x771B827E+238]

2025-05-15 14:09:21,996 - WARNING - Error filling field phone with selector input[type='number']: Message: 
Stacktrace:
	GetHandleVerifier [0x0047FC83+61635]
	GetHandleVerifier [0x0047FCC4+61700]
	(No symbol) [0x002A05D3]
	(No symbol) [0x002E899E]
	(No symbol) [0x002E8D3B]
	(No symbol) [0x00330E12]
	(No symbol) [0x0030D2E4]
	(No symbol) [0x0032E61B]
	(No symbol) [0x0030D096]
	(No symbol) [0x002DC840]
	(No symbol) [0x002DD6A4]
	GetHandleVerifier [0x007045A3+2701795]
	GetHandleVerifier [0x006FFD26+2683238]
	GetHandleVerifier [0x0071AA6E+2793134]
	GetHandleVerifier [0x00496945+155013]
	GetHandleVerifier [0x0049D02D+181357]
	GetHandleVerifier [0x004874D8+92440]
	GetHandleVerifier [0x00487680+92864]
	GetHandleVerifier [0x00472070+5296]
	BaseThreadInitThunk [0x759AFCC9+25]
	RtlGetAppContainerNamedObjectPath [0x771B82AE+286]
	RtlGetAppContainerNamedObjectPath [0x771B827E+238]

2025-05-15 14:09:22,008 - WARNING - No value provided for mandatory field: address
2025-05-15 14:09:32,051 - WARNING - Error filling field location with selector input[role='combobox']: Message: 
Stacktrace:
	GetHandleVerifier [0x0047FC83+61635]
	GetHandleVerifier [0x0047FCC4+61700]
	(No symbol) [0x002A05D3]
	(No symbol) [0x002E899E]
	(No symbol) [0x002E8D3B]
	(No symbol) [0x00330E12]
	(No symbol) [0x0030D2E4]
	(No symbol) [0x0032E61B]
	(No symbol) [0x0030D096]
	(No symbol) [0x002DC840]
	(No symbol) [0x002DD6A4]
	GetHandleVerifier [0x007045A3+2701795]
	GetHandleVerifier [0x006FFD26+2683238]
	GetHandleVerifier [0x0071AA6E+2793134]
	GetHandleVerifier [0x00496945+155013]
	GetHandleVerifier [0x0049D02D+181357]
	GetHandleVerifier [0x004874D8+92440]
	GetHandleVerifier [0x00487680+92864]
	GetHandleVerifier [0x00472070+5296]
	BaseThreadInitThunk [0x759AFCC9+25]
	RtlGetAppContainerNamedObjectPath [0x771B82AE+286]
	RtlGetAppContainerNamedObjectPath [0x771B827E+238]

2025-05-15 14:09:42,124 - WARNING - Error filling field location with selector input[placeholder*='Start typing']: Message: 
Stacktrace:
	GetHandleVerifier [0x0047FC83+61635]
	GetHandleVerifier [0x0047FCC4+61700]
	(No symbol) [0x002A05D3]
	(No symbol) [0x002E899E]
	(No symbol) [0x002E8D3B]
	(No symbol) [0x00330E12]
	(No symbol) [0x0030D2E4]
	(No symbol) [0x0032E61B]
	(No symbol) [0x0030D096]
	(No symbol) [0x002DC840]
	(No symbol) [0x002DD6A4]
	GetHandleVerifier [0x007045A3+2701795]
	GetHandleVerifier [0x006FFD26+2683238]
	GetHandleVerifier [0x0071AA6E+2793134]
	GetHandleVerifier [0x00496945+155013]
	GetHandleVerifier [0x0049D02D+181357]
	GetHandleVerifier [0x004874D8+92440]
	GetHandleVerifier [0x00487680+92864]
	GetHandleVerifier [0x00472070+5296]
	BaseThreadInitThunk [0x759AFCC9+25]
	RtlGetAppContainerNamedObjectPath [0x771B82AE+286]
	RtlGetAppContainerNamedObjectPath [0x771B827E+238]

2025-05-15 14:09:42,285 - INFO - Filled LinkedIn field
2025-05-15 14:09:42,285 - INFO - Filling out the Q&A section...
2025-05-15 14:09:43,012 - INFO - Form Q&A questions found: []
2025-05-15 14:09:43,013 - WARNING - No Q&A questions found in the form. Skipping Q&A section.
2025-05-15 14:09:43,013 - INFO - Form filled successfully!
2025-05-15 14:09:44,017 - INFO - Starting submission process...
2025-05-15 14:09:44,205 - INFO - All required fields are filled.
2025-05-15 14:09:44,250 - INFO - Found submit button using selector: button._primary_8wvgw_96
2025-05-15 14:09:45,986 - INFO - Clicked submit button normally
2025-05-15 14:09:48,551 - INFO - Page changed after click - assuming submission started
2025-05-15 14:10:08,581 - WARNING - Error during submission verification: Message: 

2025-05-15 14:10:08,581 - INFO - URL suggests we left application page - assuming success
2025-05-15 14:10:08,581 - INFO - Application submitted successfully!
2025-05-15 14:10:08,581 - INFO - Log directory ensured: C:\Users\hr\OneDrive\Desktop\merge\all_job_app\logs
2025-05-15 14:10:08,593 - INFO - Log entry written to logs/ashby_log_2025-05-15.csv
2025-05-15 14:10:08,593 - INFO - Processing job: https://jobs.ashbyhq.com/anyscale/f59089a5-7b7d-4639-a839-ec12ed53f1e5
2025-05-15 14:10:09,205 - INFO - Opened job page: https://jobs.ashbyhq.com/anyscale/f59089a5-7b7d-4639-a839-ec12ed53f1e5
2025-05-15 14:10:12,332 - INFO - Apply button clicked successfully!
2025-05-15 14:10:17,347 - INFO - Attempting to upload resume from: C:\Users\hr\OneDrive\Desktop\merge\all_job_app\resume/sindhuri.pdf
2025-05-15 14:10:27,762 - ERROR - Could not find file input element
2025-05-15 14:10:27,762 - INFO - Filling out the application form...
2025-05-15 14:10:37,778 - WARNING - Error filling field name with selector #_systemfield_name: Message: 
Stacktrace:
	GetHandleVerifier [0x0047FC83+61635]
	GetHandleVerifier [0x0047FCC4+61700]
	(No symbol) [0x002A05D3]
	(No symbol) [0x002E899E]
	(No symbol) [0x002E8D3B]
	(No symbol) [0x00330E12]
	(No symbol) [0x0030D2E4]
	(No symbol) [0x0032E61B]
	(No symbol) [0x0030D096]
	(No symbol) [0x002DC840]
	(No symbol) [0x002DD6A4]
	GetHandleVerifier [0x007045A3+2701795]
	GetHandleVerifier [0x006FFD26+2683238]
	GetHandleVerifier [0x0071AA6E+2793134]
	GetHandleVerifier [0x00496945+155013]
	GetHandleVerifier [0x0049D02D+181357]
	GetHandleVerifier [0x004874D8+92440]
	GetHandleVerifier [0x00487680+92864]
	GetHandleVerifier [0x00472070+5296]
	BaseThreadInitThunk [0x759AFCC9+25]
	RtlGetAppContainerNamedObjectPath [0x771B82AE+286]
	RtlGetAppContainerNamedObjectPath [0x771B827E+238]

2025-05-15 14:10:47,810 - WARNING - Error filling field name with selector input[name='name']: Message: 
Stacktrace:
	GetHandleVerifier [0x0047FC83+61635]
	GetHandleVerifier [0x0047FCC4+61700]
	(No symbol) [0x002A05D3]
	(No symbol) [0x002E899E]
	(No symbol) [0x002E8D3B]
	(No symbol) [0x00330E12]
	(No symbol) [0x0030D2E4]
	(No symbol) [0x0032E61B]
	(No symbol) [0x0030D096]
	(No symbol) [0x002DC840]
	(No symbol) [0x002DD6A4]
	GetHandleVerifier [0x007045A3+2701795]
	GetHandleVerifier [0x006FFD26+2683238]
	GetHandleVerifier [0x0071AA6E+2793134]
	GetHandleVerifier [0x00496945+155013]
	GetHandleVerifier [0x0049D02D+181357]
	GetHandleVerifier [0x004874D8+92440]
	GetHandleVerifier [0x00487680+92864]
	GetHandleVerifier [0x00472070+5296]
	BaseThreadInitThunk [0x759AFCC9+25]
	RtlGetAppContainerNamedObjectPath [0x771B82AE+286]
	RtlGetAppContainerNamedObjectPath [0x771B827E+238]

2025-05-15 14:10:58,343 - WARNING - Error filling field email with selector #_systemfield_email: Message: 
Stacktrace:
	GetHandleVerifier [0x0047FC83+61635]
	GetHandleVerifier [0x0047FCC4+61700]
	(No symbol) [0x002A05D3]
	(No symbol) [0x002E899E]
	(No symbol) [0x002E8D3B]
	(No symbol) [0x00330E12]
	(No symbol) [0x0030D2E4]
	(No symbol) [0x0032E61B]
	(No symbol) [0x0030D096]
	(No symbol) [0x002DC840]
	(No symbol) [0x002DD6A4]
	GetHandleVerifier [0x007045A3+2701795]
	GetHandleVerifier [0x006FFD26+2683238]
	GetHandleVerifier [0x0071AA6E+2793134]
	GetHandleVerifier [0x00496945+155013]
	GetHandleVerifier [0x0049D02D+181357]
	GetHandleVerifier [0x004874D8+92440]
	GetHandleVerifier [0x00487680+92864]
	GetHandleVerifier [0x00472070+5296]
	BaseThreadInitThunk [0x759AFCC9+25]
	RtlGetAppContainerNamedObjectPath [0x771B82AE+286]
	RtlGetAppContainerNamedObjectPath [0x771B827E+238]

2025-05-15 14:11:08,739 - WARNING - Error filling field email with selector input[name='email']: Message: 
Stacktrace:
	GetHandleVerifier [0x0047FC83+61635]
	GetHandleVerifier [0x0047FCC4+61700]
	(No symbol) [0x002A05D3]
	(No symbol) [0x002E899E]
	(No symbol) [0x002E8D3B]
	(No symbol) [0x00330E12]
	(No symbol) [0x0030D2E4]
	(No symbol) [0x0032E61B]
	(No symbol) [0x0030D096]
	(No symbol) [0x002DC840]
	(No symbol) [0x002DD6A4]
	GetHandleVerifier [0x007045A3+2701795]
	GetHandleVerifier [0x006FFD26+2683238]
	GetHandleVerifier [0x0071AA6E+2793134]
	GetHandleVerifier [0x00496945+155013]
	GetHandleVerifier [0x0049D02D+181357]
	GetHandleVerifier [0x004874D8+92440]
	GetHandleVerifier [0x00487680+92864]
	GetHandleVerifier [0x00472070+5296]
	BaseThreadInitThunk [0x759AFCC9+25]
	RtlGetAppContainerNamedObjectPath [0x771B82AE+286]
	RtlGetAppContainerNamedObjectPath [0x771B827E+238]

2025-05-15 14:11:19,162 - WARNING - Error filling field phone with selector input[type='tel']: Message: 
Stacktrace:
	GetHandleVerifier [0x0047FC83+61635]
	GetHandleVerifier [0x0047FCC4+61700]
	(No symbol) [0x002A05D3]
	(No symbol) [0x002E899E]
	(No symbol) [0x002E8D3B]
	(No symbol) [0x00330E12]
	(No symbol) [0x0030D2E4]
	(No symbol) [0x0032E61B]
	(No symbol) [0x0030D096]
	(No symbol) [0x002DC840]
	(No symbol) [0x002DD6A4]
	GetHandleVerifier [0x007045A3+2701795]
	GetHandleVerifier [0x006FFD26+2683238]
	GetHandleVerifier [0x0071AA6E+2793134]
	GetHandleVerifier [0x00496945+155013]
	GetHandleVerifier [0x0049D02D+181357]
	GetHandleVerifier [0x004874D8+92440]
	GetHandleVerifier [0x00487680+92864]
	GetHandleVerifier [0x00472070+5296]
	BaseThreadInitThunk [0x759AFCC9+25]
	RtlGetAppContainerNamedObjectPath [0x771B82AE+286]
	RtlGetAppContainerNamedObjectPath [0x771B827E+238]

2025-05-15 14:11:29,557 - WARNING - Error filling field phone with selector input[name='phone']: Message: 
Stacktrace:
	GetHandleVerifier [0x0047FC83+61635]
	GetHandleVerifier [0x0047FCC4+61700]
	(No symbol) [0x002A05D3]
	(No symbol) [0x002E899E]
	(No symbol) [0x002E8D3B]
	(No symbol) [0x00330E12]
	(No symbol) [0x0030D2E4]
	(No symbol) [0x0032E61B]
	(No symbol) [0x0030D096]
	(No symbol) [0x002DC840]
	(No symbol) [0x002DD6A4]
	GetHandleVerifier [0x007045A3+2701795]
	GetHandleVerifier [0x006FFD26+2683238]
	GetHandleVerifier [0x0071AA6E+2793134]
	GetHandleVerifier [0x00496945+155013]
	GetHandleVerifier [0x0049D02D+181357]
	GetHandleVerifier [0x004874D8+92440]
	GetHandleVerifier [0x00487680+92864]
	GetHandleVerifier [0x00472070+5296]
	BaseThreadInitThunk [0x759AFCC9+25]
	RtlGetAppContainerNamedObjectPath [0x771B82AE+286]
	RtlGetAppContainerNamedObjectPath [0x771B827E+238]

2025-05-15 14:11:39,954 - WARNING - Error filling field phone with selector input[type='number']: Message: 
Stacktrace:
	GetHandleVerifier [0x0047FC83+61635]
	GetHandleVerifier [0x0047FCC4+61700]
	(No symbol) [0x002A05D3]
	(No symbol) [0x002E899E]
	(No symbol) [0x002E8D3B]
	(No symbol) [0x00330E12]
	(No symbol) [0x0030D2E4]
	(No symbol) [0x0032E61B]
	(No symbol) [0x0030D096]
	(No symbol) [0x002DC840]
	(No symbol) [0x002DD6A4]
	GetHandleVerifier [0x007045A3+2701795]
	GetHandleVerifier [0x006FFD26+2683238]
	GetHandleVerifier [0x0071AA6E+2793134]
	GetHandleVerifier [0x00496945+155013]
	GetHandleVerifier [0x0049D02D+181357]
	GetHandleVerifier [0x004874D8+92440]
	GetHandleVerifier [0x00487680+92864]
	GetHandleVerifier [0x00472070+5296]
	BaseThreadInitThunk [0x759AFCC9+25]
	RtlGetAppContainerNamedObjectPath [0x771B82AE+286]
	RtlGetAppContainerNamedObjectPath [0x771B827E+238]

2025-05-15 14:11:39,969 - WARNING - No value provided for mandatory field: address
2025-05-15 14:11:50,409 - WARNING - Error filling field location with selector input[role='combobox']: Message: 
Stacktrace:
	GetHandleVerifier [0x0047FC83+61635]
	GetHandleVerifier [0x0047FCC4+61700]
	(No symbol) [0x002A05D3]
	(No symbol) [0x002E899E]
	(No symbol) [0x002E8D3B]
	(No symbol) [0x00330E12]
	(No symbol) [0x0030D2E4]
	(No symbol) [0x0032E61B]
	(No symbol) [0x0030D096]
	(No symbol) [0x002DC840]
	(No symbol) [0x002DD6A4]
	GetHandleVerifier [0x007045A3+2701795]
	GetHandleVerifier [0x006FFD26+2683238]
	GetHandleVerifier [0x0071AA6E+2793134]
	GetHandleVerifier [0x00496945+155013]
	GetHandleVerifier [0x0049D02D+181357]
	GetHandleVerifier [0x004874D8+92440]
	GetHandleVerifier [0x00487680+92864]
	GetHandleVerifier [0x00472070+5296]
	BaseThreadInitThunk [0x759AFCC9+25]
	RtlGetAppContainerNamedObjectPath [0x771B82AE+286]
	RtlGetAppContainerNamedObjectPath [0x771B827E+238]

2025-05-15 14:12:00,906 - WARNING - Error filling field location with selector input[placeholder*='Start typing']: Message: 
Stacktrace:
	GetHandleVerifier [0x0047FC83+61635]
	GetHandleVerifier [0x0047FCC4+61700]
	(No symbol) [0x002A05D3]
	(No symbol) [0x002E899E]
	(No symbol) [0x002E8D3B]
	(No symbol) [0x00330E12]
	(No symbol) [0x0030D2E4]
	(No symbol) [0x0032E61B]
	(No symbol) [0x0030D096]
	(No symbol) [0x002DC840]
	(No symbol) [0x002DD6A4]
	GetHandleVerifier [0x007045A3+2701795]
	GetHandleVerifier [0x006FFD26+2683238]
	GetHandleVerifier [0x0071AA6E+2793134]
	GetHandleVerifier [0x00496945+155013]
	GetHandleVerifier [0x0049D02D+181357]
	GetHandleVerifier [0x004874D8+92440]
	GetHandleVerifier [0x00487680+92864]
	GetHandleVerifier [0x00472070+5296]
	BaseThreadInitThunk [0x759AFCC9+25]
	RtlGetAppContainerNamedObjectPath [0x771B82AE+286]
	RtlGetAppContainerNamedObjectPath [0x771B827E+238]

2025-05-15 14:12:01,069 - INFO - Filled LinkedIn field
2025-05-15 14:12:01,069 - INFO - Filling out the Q&A section...
2025-05-15 14:12:02,284 - INFO - Form Q&A questions found: ['Current company', 'Additional information', 'Twitter', 'GitHub', 'Portfolio', 'Other']
2025-05-15 14:12:02,284 - INFO - Processing question: 'where did you hear about biorender?'
2025-05-15 14:12:02,284 - WARNING - No match found for question: 'where did you hear about biorender?' (best score: 0)
2025-05-15 14:12:02,284 - INFO - Processing question: 'do you have programming experience or are you in a cs degree?'
2025-05-15 14:12:02,284 - WARNING - No match found for question: 'do you have programming experience or are you in a cs degree?' (best score: 0)
2025-05-15 14:12:02,284 - INFO - Processing question: 'are you legally authorized to work in the u.s. without restriction for any employer?'
2025-05-15 14:12:02,284 - WARNING - No match found for question: 'are you legally authorized to work in the u.s. without restriction for any employer?' (best score: 0)
2025-05-15 14:12:02,284 - INFO - Processing question: 'are you legally authorized to work in canada or the united states?'
2025-05-15 14:12:02,284 - WARNING - No match found for question: 'are you legally authorized to work in canada or the united states?' (best score: 0)
2025-05-15 14:12:02,284 - INFO - Processing question: 'how many years of experience do you have as a machine learning engineer?'
2025-05-15 14:12:02,284 - WARNING - No match found for question: 'how many years of experience do you have as a machine learning engineer?' (best score: 0)
2025-05-15 14:12:02,284 - INFO - Processing question: 'are you legally authorized to work in the united states?'
2025-05-15 14:12:02,292 - WARNING - No match found for question: 'are you legally authorized to work in the united states?' (best score: 0)
2025-05-15 14:12:02,292 - INFO - Processing question: 'what are your salary expectations?'
2025-05-15 14:12:02,293 - WARNING - No match found for question: 'what are your salary expectations?' (best score: 0)
2025-05-15 14:12:02,293 - INFO - Processing question: 'have you previously worked for hims & hers as an employee or contractor/consultant?'
2025-05-15 14:12:02,294 - WARNING - No match found for question: 'have you previously worked for hims & hers as an employee or contractor/consultant?' (best score: 0)
2025-05-15 14:12:02,294 - INFO - Processing question: 'are you legally authorized to work in canada?'
2025-05-15 14:12:02,296 - WARNING - No match found for question: 'are you legally authorized to work in canada?' (best score: 0)
2025-05-15 14:12:02,296 - INFO - Processing question: 'how did you hear about us?'
2025-05-15 14:12:02,297 - WARNING - No match found for question: 'how did you hear about us?' (best score: 0)
2025-05-15 14:12:02,297 - INFO - Processing question: 'are you a veteran/have you served in the military?'
2025-05-15 14:12:02,298 - WARNING - No match found for question: 'are you a veteran/have you served in the military?' (best score: 0)
2025-05-15 14:12:02,298 - INFO - Processing question: 'do you identify as having a disability?.no'
2025-05-15 14:12:02,299 - WARNING - No match found for question: 'do you identify as having a disability?.no' (best score: 0)
2025-05-15 14:12:02,299 - INFO - Processing question: 'will you now or in the future require immigration sponsorship by hims & hers in order to work for hims & hers in the u.s.?'
2025-05-15 14:12:02,299 - WARNING - No match found for question: 'will you now or in the future require immigration sponsorship by hims & hers in order to work for hims & hers in the u.s.?' (best score: 0)
2025-05-15 14:12:02,301 - INFO - Processing question: 'have you worked as a software engineer prior to moving into ml?'
2025-05-15 14:12:02,301 - WARNING - No match found for question: 'have you worked as a software engineer prior to moving into ml?' (best score: 0)
2025-05-15 14:12:02,302 - INFO - Processing question: 'which languages and dialects do you speak fluently?'
2025-05-15 14:12:02,303 - WARNING - No match found for question: 'which languages and dialects do you speak fluently?' (best score: 0)
2025-05-15 14:12:02,303 - INFO - Processing question: 'are you open to tier 2 (medium complexity) rlhf projects at listed rate for your location?'
2025-05-15 14:12:02,303 - WARNING - No match found for question: 'are you open to tier 2 (medium complexity) rlhf projects at listed rate for your location?' (best score: 0)
2025-05-15 14:12:02,304 - INFO - Processing question: 'do you have any familial relationships with current virta employees?'
2025-05-15 14:12:02,305 - WARNING - No match found for question: 'do you have any familial relationships with current virta employees?' (best score: 0)
2025-05-15 14:12:02,305 - INFO - Processing question: 'are you 18 or older and legally eligible to work in the country of the job you are applying for?'
2025-05-15 14:12:02,306 - WARNING - No match found for question: 'are you 18 or older and legally eligible to work in the country of the job you are applying for?' (best score: 0)
2025-05-15 14:12:02,307 - INFO - Processing question: 'will you now or in the future require sponsorship for employment?'
2025-05-15 14:12:02,307 - WARNING - No match found for question: 'will you now or in the future require sponsorship for employment?' (best score: 0)
2025-05-15 14:12:02,308 - INFO - Processing question: 'how many years of experience do you have in mle?'
2025-05-15 14:12:02,308 - WARNING - No match found for question: 'how many years of experience do you have in mle?' (best score: 0)
2025-05-15 14:12:02,309 - INFO - Processing question: 'are you legally authorized to work in the country?'
2025-05-15 14:12:02,309 - WARNING - No match found for question: 'are you legally authorized to work in the country?' (best score: 0)
2025-05-15 14:12:02,309 - INFO - Processing question: 'what is your expected salary?'
2025-05-15 14:12:02,310 - WARNING - No match found for question: 'what is your expected salary?' (best score: 0)
2025-05-15 14:12:02,310 - INFO - Processing question: 'are you legally eligible to work in the us?'
2025-05-15 14:12:02,310 - WARNING - No match found for question: 'are you legally eligible to work in the us?' (best score: 0)
2025-05-15 14:12:02,310 - INFO - Processing question: 'are you willing & able to come into our downtown san francisco office on a hybrid basis? (3 days /week)?'
2025-05-15 14:12:02,312 - WARNING - No match found for question: 'are you willing & able to come into our downtown san francisco office on a hybrid basis? (3 days /week)?' (best score: 0)
2025-05-15 14:12:02,312 - INFO - Processing question: 'can you work onsite in palo alto?'
2025-05-15 14:12:02,313 - WARNING - No match found for question: 'can you work onsite in palo alto?' (best score: 0)
2025-05-15 14:12:02,313 - INFO - Processing question: 'our offices are located in san francisco ca and new york city. please indicate which location you are interested in?'
2025-05-15 14:12:02,314 - WARNING - No match found for question: 'our offices are located in san francisco ca and new york city. please indicate which location you are interested in?' (best score: 0)
2025-05-15 14:12:02,314 - INFO - Processing question: 'will you now or will you in the future require employment visa sponsorship to work in the country in which the job you're applying for is located?'
2025-05-15 14:12:02,315 - WARNING - No match found for question: 'will you now or will you in the future require employment visa sponsorship to work in the country in which the job you're applying for is located?' (best score: 0)
2025-05-15 14:12:02,315 - INFO - Processing question: 'do you have authorization to work in the united states?'
2025-05-15 14:12:02,316 - WARNING - No match found for question: 'do you have authorization to work in the united states?' (best score: 0)
2025-05-15 14:12:02,316 - INFO - Processing question: 'will you now or in the future require sponsorship for employment visa status?'
2025-05-15 14:12:02,317 - WARNING - No match found for question: 'will you now or in the future require sponsorship for employment visa status?' (best score: 0)
2025-05-15 14:12:02,317 - INFO - Processing question: 'are you available to work in person at the promise office  location listed in the job description at least three times per week?'
2025-05-15 14:12:02,319 - WARNING - No match found for question: 'are you available to work in person at the promise office  location listed in the job description at least three times per week?' (best score: 0)
2025-05-15 14:12:02,319 - INFO - Processing question: 'are you 18 or older?'
2025-05-15 14:12:02,319 - WARNING - No match found for question: 'are you 18 or older?' (best score: 0)
2025-05-15 14:12:02,319 - INFO - Processing question: 'are you comfortable working with javascript?'
2025-05-15 14:12:02,319 - WARNING - No match found for question: 'are you comfortable working with javascript?' (best score: 0)
2025-05-15 14:12:02,319 - INFO - Processing question: 'would you willing to relocate to/be in office in san francisco?'
2025-05-15 14:12:02,319 - WARNING - No match found for question: 'would you willing to relocate to/be in office in san francisco?' (best score: 0)
2025-05-15 14:12:02,322 - INFO - Processing question: 'what annual salary are you looking for in $usd?'
2025-05-15 14:12:02,322 - WARNING - No match found for question: 'what annual salary are you looking for in $usd?' (best score: 0)
2025-05-15 14:12:02,322 - INFO - Processing question: 'are you looking for full-time or part-time work?'
2025-05-15 14:12:02,323 - WARNING - No match found for question: 'are you looking for full-time or part-time work?' (best score: 0)
2025-05-15 14:12:02,323 - INFO - Processing question: 'how would you best describe your ideal work environment?'
2025-05-15 14:12:02,324 - WARNING - No match found for question: 'how would you best describe your ideal work environment?' (best score: 0)
2025-05-15 14:12:02,324 - INFO - Processing question: 'how do you handle deadlines and pressure?'
2025-05-15 14:12:02,324 - WARNING - No match found for question: 'how do you handle deadlines and pressure?' (best score: 0)
2025-05-15 14:12:02,325 - INFO - Processing question: 'how do you handle situations where you have too many tasks to complete on your own?'
2025-05-15 14:12:02,325 - WARNING - No match found for question: 'how do you handle situations where you have too many tasks to complete on your own?' (best score: 0)
2025-05-15 14:12:02,326 - INFO - Processing question: 'how much are you willing to work when things are urgent?'
2025-05-15 14:12:02,327 - WARNING - No match found for question: 'how much are you willing to work when things are urgent?' (best score: 0)
2025-05-15 14:12:02,327 - INFO - Processing question: 'are you comfortable working with python?'
2025-05-15 14:12:02,327 - WARNING - No match found for question: 'are you comfortable working with python?' (best score: 0)
2025-05-15 14:12:02,327 - INFO - Processing question: 'do you currently have legal authorization to work in the country where the position is based?'
2025-05-15 14:12:02,327 - WARNING - No match found for question: 'do you currently have legal authorization to work in the country where the position is based?' (best score: 0)
2025-05-15 14:12:02,327 - INFO - Processing question: 'are you excited to work in-office five days a week?'
2025-05-15 14:12:02,327 - WARNING - No match found for question: 'are you excited to work in-office five days a week?' (best score: 0)
2025-05-15 14:12:02,327 - INFO - Q&A section filled successfully!
2025-05-15 14:12:02,327 - INFO - Form filled successfully!
2025-05-15 14:12:03,334 - INFO - Starting submission process...
2025-05-15 14:12:03,369 - INFO - Required field not filled: _systemfield_name
2025-05-15 14:12:03,385 - INFO - Required field not filled: _systemfield_email
2025-05-15 14:12:03,567 - INFO - Required radio group not answered: We require Anyscalers to be in-person at either our SF or Palo Alto office on Mondays, Tuesdays, and Thursdays. Which is your preferred location?
2025-05-15 14:12:03,602 - INFO - Required radio group not answered: Would you require visa sponsorship to work in the country in which this position is based?
2025-05-15 14:12:03,719 - INFO - Waiting for 4 required fields to be filled: ['_systemfield_name', '_systemfield_email', 'We require Anyscalers to be in-person at either our SF or Palo Alto office on Mondays, Tuesdays, and Thursdays. Which is your preferred location?', 'Would you require visa sponsorship to work in the country in which this position is based?']
2025-05-15 14:12:05,768 - INFO - Required field not filled: _systemfield_name
2025-05-15 14:12:05,790 - INFO - Required field not filled: _systemfield_email
2025-05-15 14:12:05,918 - INFO - Required radio group not answered: We require Anyscalers to be in-person at either our SF or Palo Alto office on Mondays, Tuesdays, and Thursdays. Which is your preferred location?
2025-05-15 14:12:05,952 - INFO - Required radio group not answered: Would you require visa sponsorship to work in the country in which this position is based?
2025-05-15 14:12:06,034 - INFO - Waiting for 4 required fields to be filled: ['_systemfield_name', '_systemfield_email', 'We require Anyscalers to be in-person at either our SF or Palo Alto office on Mondays, Tuesdays, and Thursdays. Which is your preferred location?', 'Would you require visa sponsorship to work in the country in which this position is based?']
2025-05-15 14:12:08,067 - INFO - Required field not filled: _systemfield_name
2025-05-15 14:12:08,090 - INFO - Required field not filled: _systemfield_email
2025-05-15 14:12:08,202 - INFO - Required radio group not answered: We require Anyscalers to be in-person at either our SF or Palo Alto office on Mondays, Tuesdays, and Thursdays. Which is your preferred location?
2025-05-15 14:12:08,235 - INFO - Required radio group not answered: Would you require visa sponsorship to work in the country in which this position is based?
2025-05-15 14:12:08,319 - INFO - Waiting for 4 required fields to be filled: ['_systemfield_name', '_systemfield_email', 'We require Anyscalers to be in-person at either our SF or Palo Alto office on Mondays, Tuesdays, and Thursdays. Which is your preferred location?', 'Would you require visa sponsorship to work in the country in which this position is based?']
2025-05-15 14:12:10,364 - INFO - Required field not filled: _systemfield_name
2025-05-15 14:12:10,367 - INFO - Required field not filled: _systemfield_email
2025-05-15 14:12:10,502 - INFO - Required radio group not answered: We require Anyscalers to be in-person at either our SF or Palo Alto office on Mondays, Tuesdays, and Thursdays. Which is your preferred location?
2025-05-15 14:12:10,537 - INFO - Required radio group not answered: Would you require visa sponsorship to work in the country in which this position is based?
2025-05-15 14:12:10,636 - INFO - Waiting for 4 required fields to be filled: ['_systemfield_name', '_systemfield_email', 'We require Anyscalers to be in-person at either our SF or Palo Alto office on Mondays, Tuesdays, and Thursdays. Which is your preferred location?', 'Would you require visa sponsorship to work in the country in which this position is based?']
2025-05-15 14:12:12,690 - INFO - Required field not filled: _systemfield_name
2025-05-15 14:12:12,704 - INFO - Required field not filled: _systemfield_email
2025-05-15 14:12:12,836 - INFO - Required radio group not answered: We require Anyscalers to be in-person at either our SF or Palo Alto office on Mondays, Tuesdays, and Thursdays. Which is your preferred location?
2025-05-15 14:12:12,869 - INFO - Required radio group not answered: Would you require visa sponsorship to work in the country in which this position is based?
2025-05-15 14:12:12,969 - INFO - Waiting for 4 required fields to be filled: ['_systemfield_name', '_systemfield_email', 'We require Anyscalers to be in-person at either our SF or Palo Alto office on Mondays, Tuesdays, and Thursdays. Which is your preferred location?', 'Would you require visa sponsorship to work in the country in which this position is based?']
2025-05-15 14:12:15,056 - INFO - Required field not filled: _systemfield_name
2025-05-15 14:12:15,080 - INFO - Required field not filled: _systemfield_email
2025-05-15 14:12:15,204 - INFO - Required radio group not answered: We require Anyscalers to be in-person at either our SF or Palo Alto office on Mondays, Tuesdays, and Thursdays. Which is your preferred location?
2025-05-15 14:12:15,237 - INFO - Required radio group not answered: Would you require visa sponsorship to work in the country in which this position is based?
2025-05-15 14:12:15,342 - INFO - Waiting for 4 required fields to be filled: ['_systemfield_name', '_systemfield_email', 'We require Anyscalers to be in-person at either our SF or Palo Alto office on Mondays, Tuesdays, and Thursdays. Which is your preferred location?', 'Would you require visa sponsorship to work in the country in which this position is based?']
2025-05-15 14:12:17,400 - INFO - Required field not filled: _systemfield_name
2025-05-15 14:12:17,430 - INFO - Required field not filled: _systemfield_email
2025-05-15 14:12:17,566 - INFO - Required radio group not answered: We require Anyscalers to be in-person at either our SF or Palo Alto office on Mondays, Tuesdays, and Thursdays. Which is your preferred location?
2025-05-15 14:12:17,616 - INFO - Required radio group not answered: Would you require visa sponsorship to work in the country in which this position is based?
2025-05-15 14:12:17,733 - INFO - Waiting for 4 required fields to be filled: ['_systemfield_name', '_systemfield_email', 'We require Anyscalers to be in-person at either our SF or Palo Alto office on Mondays, Tuesdays, and Thursdays. Which is your preferred location?', 'Would you require visa sponsorship to work in the country in which this position is based?']
2025-05-15 14:12:19,783 - INFO - Required field not filled: _systemfield_name
2025-05-15 14:12:19,817 - INFO - Required field not filled: _systemfield_email
2025-05-15 14:12:19,933 - INFO - Required radio group not answered: We require Anyscalers to be in-person at either our SF or Palo Alto office on Mondays, Tuesdays, and Thursdays. Which is your preferred location?
2025-05-15 14:12:19,983 - INFO - Required radio group not answered: Would you require visa sponsorship to work in the country in which this position is based?
2025-05-15 14:12:20,098 - INFO - Waiting for 4 required fields to be filled: ['_systemfield_name', '_systemfield_email', 'We require Anyscalers to be in-person at either our SF or Palo Alto office on Mondays, Tuesdays, and Thursdays. Which is your preferred location?', 'Would you require visa sponsorship to work in the country in which this position is based?']
2025-05-15 14:12:22,117 - INFO - Required field not filled: _systemfield_name
2025-05-15 14:12:22,146 - INFO - Required field not filled: _systemfield_email
2025-05-15 14:12:22,267 - INFO - Required radio group not answered: We require Anyscalers to be in-person at either our SF or Palo Alto office on Mondays, Tuesdays, and Thursdays. Which is your preferred location?
2025-05-15 14:12:22,304 - INFO - Required radio group not answered: Would you require visa sponsorship to work in the country in which this position is based?
2025-05-15 14:12:22,406 - INFO - Waiting for 4 required fields to be filled: ['_systemfield_name', '_systemfield_email', 'We require Anyscalers to be in-person at either our SF or Palo Alto office on Mondays, Tuesdays, and Thursdays. Which is your preferred location?', 'Would you require visa sponsorship to work in the country in which this position is based?']
2025-05-15 14:12:24,439 - INFO - Required field not filled: _systemfield_name
2025-05-15 14:12:24,456 - INFO - Required field not filled: _systemfield_email
2025-05-15 14:12:24,600 - INFO - Required radio group not answered: We require Anyscalers to be in-person at either our SF or Palo Alto office on Mondays, Tuesdays, and Thursdays. Which is your preferred location?
2025-05-15 14:12:24,632 - INFO - Required radio group not answered: Would you require visa sponsorship to work in the country in which this position is based?
2025-05-15 14:12:24,732 - INFO - Waiting for 4 required fields to be filled: ['_systemfield_name', '_systemfield_email', 'We require Anyscalers to be in-person at either our SF or Palo Alto office on Mondays, Tuesdays, and Thursdays. Which is your preferred location?', 'Would you require visa sponsorship to work in the country in which this position is based?']
2025-05-15 14:12:26,784 - INFO - Required field not filled: _systemfield_name
2025-05-15 14:12:26,800 - INFO - Required field not filled: _systemfield_email
2025-05-15 14:12:26,933 - INFO - Required radio group not answered: We require Anyscalers to be in-person at either our SF or Palo Alto office on Mondays, Tuesdays, and Thursdays. Which is your preferred location?
2025-05-15 14:12:26,968 - INFO - Required radio group not answered: Would you require visa sponsorship to work in the country in which this position is based?
2025-05-15 14:12:27,083 - INFO - Waiting for 4 required fields to be filled: ['_systemfield_name', '_systemfield_email', 'We require Anyscalers to be in-person at either our SF or Palo Alto office on Mondays, Tuesdays, and Thursdays. Which is your preferred location?', 'Would you require visa sponsorship to work in the country in which this position is based?']
2025-05-15 14:12:29,134 - INFO - Required field not filled: _systemfield_name
2025-05-15 14:12:29,150 - INFO - Required field not filled: _systemfield_email
2025-05-15 14:12:29,294 - INFO - Required radio group not answered: We require Anyscalers to be in-person at either our SF or Palo Alto office on Mondays, Tuesdays, and Thursdays. Which is your preferred location?
2025-05-15 14:12:29,321 - INFO - Required radio group not answered: Would you require visa sponsorship to work in the country in which this position is based?
2025-05-15 14:12:29,434 - INFO - Waiting for 4 required fields to be filled: ['_systemfield_name', '_systemfield_email', 'We require Anyscalers to be in-person at either our SF or Palo Alto office on Mondays, Tuesdays, and Thursdays. Which is your preferred location?', 'Would you require visa sponsorship to work in the country in which this position is based?']
2025-05-15 14:12:31,464 - INFO - Required field not filled: _systemfield_name
2025-05-15 14:12:31,480 - INFO - Required field not filled: _systemfield_email
2025-05-15 14:12:31,614 - INFO - Required radio group not answered: We require Anyscalers to be in-person at either our SF or Palo Alto office on Mondays, Tuesdays, and Thursdays. Which is your preferred location?
2025-05-15 14:12:31,662 - INFO - Required radio group not answered: Would you require visa sponsorship to work in the country in which this position is based?
2025-05-15 14:12:31,778 - INFO - Waiting for 4 required fields to be filled: ['_systemfield_name', '_systemfield_email', 'We require Anyscalers to be in-person at either our SF or Palo Alto office on Mondays, Tuesdays, and Thursdays. Which is your preferred location?', 'Would you require visa sponsorship to work in the country in which this position is based?']
2025-05-15 14:12:33,815 - INFO - Required field not filled: _systemfield_name
2025-05-15 14:12:33,839 - INFO - Required field not filled: _systemfield_email
2025-05-15 14:12:33,964 - INFO - Required radio group not answered: We require Anyscalers to be in-person at either our SF or Palo Alto office on Mondays, Tuesdays, and Thursdays. Which is your preferred location?
2025-05-15 14:12:34,043 - INFO - Required radio group not answered: Would you require visa sponsorship to work in the country in which this position is based?
2025-05-15 14:12:34,158 - INFO - Waiting for 4 required fields to be filled: ['_systemfield_name', '_systemfield_email', 'We require Anyscalers to be in-person at either our SF or Palo Alto office on Mondays, Tuesdays, and Thursdays. Which is your preferred location?', 'Would you require visa sponsorship to work in the country in which this position is based?']
2025-05-15 14:12:36,181 - INFO - Required field not filled: _systemfield_name
2025-05-15 14:12:36,197 - INFO - Required field not filled: _systemfield_email
2025-05-15 14:12:36,342 - INFO - Required radio group not answered: We require Anyscalers to be in-person at either our SF or Palo Alto office on Mondays, Tuesdays, and Thursdays. Which is your preferred location?
2025-05-15 14:12:36,366 - INFO - Required radio group not answered: Would you require visa sponsorship to work in the country in which this position is based?
2025-05-15 14:12:36,479 - INFO - Waiting for 4 required fields to be filled: ['_systemfield_name', '_systemfield_email', 'We require Anyscalers to be in-person at either our SF or Palo Alto office on Mondays, Tuesdays, and Thursdays. Which is your preferred location?', 'Would you require visa sponsorship to work in the country in which this position is based?']
2025-05-15 14:12:38,512 - INFO - Required field not filled: _systemfield_name
2025-05-15 14:12:38,526 - INFO - Required field not filled: _systemfield_email
2025-05-15 14:12:38,655 - INFO - Required radio group not answered: We require Anyscalers to be in-person at either our SF or Palo Alto office on Mondays, Tuesdays, and Thursdays. Which is your preferred location?
2025-05-15 14:12:38,682 - INFO - Required radio group not answered: Would you require visa sponsorship to work in the country in which this position is based?
2025-05-15 14:12:38,792 - INFO - Waiting for 4 required fields to be filled: ['_systemfield_name', '_systemfield_email', 'We require Anyscalers to be in-person at either our SF or Palo Alto office on Mondays, Tuesdays, and Thursdays. Which is your preferred location?', 'Would you require visa sponsorship to work in the country in which this position is based?']
2025-05-15 14:12:40,866 - INFO - Required field not filled: _systemfield_name
2025-05-15 14:12:40,891 - INFO - Required field not filled: _systemfield_email
2025-05-15 14:12:41,014 - INFO - Required radio group not answered: We require Anyscalers to be in-person at either our SF or Palo Alto office on Mondays, Tuesdays, and Thursdays. Which is your preferred location?
2025-05-15 14:12:41,048 - INFO - Required radio group not answered: Would you require visa sponsorship to work in the country in which this position is based?
2025-05-15 14:12:41,153 - INFO - Waiting for 4 required fields to be filled: ['_systemfield_name', '_systemfield_email', 'We require Anyscalers to be in-person at either our SF or Palo Alto office on Mondays, Tuesdays, and Thursdays. Which is your preferred location?', 'Would you require visa sponsorship to work in the country in which this position is based?']
2025-05-15 14:12:43,225 - INFO - Required field not filled: _systemfield_name
2025-05-15 14:12:43,249 - INFO - Required field not filled: _systemfield_email
2025-05-15 14:12:43,387 - INFO - Required radio group not answered: We require Anyscalers to be in-person at either our SF or Palo Alto office on Mondays, Tuesdays, and Thursdays. Which is your preferred location?
2025-05-15 14:12:43,443 - INFO - Required radio group not answered: Would you require visa sponsorship to work in the country in which this position is based?
2025-05-15 14:12:43,548 - INFO - Waiting for 4 required fields to be filled: ['_systemfield_name', '_systemfield_email', 'We require Anyscalers to be in-person at either our SF or Palo Alto office on Mondays, Tuesdays, and Thursdays. Which is your preferred location?', 'Would you require visa sponsorship to work in the country in which this position is based?']
2025-05-15 14:12:45,580 - INFO - Required field not filled: _systemfield_name
2025-05-15 14:12:45,603 - INFO - Required field not filled: _systemfield_email
2025-05-15 14:12:45,743 - INFO - Required radio group not answered: We require Anyscalers to be in-person at either our SF or Palo Alto office on Mondays, Tuesdays, and Thursdays. Which is your preferred location?
2025-05-15 14:12:45,780 - INFO - Required radio group not answered: Would you require visa sponsorship to work in the country in which this position is based?
2025-05-15 14:12:45,889 - INFO - Waiting for 4 required fields to be filled: ['_systemfield_name', '_systemfield_email', 'We require Anyscalers to be in-person at either our SF or Palo Alto office on Mondays, Tuesdays, and Thursdays. Which is your preferred location?', 'Would you require visa sponsorship to work in the country in which this position is based?']
2025-05-15 14:12:47,963 - INFO - Required field not filled: _systemfield_name
2025-05-15 14:12:47,998 - INFO - Required field not filled: _systemfield_email
2025-05-15 14:12:48,140 - INFO - Required radio group not answered: We require Anyscalers to be in-person at either our SF or Palo Alto office on Mondays, Tuesdays, and Thursdays. Which is your preferred location?
2025-05-15 14:12:48,164 - INFO - Required radio group not answered: Would you require visa sponsorship to work in the country in which this position is based?
2025-05-15 14:12:48,288 - INFO - Waiting for 4 required fields to be filled: ['_systemfield_name', '_systemfield_email', 'We require Anyscalers to be in-person at either our SF or Palo Alto office on Mondays, Tuesdays, and Thursdays. Which is your preferred location?', 'Would you require visa sponsorship to work in the country in which this position is based?']
2025-05-15 14:12:50,312 - INFO - Required field not filled: _systemfield_name
2025-05-15 14:12:50,343 - INFO - Required field not filled: _systemfield_email
2025-05-15 14:12:50,480 - INFO - Required radio group not answered: We require Anyscalers to be in-person at either our SF or Palo Alto office on Mondays, Tuesdays, and Thursdays. Which is your preferred location?
2025-05-15 14:12:50,514 - INFO - Required radio group not answered: Would you require visa sponsorship to work in the country in which this position is based?
2025-05-15 14:12:50,622 - INFO - Waiting for 4 required fields to be filled: ['_systemfield_name', '_systemfield_email', 'We require Anyscalers to be in-person at either our SF or Palo Alto office on Mondays, Tuesdays, and Thursdays. Which is your preferred location?', 'Would you require visa sponsorship to work in the country in which this position is based?']
2025-05-15 14:12:52,696 - INFO - Required field not filled: _systemfield_name
2025-05-15 14:12:52,719 - INFO - Required field not filled: _systemfield_email
2025-05-15 14:12:52,854 - INFO - Required radio group not answered: We require Anyscalers to be in-person at either our SF or Palo Alto office on Mondays, Tuesdays, and Thursdays. Which is your preferred location?
2025-05-15 14:12:52,897 - INFO - Required radio group not answered: Would you require visa sponsorship to work in the country in which this position is based?
2025-05-15 14:12:53,007 - INFO - Waiting for 4 required fields to be filled: ['_systemfield_name', '_systemfield_email', 'We require Anyscalers to be in-person at either our SF or Palo Alto office on Mondays, Tuesdays, and Thursdays. Which is your preferred location?', 'Would you require visa sponsorship to work in the country in which this position is based?']
2025-05-15 14:12:55,079 - INFO - Required field not filled: _systemfield_name
2025-05-15 14:12:55,097 - INFO - Required field not filled: _systemfield_email
2025-05-15 14:12:55,228 - INFO - Required radio group not answered: We require Anyscalers to be in-person at either our SF or Palo Alto office on Mondays, Tuesdays, and Thursdays. Which is your preferred location?
2025-05-15 14:12:55,271 - INFO - Required radio group not answered: Would you require visa sponsorship to work in the country in which this position is based?
2025-05-15 14:12:55,378 - INFO - Waiting for 4 required fields to be filled: ['_systemfield_name', '_systemfield_email', 'We require Anyscalers to be in-person at either our SF or Palo Alto office on Mondays, Tuesdays, and Thursdays. Which is your preferred location?', 'Would you require visa sponsorship to work in the country in which this position is based?']
2025-05-15 14:12:57,412 - INFO - Required field not filled: _systemfield_name
2025-05-15 14:12:57,437 - INFO - Required field not filled: _systemfield_email
2025-05-15 14:12:57,572 - INFO - Required radio group not answered: We require Anyscalers to be in-person at either our SF or Palo Alto office on Mondays, Tuesdays, and Thursdays. Which is your preferred location?
2025-05-15 14:12:57,596 - INFO - Required radio group not answered: Would you require visa sponsorship to work in the country in which this position is based?
2025-05-15 14:12:57,743 - INFO - Waiting for 4 required fields to be filled: ['_systemfield_name', '_systemfield_email', 'We require Anyscalers to be in-person at either our SF or Palo Alto office on Mondays, Tuesdays, and Thursdays. Which is your preferred location?', 'Would you require visa sponsorship to work in the country in which this position is based?']
2025-05-15 14:12:59,778 - INFO - Required field not filled: _systemfield_name
2025-05-15 14:12:59,811 - INFO - Required field not filled: _systemfield_email
2025-05-15 14:12:59,952 - INFO - Required radio group not answered: We require Anyscalers to be in-person at either our SF or Palo Alto office on Mondays, Tuesdays, and Thursdays. Which is your preferred location?
2025-05-15 14:12:59,988 - INFO - Required radio group not answered: Would you require visa sponsorship to work in the country in which this position is based?
2025-05-15 14:13:00,086 - INFO - Waiting for 4 required fields to be filled: ['_systemfield_name', '_systemfield_email', 'We require Anyscalers to be in-person at either our SF or Palo Alto office on Mondays, Tuesdays, and Thursdays. Which is your preferred location?', 'Would you require visa sponsorship to work in the country in which this position is based?']
2025-05-15 14:13:02,136 - INFO - Required field not filled: _systemfield_name
2025-05-15 14:13:02,151 - INFO - Required field not filled: _systemfield_email
2025-05-15 14:13:02,308 - INFO - Required radio group not answered: We require Anyscalers to be in-person at either our SF or Palo Alto office on Mondays, Tuesdays, and Thursdays. Which is your preferred location?
2025-05-15 14:13:02,349 - INFO - Required radio group not answered: Would you require visa sponsorship to work in the country in which this position is based?
2025-05-15 14:13:02,459 - INFO - Waiting for 4 required fields to be filled: ['_systemfield_name', '_systemfield_email', 'We require Anyscalers to be in-person at either our SF or Palo Alto office on Mondays, Tuesdays, and Thursdays. Which is your preferred location?', 'Would you require visa sponsorship to work in the country in which this position is based?']
2025-05-15 14:13:04,490 - INFO - Required field not filled: _systemfield_name
2025-05-15 14:13:04,495 - INFO - Required field not filled: _systemfield_email
2025-05-15 14:13:04,643 - INFO - Required radio group not answered: We require Anyscalers to be in-person at either our SF or Palo Alto office on Mondays, Tuesdays, and Thursdays. Which is your preferred location?
2025-05-15 14:13:04,687 - INFO - Required radio group not answered: Would you require visa sponsorship to work in the country in which this position is based?
2025-05-15 14:13:04,799 - INFO - Waiting for 4 required fields to be filled: ['_systemfield_name', '_systemfield_email', 'We require Anyscalers to be in-person at either our SF or Palo Alto office on Mondays, Tuesdays, and Thursdays. Which is your preferred location?', 'Would you require visa sponsorship to work in the country in which this position is based?']
2025-05-15 14:13:06,863 - INFO - Required field not filled: _systemfield_name
2025-05-15 14:13:06,885 - INFO - Required field not filled: _systemfield_email
2025-05-15 14:13:07,029 - INFO - Required radio group not answered: We require Anyscalers to be in-person at either our SF or Palo Alto office on Mondays, Tuesdays, and Thursdays. Which is your preferred location?
2025-05-15 14:13:07,062 - INFO - Required radio group not answered: Would you require visa sponsorship to work in the country in which this position is based?
2025-05-15 14:13:07,183 - INFO - Waiting for 4 required fields to be filled: ['_systemfield_name', '_systemfield_email', 'We require Anyscalers to be in-person at either our SF or Palo Alto office on Mondays, Tuesdays, and Thursdays. Which is your preferred location?', 'Would you require visa sponsorship to work in the country in which this position is based?']
2025-05-15 14:13:09,240 - INFO - Required field not filled: _systemfield_name
2025-05-15 14:13:09,254 - INFO - Required field not filled: _systemfield_email
2025-05-15 14:13:09,391 - INFO - Required radio group not answered: We require Anyscalers to be in-person at either our SF or Palo Alto office on Mondays, Tuesdays, and Thursdays. Which is your preferred location?
2025-05-15 14:13:09,427 - INFO - Required radio group not answered: Would you require visa sponsorship to work in the country in which this position is based?
2025-05-15 14:13:09,544 - INFO - Waiting for 4 required fields to be filled: ['_systemfield_name', '_systemfield_email', 'We require Anyscalers to be in-person at either our SF or Palo Alto office on Mondays, Tuesdays, and Thursdays. Which is your preferred location?', 'Would you require visa sponsorship to work in the country in which this position is based?']
2025-05-15 14:13:11,625 - INFO - Required field not filled: _systemfield_name
2025-05-15 14:13:11,645 - INFO - Required field not filled: _systemfield_email
2025-05-15 14:13:11,780 - INFO - Required radio group not answered: We require Anyscalers to be in-person at either our SF or Palo Alto office on Mondays, Tuesdays, and Thursdays. Which is your preferred location?
2025-05-15 14:13:11,812 - INFO - Required radio group not answered: Would you require visa sponsorship to work in the country in which this position is based?
2025-05-15 14:13:11,923 - INFO - Waiting for 4 required fields to be filled: ['_systemfield_name', '_systemfield_email', 'We require Anyscalers to be in-person at either our SF or Palo Alto office on Mondays, Tuesdays, and Thursdays. Which is your preferred location?', 'Would you require visa sponsorship to work in the country in which this position is based?']
2025-05-15 14:13:13,993 - INFO - Required field not filled: _systemfield_name
2025-05-15 14:13:14,006 - INFO - Required field not filled: _systemfield_email
2025-05-15 14:13:14,141 - INFO - Required radio group not answered: We require Anyscalers to be in-person at either our SF or Palo Alto office on Mondays, Tuesdays, and Thursdays. Which is your preferred location?
2025-05-15 14:13:14,181 - INFO - Required radio group not answered: Would you require visa sponsorship to work in the country in which this position is based?
2025-05-15 14:13:14,293 - INFO - Waiting for 4 required fields to be filled: ['_systemfield_name', '_systemfield_email', 'We require Anyscalers to be in-person at either our SF or Palo Alto office on Mondays, Tuesdays, and Thursdays. Which is your preferred location?', 'Would you require visa sponsorship to work in the country in which this position is based?']
2025-05-15 14:13:16,375 - INFO - Required field not filled: _systemfield_name
2025-05-15 14:13:16,395 - INFO - Required field not filled: _systemfield_email
2025-05-15 14:13:16,542 - INFO - Required radio group not answered: We require Anyscalers to be in-person at either our SF or Palo Alto office on Mondays, Tuesdays, and Thursdays. Which is your preferred location?
2025-05-15 14:13:16,587 - INFO - Required radio group not answered: Would you require visa sponsorship to work in the country in which this position is based?
2025-05-15 14:13:16,709 - INFO - Waiting for 4 required fields to be filled: ['_systemfield_name', '_systemfield_email', 'We require Anyscalers to be in-person at either our SF or Palo Alto office on Mondays, Tuesdays, and Thursdays. Which is your preferred location?', 'Would you require visa sponsorship to work in the country in which this position is based?']
2025-05-15 14:13:18,797 - INFO - Required field not filled: _systemfield_name
2025-05-15 14:13:18,815 - INFO - Required field not filled: _systemfield_email
2025-05-15 14:13:18,959 - INFO - Required radio group not answered: We require Anyscalers to be in-person at either our SF or Palo Alto office on Mondays, Tuesdays, and Thursdays. Which is your preferred location?
2025-05-15 14:13:19,006 - INFO - Required radio group not answered: Would you require visa sponsorship to work in the country in which this position is based?
2025-05-15 14:13:19,121 - INFO - Waiting for 4 required fields to be filled: ['_systemfield_name', '_systemfield_email', 'We require Anyscalers to be in-person at either our SF or Palo Alto office on Mondays, Tuesdays, and Thursdays. Which is your preferred location?', 'Would you require visa sponsorship to work in the country in which this position is based?']
2025-05-15 14:13:21,175 - INFO - Required field not filled: _systemfield_name
2025-05-15 14:13:21,194 - INFO - Required field not filled: _systemfield_email
2025-05-15 14:13:21,330 - INFO - Required radio group not answered: We require Anyscalers to be in-person at either our SF or Palo Alto office on Mondays, Tuesdays, and Thursdays. Which is your preferred location?
2025-05-15 14:13:21,361 - INFO - Required radio group not answered: Would you require visa sponsorship to work in the country in which this position is based?
2025-05-15 14:13:21,471 - INFO - Waiting for 4 required fields to be filled: ['_systemfield_name', '_systemfield_email', 'We require Anyscalers to be in-person at either our SF or Palo Alto office on Mondays, Tuesdays, and Thursdays. Which is your preferred location?', 'Would you require visa sponsorship to work in the country in which this position is based?']
2025-05-15 14:13:23,549 - INFO - Required field not filled: _systemfield_name
2025-05-15 14:13:23,572 - INFO - Required field not filled: _systemfield_email
2025-05-15 14:13:23,701 - INFO - Required radio group not answered: We require Anyscalers to be in-person at either our SF or Palo Alto office on Mondays, Tuesdays, and Thursdays. Which is your preferred location?
2025-05-15 14:13:23,734 - INFO - Required radio group not answered: Would you require visa sponsorship to work in the country in which this position is based?
2025-05-15 14:13:23,840 - INFO - Waiting for 4 required fields to be filled: ['_systemfield_name', '_systemfield_email', 'We require Anyscalers to be in-person at either our SF or Palo Alto office on Mondays, Tuesdays, and Thursdays. Which is your preferred location?', 'Would you require visa sponsorship to work in the country in which this position is based?']
2025-05-15 14:13:25,877 - INFO - Required field not filled: _systemfield_name
2025-05-15 14:13:25,892 - INFO - Required field not filled: _systemfield_email
2025-05-15 14:13:26,035 - INFO - Required radio group not answered: We require Anyscalers to be in-person at either our SF or Palo Alto office on Mondays, Tuesdays, and Thursdays. Which is your preferred location?
2025-05-15 14:13:26,075 - INFO - Required radio group not answered: Would you require visa sponsorship to work in the country in which this position is based?
2025-05-15 14:13:26,176 - INFO - Waiting for 4 required fields to be filled: ['_systemfield_name', '_systemfield_email', 'We require Anyscalers to be in-person at either our SF or Palo Alto office on Mondays, Tuesdays, and Thursdays. Which is your preferred location?', 'Would you require visa sponsorship to work in the country in which this position is based?']
2025-05-15 14:13:28,241 - INFO - Required field not filled: _systemfield_name
2025-05-15 14:13:28,263 - INFO - Required field not filled: _systemfield_email
2025-05-15 14:13:28,407 - INFO - Required radio group not answered: We require Anyscalers to be in-person at either our SF or Palo Alto office on Mondays, Tuesdays, and Thursdays. Which is your preferred location?
2025-05-15 14:13:28,454 - INFO - Required radio group not answered: Would you require visa sponsorship to work in the country in which this position is based?
2025-05-15 14:13:28,562 - INFO - Waiting for 4 required fields to be filled: ['_systemfield_name', '_systemfield_email', 'We require Anyscalers to be in-person at either our SF or Palo Alto office on Mondays, Tuesdays, and Thursdays. Which is your preferred location?', 'Would you require visa sponsorship to work in the country in which this position is based?']
2025-05-15 14:13:30,592 - INFO - Required field not filled: _systemfield_name
2025-05-15 14:13:30,620 - INFO - Required field not filled: _systemfield_email
2025-05-15 14:13:30,758 - INFO - Required radio group not answered: We require Anyscalers to be in-person at either our SF or Palo Alto office on Mondays, Tuesdays, and Thursdays. Which is your preferred location?
2025-05-15 14:13:30,792 - INFO - Required radio group not answered: Would you require visa sponsorship to work in the country in which this position is based?
2025-05-15 14:13:30,909 - INFO - Waiting for 4 required fields to be filled: ['_systemfield_name', '_systemfield_email', 'We require Anyscalers to be in-person at either our SF or Palo Alto office on Mondays, Tuesdays, and Thursdays. Which is your preferred location?', 'Would you require visa sponsorship to work in the country in which this position is based?']
2025-05-15 14:13:32,973 - INFO - Required field not filled: _systemfield_name
2025-05-15 14:13:32,999 - INFO - Required field not filled: _systemfield_email
2025-05-15 14:13:33,140 - INFO - Required radio group not answered: We require Anyscalers to be in-person at either our SF or Palo Alto office on Mondays, Tuesdays, and Thursdays. Which is your preferred location?
2025-05-15 14:13:33,205 - INFO - Required radio group not answered: Would you require visa sponsorship to work in the country in which this position is based?
2025-05-15 14:13:33,313 - INFO - Waiting for 4 required fields to be filled: ['_systemfield_name', '_systemfield_email', 'We require Anyscalers to be in-person at either our SF or Palo Alto office on Mondays, Tuesdays, and Thursdays. Which is your preferred location?', 'Would you require visa sponsorship to work in the country in which this position is based?']
2025-05-15 14:13:35,351 - INFO - Required field not filled: _systemfield_name
2025-05-15 14:13:35,365 - INFO - Required field not filled: _systemfield_email
2025-05-15 14:13:35,507 - INFO - Required radio group not answered: We require Anyscalers to be in-person at either our SF or Palo Alto office on Mondays, Tuesdays, and Thursdays. Which is your preferred location?
2025-05-15 14:13:35,564 - INFO - Required radio group not answered: Would you require visa sponsorship to work in the country in which this position is based?
2025-05-15 14:13:35,668 - INFO - Waiting for 4 required fields to be filled: ['_systemfield_name', '_systemfield_email', 'We require Anyscalers to be in-person at either our SF or Palo Alto office on Mondays, Tuesdays, and Thursdays. Which is your preferred location?', 'Would you require visa sponsorship to work in the country in which this position is based?']
2025-05-15 14:13:37,721 - INFO - Required field not filled: _systemfield_name
2025-05-15 14:13:37,743 - INFO - Required field not filled: _systemfield_email
2025-05-15 14:13:37,873 - INFO - Required radio group not answered: We require Anyscalers to be in-person at either our SF or Palo Alto office on Mondays, Tuesdays, and Thursdays. Which is your preferred location?
2025-05-15 14:13:37,908 - INFO - Required radio group not answered: Would you require visa sponsorship to work in the country in which this position is based?
2025-05-15 14:13:38,020 - INFO - Waiting for 4 required fields to be filled: ['_systemfield_name', '_systemfield_email', 'We require Anyscalers to be in-person at either our SF or Palo Alto office on Mondays, Tuesdays, and Thursdays. Which is your preferred location?', 'Would you require visa sponsorship to work in the country in which this position is based?']
2025-05-15 14:13:40,057 - INFO - Required field not filled: _systemfield_name
2025-05-15 14:13:40,075 - INFO - Required field not filled: _systemfield_email
2025-05-15 14:13:40,211 - INFO - Required radio group not answered: We require Anyscalers to be in-person at either our SF or Palo Alto office on Mondays, Tuesdays, and Thursdays. Which is your preferred location?
2025-05-15 14:13:40,248 - INFO - Required radio group not answered: Would you require visa sponsorship to work in the country in which this position is based?
2025-05-15 14:13:40,363 - INFO - Waiting for 4 required fields to be filled: ['_systemfield_name', '_systemfield_email', 'We require Anyscalers to be in-person at either our SF or Palo Alto office on Mondays, Tuesdays, and Thursdays. Which is your preferred location?', 'Would you require visa sponsorship to work in the country in which this position is based?']
2025-05-15 14:13:42,446 - INFO - Required field not filled: _systemfield_name
2025-05-15 14:13:42,463 - INFO - Required field not filled: _systemfield_email
2025-05-15 14:13:42,628 - INFO - Required radio group not answered: We require Anyscalers to be in-person at either our SF or Palo Alto office on Mondays, Tuesdays, and Thursdays. Which is your preferred location?
2025-05-15 14:13:42,664 - INFO - Required radio group not answered: Would you require visa sponsorship to work in the country in which this position is based?
2025-05-15 14:13:42,774 - INFO - Waiting for 4 required fields to be filled: ['_systemfield_name', '_systemfield_email', 'We require Anyscalers to be in-person at either our SF or Palo Alto office on Mondays, Tuesdays, and Thursdays. Which is your preferred location?', 'Would you require visa sponsorship to work in the country in which this position is based?']
2025-05-15 14:13:44,822 - INFO - Required field not filled: _systemfield_name
2025-05-15 14:13:44,838 - INFO - Required field not filled: _systemfield_email
2025-05-15 14:13:44,973 - INFO - Required radio group not answered: We require Anyscalers to be in-person at either our SF or Palo Alto office on Mondays, Tuesdays, and Thursdays. Which is your preferred location?
2025-05-15 14:13:45,007 - INFO - Required radio group not answered: Would you require visa sponsorship to work in the country in which this position is based?
2025-05-15 14:13:45,132 - INFO - Waiting for 4 required fields to be filled: ['_systemfield_name', '_systemfield_email', 'We require Anyscalers to be in-person at either our SF or Palo Alto office on Mondays, Tuesdays, and Thursdays. Which is your preferred location?', 'Would you require visa sponsorship to work in the country in which this position is based?']
2025-05-15 14:13:47,172 - INFO - Required field not filled: _systemfield_name
2025-05-15 14:13:47,192 - INFO - Required field not filled: _systemfield_email
2025-05-15 14:13:47,337 - INFO - Required radio group not answered: We require Anyscalers to be in-person at either our SF or Palo Alto office on Mondays, Tuesdays, and Thursdays. Which is your preferred location?
2025-05-15 14:13:47,373 - INFO - Required radio group not answered: Would you require visa sponsorship to work in the country in which this position is based?
2025-05-15 14:13:47,492 - INFO - Waiting for 4 required fields to be filled: ['_systemfield_name', '_systemfield_email', 'We require Anyscalers to be in-person at either our SF or Palo Alto office on Mondays, Tuesdays, and Thursdays. Which is your preferred location?', 'Would you require visa sponsorship to work in the country in which this position is based?']
2025-05-15 14:13:49,535 - INFO - Required field not filled: _systemfield_name
2025-05-15 14:13:49,549 - INFO - Required field not filled: _systemfield_email
2025-05-15 14:13:49,656 - INFO - Required radio group not answered: We require Anyscalers to be in-person at either our SF or Palo Alto office on Mondays, Tuesdays, and Thursdays. Which is your preferred location?
2025-05-15 14:13:49,737 - INFO - Required radio group not answered: Would you require visa sponsorship to work in the country in which this position is based?
2025-05-15 14:13:49,853 - INFO - Waiting for 4 required fields to be filled: ['_systemfield_name', '_systemfield_email', 'We require Anyscalers to be in-person at either our SF or Palo Alto office on Mondays, Tuesdays, and Thursdays. Which is your preferred location?', 'Would you require visa sponsorship to work in the country in which this position is based?']
2025-05-15 14:13:51,887 - INFO - Required field not filled: _systemfield_name
2025-05-15 14:13:51,909 - INFO - Required field not filled: _systemfield_email
2025-05-15 14:13:52,050 - INFO - Required radio group not answered: We require Anyscalers to be in-person at either our SF or Palo Alto office on Mondays, Tuesdays, and Thursdays. Which is your preferred location?
2025-05-15 14:13:52,078 - INFO - Required radio group not answered: Would you require visa sponsorship to work in the country in which this position is based?
2025-05-15 14:13:52,205 - INFO - Waiting for 4 required fields to be filled: ['_systemfield_name', '_systemfield_email', 'We require Anyscalers to be in-person at either our SF or Palo Alto office on Mondays, Tuesdays, and Thursdays. Which is your preferred location?', 'Would you require visa sponsorship to work in the country in which this position is based?']
2025-05-15 14:13:54,291 - INFO - Required field not filled: _systemfield_name
2025-05-15 14:13:54,307 - INFO - Required field not filled: _systemfield_email
2025-05-15 14:13:54,439 - INFO - Required radio group not answered: We require Anyscalers to be in-person at either our SF or Palo Alto office on Mondays, Tuesdays, and Thursdays. Which is your preferred location?
2025-05-15 14:13:54,475 - INFO - Required radio group not answered: Would you require visa sponsorship to work in the country in which this position is based?
2025-05-15 14:13:54,580 - INFO - Waiting for 4 required fields to be filled: ['_systemfield_name', '_systemfield_email', 'We require Anyscalers to be in-person at either our SF or Palo Alto office on Mondays, Tuesdays, and Thursdays. Which is your preferred location?', 'Would you require visa sponsorship to work in the country in which this position is based?']
2025-05-15 14:13:56,666 - INFO - Required field not filled: _systemfield_name
2025-05-15 14:13:56,692 - INFO - Required field not filled: _systemfield_email
2025-05-15 14:13:56,826 - INFO - Required radio group not answered: We require Anyscalers to be in-person at either our SF or Palo Alto office on Mondays, Tuesdays, and Thursdays. Which is your preferred location?
2025-05-15 14:13:56,859 - INFO - Required radio group not answered: Would you require visa sponsorship to work in the country in which this position is based?
2025-05-15 14:13:56,959 - INFO - Waiting for 4 required fields to be filled: ['_systemfield_name', '_systemfield_email', 'We require Anyscalers to be in-person at either our SF or Palo Alto office on Mondays, Tuesdays, and Thursdays. Which is your preferred location?', 'Would you require visa sponsorship to work in the country in which this position is based?']
2025-05-15 14:13:59,021 - INFO - Required field not filled: _systemfield_name
2025-05-15 14:13:59,045 - INFO - Required field not filled: _systemfield_email
2025-05-15 14:13:59,183 - INFO - Required radio group not answered: We require Anyscalers to be in-person at either our SF or Palo Alto office on Mondays, Tuesdays, and Thursdays. Which is your preferred location?
2025-05-15 14:13:59,211 - INFO - Required radio group not answered: Would you require visa sponsorship to work in the country in which this position is based?
2025-05-15 14:13:59,345 - INFO - Waiting for 4 required fields to be filled: ['_systemfield_name', '_systemfield_email', 'We require Anyscalers to be in-person at either our SF or Palo Alto office on Mondays, Tuesdays, and Thursdays. Which is your preferred location?', 'Would you require visa sponsorship to work in the country in which this position is based?']
2025-05-15 14:14:01,405 - INFO - Required field not filled: _systemfield_name
2025-05-15 14:14:01,453 - INFO - Required field not filled: _systemfield_email
2025-05-15 14:14:01,583 - INFO - Required radio group not answered: We require Anyscalers to be in-person at either our SF or Palo Alto office on Mondays, Tuesdays, and Thursdays. Which is your preferred location?
2025-05-15 14:14:01,609 - INFO - Required radio group not answered: Would you require visa sponsorship to work in the country in which this position is based?
2025-05-15 14:14:01,708 - INFO - Waiting for 4 required fields to be filled: ['_systemfield_name', '_systemfield_email', 'We require Anyscalers to be in-person at either our SF or Palo Alto office on Mondays, Tuesdays, and Thursdays. Which is your preferred location?', 'Would you require visa sponsorship to work in the country in which this position is based?']
2025-05-15 14:14:03,781 - INFO - Required field not filled: _systemfield_name
2025-05-15 14:14:03,794 - INFO - Required field not filled: _systemfield_email
2025-05-15 14:14:03,932 - INFO - Required radio group not answered: We require Anyscalers to be in-person at either our SF or Palo Alto office on Mondays, Tuesdays, and Thursdays. Which is your preferred location?
2025-05-15 14:14:03,960 - INFO - Required radio group not answered: Would you require visa sponsorship to work in the country in which this position is based?
2025-05-15 14:14:04,065 - INFO - Waiting for 4 required fields to be filled: ['_systemfield_name', '_systemfield_email', 'We require Anyscalers to be in-person at either our SF or Palo Alto office on Mondays, Tuesdays, and Thursdays. Which is your preferred location?', 'Would you require visa sponsorship to work in the country in which this position is based?']
2025-05-15 14:14:06,142 - INFO - Required field not filled: _systemfield_name
2025-05-15 14:14:06,158 - INFO - Required field not filled: _systemfield_email
2025-05-15 14:14:06,286 - INFO - Required radio group not answered: We require Anyscalers to be in-person at either our SF or Palo Alto office on Mondays, Tuesdays, and Thursdays. Which is your preferred location?
2025-05-15 14:14:06,324 - INFO - Required radio group not answered: Would you require visa sponsorship to work in the country in which this position is based?
2025-05-15 14:14:06,429 - INFO - Waiting for 4 required fields to be filled: ['_systemfield_name', '_systemfield_email', 'We require Anyscalers to be in-person at either our SF or Palo Alto office on Mondays, Tuesdays, and Thursdays. Which is your preferred location?', 'Would you require visa sponsorship to work in the country in which this position is based?']
2025-05-15 14:14:08,504 - INFO - Required field not filled: _systemfield_name
2025-05-15 14:14:08,527 - INFO - Required field not filled: _systemfield_email
2025-05-15 14:14:08,654 - INFO - Required radio group not answered: We require Anyscalers to be in-person at either our SF or Palo Alto office on Mondays, Tuesdays, and Thursdays. Which is your preferred location?
2025-05-15 14:14:08,688 - INFO - Required radio group not answered: Would you require visa sponsorship to work in the country in which this position is based?
2025-05-15 14:14:08,797 - INFO - Waiting for 4 required fields to be filled: ['_systemfield_name', '_systemfield_email', 'We require Anyscalers to be in-person at either our SF or Palo Alto office on Mondays, Tuesdays, and Thursdays. Which is your preferred location?', 'Would you require visa sponsorship to work in the country in which this position is based?']
2025-05-15 14:14:10,847 - INFO - Required field not filled: _systemfield_name
2025-05-15 14:14:10,861 - INFO - Required field not filled: _systemfield_email
2025-05-15 14:14:11,027 - INFO - Required radio group not answered: We require Anyscalers to be in-person at either our SF or Palo Alto office on Mondays, Tuesdays, and Thursdays. Which is your preferred location?
2025-05-15 14:14:11,057 - INFO - Required radio group not answered: Would you require visa sponsorship to work in the country in which this position is based?
2025-05-15 14:14:11,177 - INFO - Waiting for 4 required fields to be filled: ['_systemfield_name', '_systemfield_email', 'We require Anyscalers to be in-person at either our SF or Palo Alto office on Mondays, Tuesdays, and Thursdays. Which is your preferred location?', 'Would you require visa sponsorship to work in the country in which this position is based?']
2025-05-15 14:14:13,266 - INFO - Required field not filled: _systemfield_name
2025-05-15 14:14:13,303 - INFO - Required field not filled: _systemfield_email
2025-05-15 14:14:13,424 - INFO - Required radio group not answered: We require Anyscalers to be in-person at either our SF or Palo Alto office on Mondays, Tuesdays, and Thursdays. Which is your preferred location?
2025-05-15 14:14:13,457 - INFO - Required radio group not answered: Would you require visa sponsorship to work in the country in which this position is based?
2025-05-15 14:14:13,563 - INFO - Waiting for 4 required fields to be filled: ['_systemfield_name', '_systemfield_email', 'We require Anyscalers to be in-person at either our SF or Palo Alto office on Mondays, Tuesdays, and Thursdays. Which is your preferred location?', 'Would you require visa sponsorship to work in the country in which this position is based?']
2025-05-15 14:14:15,642 - INFO - Required field not filled: _systemfield_name
2025-05-15 14:14:15,674 - INFO - Required field not filled: _systemfield_email
2025-05-15 14:14:15,812 - INFO - Required radio group not answered: We require Anyscalers to be in-person at either our SF or Palo Alto office on Mondays, Tuesdays, and Thursdays. Which is your preferred location?
2025-05-15 14:14:15,852 - INFO - Required radio group not answered: Would you require visa sponsorship to work in the country in which this position is based?
2025-05-15 14:14:15,974 - INFO - Waiting for 4 required fields to be filled: ['_systemfield_name', '_systemfield_email', 'We require Anyscalers to be in-person at either our SF or Palo Alto office on Mondays, Tuesdays, and Thursdays. Which is your preferred location?', 'Would you require visa sponsorship to work in the country in which this position is based?']
2025-05-15 14:14:18,017 - INFO - Required field not filled: _systemfield_name
2025-05-15 14:14:18,031 - INFO - Required field not filled: _systemfield_email
2025-05-15 14:14:18,151 - INFO - Required radio group not answered: We require Anyscalers to be in-person at either our SF or Palo Alto office on Mondays, Tuesdays, and Thursdays. Which is your preferred location?
2025-05-15 14:14:18,186 - INFO - Required radio group not answered: Would you require visa sponsorship to work in the country in which this position is based?
2025-05-15 14:14:18,296 - INFO - Waiting for 4 required fields to be filled: ['_systemfield_name', '_systemfield_email', 'We require Anyscalers to be in-person at either our SF or Palo Alto office on Mondays, Tuesdays, and Thursdays. Which is your preferred location?', 'Would you require visa sponsorship to work in the country in which this position is based?']
2025-05-15 14:14:20,343 - INFO - Required field not filled: _systemfield_name
2025-05-15 14:14:20,357 - INFO - Required field not filled: _systemfield_email
2025-05-15 14:14:20,511 - INFO - Required radio group not answered: We require Anyscalers to be in-person at either our SF or Palo Alto office on Mondays, Tuesdays, and Thursdays. Which is your preferred location?
2025-05-15 14:14:20,553 - INFO - Required radio group not answered: Would you require visa sponsorship to work in the country in which this position is based?
2025-05-15 14:14:20,660 - INFO - Waiting for 4 required fields to be filled: ['_systemfield_name', '_systemfield_email', 'We require Anyscalers to be in-person at either our SF or Palo Alto office on Mondays, Tuesdays, and Thursdays. Which is your preferred location?', 'Would you require visa sponsorship to work in the country in which this position is based?']
2025-05-15 14:14:22,685 - INFO - Required field not filled: _systemfield_name
2025-05-15 14:14:22,702 - INFO - Required field not filled: _systemfield_email
2025-05-15 14:14:22,839 - INFO - Required radio group not answered: We require Anyscalers to be in-person at either our SF or Palo Alto office on Mondays, Tuesdays, and Thursdays. Which is your preferred location?
2025-05-15 14:14:22,885 - INFO - Required radio group not answered: Would you require visa sponsorship to work in the country in which this position is based?
2025-05-15 14:14:22,994 - INFO - Waiting for 4 required fields to be filled: ['_systemfield_name', '_systemfield_email', 'We require Anyscalers to be in-person at either our SF or Palo Alto office on Mondays, Tuesdays, and Thursdays. Which is your preferred location?', 'Would you require visa sponsorship to work in the country in which this position is based?']
2025-05-15 14:14:25,069 - INFO - Required field not filled: _systemfield_name
2025-05-15 14:14:25,091 - INFO - Required field not filled: _systemfield_email
2025-05-15 14:14:25,218 - INFO - Required radio group not answered: We require Anyscalers to be in-person at either our SF or Palo Alto office on Mondays, Tuesdays, and Thursdays. Which is your preferred location?
2025-05-15 14:14:25,285 - INFO - Required radio group not answered: Would you require visa sponsorship to work in the country in which this position is based?
2025-05-15 14:14:25,385 - INFO - Waiting for 4 required fields to be filled: ['_systemfield_name', '_systemfield_email', 'We require Anyscalers to be in-person at either our SF or Palo Alto office on Mondays, Tuesdays, and Thursdays. Which is your preferred location?', 'Would you require visa sponsorship to work in the country in which this position is based?']
2025-05-15 14:14:27,460 - INFO - Required field not filled: _systemfield_name
2025-05-15 14:14:27,470 - INFO - Required field not filled: _systemfield_email
2025-05-15 14:14:27,608 - INFO - Required radio group not answered: We require Anyscalers to be in-person at either our SF or Palo Alto office on Mondays, Tuesdays, and Thursdays. Which is your preferred location?
2025-05-15 14:14:27,639 - INFO - Required radio group not answered: Would you require visa sponsorship to work in the country in which this position is based?
2025-05-15 14:14:27,742 - INFO - Waiting for 4 required fields to be filled: ['_systemfield_name', '_systemfield_email', 'We require Anyscalers to be in-person at either our SF or Palo Alto office on Mondays, Tuesdays, and Thursdays. Which is your preferred location?', 'Would you require visa sponsorship to work in the country in which this position is based?']
2025-05-15 14:14:29,820 - INFO - Required field not filled: _systemfield_name
2025-05-15 14:14:29,849 - INFO - Required field not filled: _systemfield_email
2025-05-15 14:14:29,967 - INFO - Required radio group not answered: We require Anyscalers to be in-person at either our SF or Palo Alto office on Mondays, Tuesdays, and Thursdays. Which is your preferred location?
2025-05-15 14:14:30,005 - INFO - Required radio group not answered: Would you require visa sponsorship to work in the country in which this position is based?
2025-05-15 14:14:30,116 - INFO - Waiting for 4 required fields to be filled: ['_systemfield_name', '_systemfield_email', 'We require Anyscalers to be in-person at either our SF or Palo Alto office on Mondays, Tuesdays, and Thursdays. Which is your preferred location?', 'Would you require visa sponsorship to work in the country in which this position is based?']
2025-05-15 14:14:32,144 - INFO - Required field not filled: _systemfield_name
2025-05-15 14:14:32,157 - INFO - Required field not filled: _systemfield_email
2025-05-15 14:14:32,289 - INFO - Required radio group not answered: We require Anyscalers to be in-person at either our SF or Palo Alto office on Mondays, Tuesdays, and Thursdays. Which is your preferred location?
2025-05-15 14:14:32,319 - INFO - Required radio group not answered: Would you require visa sponsorship to work in the country in which this position is based?
2025-05-15 14:14:32,424 - INFO - Waiting for 4 required fields to be filled: ['_systemfield_name', '_systemfield_email', 'We require Anyscalers to be in-person at either our SF or Palo Alto office on Mondays, Tuesdays, and Thursdays. Which is your preferred location?', 'Would you require visa sponsorship to work in the country in which this position is based?']
2025-05-15 14:14:34,500 - INFO - Required field not filled: _systemfield_name
2025-05-15 14:14:34,501 - INFO - Required field not filled: _systemfield_email
2025-05-15 14:14:34,647 - INFO - Required radio group not answered: We require Anyscalers to be in-person at either our SF or Palo Alto office on Mondays, Tuesdays, and Thursdays. Which is your preferred location?
2025-05-15 14:14:34,680 - INFO - Required radio group not answered: Would you require visa sponsorship to work in the country in which this position is based?
2025-05-15 14:14:34,801 - INFO - Waiting for 4 required fields to be filled: ['_systemfield_name', '_systemfield_email', 'We require Anyscalers to be in-person at either our SF or Palo Alto office on Mondays, Tuesdays, and Thursdays. Which is your preferred location?', 'Would you require visa sponsorship to work in the country in which this position is based?']
2025-05-15 14:14:36,843 - INFO - Required field not filled: _systemfield_name
2025-05-15 14:14:36,855 - INFO - Required field not filled: _systemfield_email
2025-05-15 14:14:36,986 - INFO - Required radio group not answered: We require Anyscalers to be in-person at either our SF or Palo Alto office on Mondays, Tuesdays, and Thursdays. Which is your preferred location?
2025-05-15 14:14:37,019 - INFO - Required radio group not answered: Would you require visa sponsorship to work in the country in which this position is based?
2025-05-15 14:14:37,123 - INFO - Waiting for 4 required fields to be filled: ['_systemfield_name', '_systemfield_email', 'We require Anyscalers to be in-person at either our SF or Palo Alto office on Mondays, Tuesdays, and Thursdays. Which is your preferred location?', 'Would you require visa sponsorship to work in the country in which this position is based?']
2025-05-15 14:14:39,183 - INFO - Required field not filled: _systemfield_name
2025-05-15 14:14:39,200 - INFO - Required field not filled: _systemfield_email
2025-05-15 14:14:39,333 - INFO - Required radio group not answered: We require Anyscalers to be in-person at either our SF or Palo Alto office on Mondays, Tuesdays, and Thursdays. Which is your preferred location?
2025-05-15 14:14:39,368 - INFO - Required radio group not answered: Would you require visa sponsorship to work in the country in which this position is based?
2025-05-15 14:14:39,492 - INFO - Waiting for 4 required fields to be filled: ['_systemfield_name', '_systemfield_email', 'We require Anyscalers to be in-person at either our SF or Palo Alto office on Mondays, Tuesdays, and Thursdays. Which is your preferred location?', 'Would you require visa sponsorship to work in the country in which this position is based?']
2025-05-15 14:14:41,567 - INFO - Required field not filled: _systemfield_name
2025-05-15 14:14:41,589 - INFO - Required field not filled: _systemfield_email
2025-05-15 14:14:41,728 - INFO - Required radio group not answered: We require Anyscalers to be in-person at either our SF or Palo Alto office on Mondays, Tuesdays, and Thursdays. Which is your preferred location?
2025-05-15 14:14:41,770 - INFO - Required radio group not answered: Would you require visa sponsorship to work in the country in which this position is based?
2025-05-15 14:14:41,886 - INFO - Waiting for 4 required fields to be filled: ['_systemfield_name', '_systemfield_email', 'We require Anyscalers to be in-person at either our SF or Palo Alto office on Mondays, Tuesdays, and Thursdays. Which is your preferred location?', 'Would you require visa sponsorship to work in the country in which this position is based?']
2025-05-15 14:14:43,933 - INFO - Required field not filled: _systemfield_name
2025-05-15 14:14:43,947 - INFO - Required field not filled: _systemfield_email
2025-05-15 14:14:44,084 - INFO - Required radio group not answered: We require Anyscalers to be in-person at either our SF or Palo Alto office on Mondays, Tuesdays, and Thursdays. Which is your preferred location?
2025-05-15 14:14:44,125 - INFO - Required radio group not answered: Would you require visa sponsorship to work in the country in which this position is based?
2025-05-15 14:14:44,233 - INFO - Waiting for 4 required fields to be filled: ['_systemfield_name', '_systemfield_email', 'We require Anyscalers to be in-person at either our SF or Palo Alto office on Mondays, Tuesdays, and Thursdays. Which is your preferred location?', 'Would you require visa sponsorship to work in the country in which this position is based?']
2025-05-15 14:14:46,296 - INFO - Required field not filled: _systemfield_name
2025-05-15 14:14:46,312 - INFO - Required field not filled: _systemfield_email
2025-05-15 14:14:46,446 - INFO - Required radio group not answered: We require Anyscalers to be in-person at either our SF or Palo Alto office on Mondays, Tuesdays, and Thursdays. Which is your preferred location?
2025-05-15 14:14:46,501 - INFO - Required radio group not answered: Would you require visa sponsorship to work in the country in which this position is based?
2025-05-15 14:14:46,610 - INFO - Waiting for 4 required fields to be filled: ['_systemfield_name', '_systemfield_email', 'We require Anyscalers to be in-person at either our SF or Palo Alto office on Mondays, Tuesdays, and Thursdays. Which is your preferred location?', 'Would you require visa sponsorship to work in the country in which this position is based?']
2025-05-15 14:14:48,666 - INFO - Required field not filled: _systemfield_name
2025-05-15 14:14:48,687 - INFO - Required field not filled: _systemfield_email
2025-05-15 14:14:48,805 - INFO - Required radio group not answered: We require Anyscalers to be in-person at either our SF or Palo Alto office on Mondays, Tuesdays, and Thursdays. Which is your preferred location?
2025-05-15 14:14:48,844 - INFO - Required radio group not answered: Would you require visa sponsorship to work in the country in which this position is based?
2025-05-15 14:14:48,956 - INFO - Waiting for 4 required fields to be filled: ['_systemfield_name', '_systemfield_email', 'We require Anyscalers to be in-person at either our SF or Palo Alto office on Mondays, Tuesdays, and Thursdays. Which is your preferred location?', 'Would you require visa sponsorship to work in the country in which this position is based?']
2025-05-15 14:14:50,996 - INFO - Required field not filled: _systemfield_name
2025-05-15 14:14:51,008 - INFO - Required field not filled: _systemfield_email
2025-05-15 14:14:51,133 - INFO - Required radio group not answered: We require Anyscalers to be in-person at either our SF or Palo Alto office on Mondays, Tuesdays, and Thursdays. Which is your preferred location?
2025-05-15 14:14:51,166 - INFO - Required radio group not answered: Would you require visa sponsorship to work in the country in which this position is based?
2025-05-15 14:14:51,251 - INFO - Waiting for 4 required fields to be filled: ['_systemfield_name', '_systemfield_email', 'We require Anyscalers to be in-person at either our SF or Palo Alto office on Mondays, Tuesdays, and Thursdays. Which is your preferred location?', 'Would you require visa sponsorship to work in the country in which this position is based?']
2025-05-15 14:14:53,316 - INFO - Required field not filled: _systemfield_name
2025-05-15 14:14:53,353 - INFO - Required field not filled: _systemfield_email
2025-05-15 14:14:53,492 - INFO - Required radio group not answered: We require Anyscalers to be in-person at either our SF or Palo Alto office on Mondays, Tuesdays, and Thursdays. Which is your preferred location?
2025-05-15 14:14:53,517 - INFO - Required radio group not answered: Would you require visa sponsorship to work in the country in which this position is based?
2025-05-15 14:14:53,633 - INFO - Waiting for 4 required fields to be filled: ['_systemfield_name', '_systemfield_email', 'We require Anyscalers to be in-person at either our SF or Palo Alto office on Mondays, Tuesdays, and Thursdays. Which is your preferred location?', 'Would you require visa sponsorship to work in the country in which this position is based?']
2025-05-15 14:14:55,715 - INFO - Required field not filled: _systemfield_name
2025-05-15 14:14:55,738 - INFO - Required field not filled: _systemfield_email
2025-05-15 14:14:55,884 - INFO - Required radio group not answered: We require Anyscalers to be in-person at either our SF or Palo Alto office on Mondays, Tuesdays, and Thursdays. Which is your preferred location?
2025-05-15 14:14:55,916 - INFO - Required radio group not answered: Would you require visa sponsorship to work in the country in which this position is based?
2025-05-15 14:14:56,028 - INFO - Waiting for 4 required fields to be filled: ['_systemfield_name', '_systemfield_email', 'We require Anyscalers to be in-person at either our SF or Palo Alto office on Mondays, Tuesdays, and Thursdays. Which is your preferred location?', 'Would you require visa sponsorship to work in the country in which this position is based?']
2025-05-15 14:14:58,065 - INFO - Required field not filled: _systemfield_name
2025-05-15 14:14:58,082 - INFO - Required field not filled: _systemfield_email
2025-05-15 14:14:58,214 - INFO - Required radio group not answered: We require Anyscalers to be in-person at either our SF or Palo Alto office on Mondays, Tuesdays, and Thursdays. Which is your preferred location?
2025-05-15 14:14:58,261 - INFO - Required radio group not answered: Would you require visa sponsorship to work in the country in which this position is based?
2025-05-15 14:14:58,376 - INFO - Waiting for 4 required fields to be filled: ['_systemfield_name', '_systemfield_email', 'We require Anyscalers to be in-person at either our SF or Palo Alto office on Mondays, Tuesdays, and Thursdays. Which is your preferred location?', 'Would you require visa sponsorship to work in the country in which this position is based?']
2025-05-15 14:15:00,453 - INFO - Required field not filled: _systemfield_name
2025-05-15 14:15:00,467 - INFO - Required field not filled: _systemfield_email
2025-05-15 14:15:00,630 - INFO - Required radio group not answered: We require Anyscalers to be in-person at either our SF or Palo Alto office on Mondays, Tuesdays, and Thursdays. Which is your preferred location?
2025-05-15 14:15:00,672 - INFO - Required radio group not answered: Would you require visa sponsorship to work in the country in which this position is based?
2025-05-15 14:15:00,787 - INFO - Waiting for 4 required fields to be filled: ['_systemfield_name', '_systemfield_email', 'We require Anyscalers to be in-person at either our SF or Palo Alto office on Mondays, Tuesdays, and Thursdays. Which is your preferred location?', 'Would you require visa sponsorship to work in the country in which this position is based?']
2025-05-15 14:15:02,853 - INFO - Required field not filled: _systemfield_name
2025-05-15 14:15:02,871 - INFO - Required field not filled: _systemfield_email
2025-05-15 14:15:03,013 - INFO - Required radio group not answered: We require Anyscalers to be in-person at either our SF or Palo Alto office on Mondays, Tuesdays, and Thursdays. Which is your preferred location?
2025-05-15 14:15:03,048 - INFO - Required radio group not answered: Would you require visa sponsorship to work in the country in which this position is based?
2025-05-15 14:15:03,158 - INFO - Waiting for 4 required fields to be filled: ['_systemfield_name', '_systemfield_email', 'We require Anyscalers to be in-person at either our SF or Palo Alto office on Mondays, Tuesdays, and Thursdays. Which is your preferred location?', 'Would you require visa sponsorship to work in the country in which this position is based?']
2025-05-15 14:15:05,194 - INFO - Required field not filled: _systemfield_name
2025-05-15 14:15:05,215 - INFO - Required field not filled: _systemfield_email
2025-05-15 14:15:05,354 - INFO - Required radio group not answered: We require Anyscalers to be in-person at either our SF or Palo Alto office on Mondays, Tuesdays, and Thursdays. Which is your preferred location?
2025-05-15 14:15:05,392 - INFO - Required radio group not answered: Would you require visa sponsorship to work in the country in which this position is based?
2025-05-15 14:15:05,499 - INFO - Waiting for 4 required fields to be filled: ['_systemfield_name', '_systemfield_email', 'We require Anyscalers to be in-person at either our SF or Palo Alto office on Mondays, Tuesdays, and Thursdays. Which is your preferred location?', 'Would you require visa sponsorship to work in the country in which this position is based?']
2025-05-15 14:15:07,579 - INFO - Required field not filled: _systemfield_name
2025-05-15 14:15:07,602 - INFO - Required field not filled: _systemfield_email
2025-05-15 14:15:07,764 - INFO - Required radio group not answered: We require Anyscalers to be in-person at either our SF or Palo Alto office on Mondays, Tuesdays, and Thursdays. Which is your preferred location?
2025-05-15 14:15:07,827 - INFO - Required radio group not answered: Would you require visa sponsorship to work in the country in which this position is based?
2025-05-15 14:15:07,916 - INFO - Waiting for 4 required fields to be filled: ['_systemfield_name', '_systemfield_email', 'We require Anyscalers to be in-person at either our SF or Palo Alto office on Mondays, Tuesdays, and Thursdays. Which is your preferred location?', 'Would you require visa sponsorship to work in the country in which this position is based?']
2025-05-15 14:15:09,948 - INFO - Required field not filled: _systemfield_name
2025-05-15 14:15:09,970 - INFO - Required field not filled: _systemfield_email
2025-05-15 14:15:10,081 - INFO - Required radio group not answered: We require Anyscalers to be in-person at either our SF or Palo Alto office on Mondays, Tuesdays, and Thursdays. Which is your preferred location?
2025-05-15 14:15:10,119 - INFO - Required radio group not answered: Would you require visa sponsorship to work in the country in which this position is based?
2025-05-15 14:15:10,215 - INFO - Waiting for 4 required fields to be filled: ['_systemfield_name', '_systemfield_email', 'We require Anyscalers to be in-person at either our SF or Palo Alto office on Mondays, Tuesdays, and Thursdays. Which is your preferred location?', 'Would you require visa sponsorship to work in the country in which this position is based?']
2025-05-15 14:15:12,248 - INFO - Required field not filled: _systemfield_name
2025-05-15 14:15:12,264 - INFO - Required field not filled: _systemfield_email
2025-05-15 14:15:12,397 - INFO - Required radio group not answered: We require Anyscalers to be in-person at either our SF or Palo Alto office on Mondays, Tuesdays, and Thursdays. Which is your preferred location?
2025-05-15 14:15:12,431 - INFO - Required radio group not answered: Would you require visa sponsorship to work in the country in which this position is based?
2025-05-15 14:15:12,513 - INFO - Waiting for 4 required fields to be filled: ['_systemfield_name', '_systemfield_email', 'We require Anyscalers to be in-person at either our SF or Palo Alto office on Mondays, Tuesdays, and Thursdays. Which is your preferred location?', 'Would you require visa sponsorship to work in the country in which this position is based?']
2025-05-15 14:15:14,546 - INFO - Required field not filled: _systemfield_name
2025-05-15 14:15:14,567 - INFO - Required field not filled: _systemfield_email
2025-05-15 14:15:14,697 - INFO - Required radio group not answered: We require Anyscalers to be in-person at either our SF or Palo Alto office on Mondays, Tuesdays, and Thursdays. Which is your preferred location?
2025-05-15 14:15:14,733 - INFO - Required radio group not answered: Would you require visa sponsorship to work in the country in which this position is based?
2025-05-15 14:15:14,828 - INFO - Waiting for 4 required fields to be filled: ['_systemfield_name', '_systemfield_email', 'We require Anyscalers to be in-person at either our SF or Palo Alto office on Mondays, Tuesdays, and Thursdays. Which is your preferred location?', 'Would you require visa sponsorship to work in the country in which this position is based?']
2025-05-15 14:15:16,868 - INFO - Required field not filled: _systemfield_name
2025-05-15 14:15:16,891 - INFO - Required field not filled: _systemfield_email
2025-05-15 14:15:16,994 - INFO - Required radio group not answered: We require Anyscalers to be in-person at either our SF or Palo Alto office on Mondays, Tuesdays, and Thursdays. Which is your preferred location?
2025-05-15 14:15:17,033 - INFO - Required radio group not answered: Would you require visa sponsorship to work in the country in which this position is based?
2025-05-15 14:15:17,130 - INFO - Waiting for 4 required fields to be filled: ['_systemfield_name', '_systemfield_email', 'We require Anyscalers to be in-person at either our SF or Palo Alto office on Mondays, Tuesdays, and Thursdays. Which is your preferred location?', 'Would you require visa sponsorship to work in the country in which this position is based?']
2025-05-15 14:15:19,185 - INFO - Required field not filled: _systemfield_name
2025-05-15 14:15:19,205 - INFO - Required field not filled: _systemfield_email
2025-05-15 14:15:19,310 - INFO - Required radio group not answered: We require Anyscalers to be in-person at either our SF or Palo Alto office on Mondays, Tuesdays, and Thursdays. Which is your preferred location?
2025-05-15 14:15:19,347 - INFO - Required radio group not answered: Would you require visa sponsorship to work in the country in which this position is based?
2025-05-15 14:15:19,447 - INFO - Waiting for 4 required fields to be filled: ['_systemfield_name', '_systemfield_email', 'We require Anyscalers to be in-person at either our SF or Palo Alto office on Mondays, Tuesdays, and Thursdays. Which is your preferred location?', 'Would you require visa sponsorship to work in the country in which this position is based?']
2025-05-15 14:15:21,512 - INFO - Required field not filled: _systemfield_name
2025-05-15 14:15:21,535 - INFO - Required field not filled: _systemfield_email
2025-05-15 14:15:21,660 - INFO - Required radio group not answered: We require Anyscalers to be in-person at either our SF or Palo Alto office on Mondays, Tuesdays, and Thursdays. Which is your preferred location?
2025-05-15 14:15:21,712 - INFO - Required radio group not answered: Would you require visa sponsorship to work in the country in which this position is based?
2025-05-15 14:15:21,820 - INFO - Waiting for 4 required fields to be filled: ['_systemfield_name', '_systemfield_email', 'We require Anyscalers to be in-person at either our SF or Palo Alto office on Mondays, Tuesdays, and Thursdays. Which is your preferred location?', 'Would you require visa sponsorship to work in the country in which this position is based?']
2025-05-15 14:15:23,867 - INFO - Required field not filled: _systemfield_name
2025-05-15 14:15:23,884 - INFO - Required field not filled: _systemfield_email
2025-05-15 14:15:24,020 - INFO - Required radio group not answered: We require Anyscalers to be in-person at either our SF or Palo Alto office on Mondays, Tuesdays, and Thursdays. Which is your preferred location?
2025-05-15 14:15:24,057 - INFO - Required radio group not answered: Would you require visa sponsorship to work in the country in which this position is based?
2025-05-15 14:15:24,147 - INFO - Waiting for 4 required fields to be filled: ['_systemfield_name', '_systemfield_email', 'We require Anyscalers to be in-person at either our SF or Palo Alto office on Mondays, Tuesdays, and Thursdays. Which is your preferred location?', 'Would you require visa sponsorship to work in the country in which this position is based?']
2025-05-15 14:15:26,237 - INFO - Required field not filled: _systemfield_name
2025-05-15 14:15:26,256 - INFO - Required field not filled: _systemfield_email
2025-05-15 14:15:26,387 - INFO - Required radio group not answered: We require Anyscalers to be in-person at either our SF or Palo Alto office on Mondays, Tuesdays, and Thursdays. Which is your preferred location?
2025-05-15 14:15:26,413 - INFO - Required radio group not answered: Would you require visa sponsorship to work in the country in which this position is based?
2025-05-15 14:15:26,540 - INFO - Waiting for 4 required fields to be filled: ['_systemfield_name', '_systemfield_email', 'We require Anyscalers to be in-person at either our SF or Palo Alto office on Mondays, Tuesdays, and Thursdays. Which is your preferred location?', 'Would you require visa sponsorship to work in the country in which this position is based?']
2025-05-15 14:15:28,611 - INFO - Required field not filled: _systemfield_email
2025-05-15 14:15:28,778 - INFO - Required radio group not answered: We require Anyscalers to be in-person at either our SF or Palo Alto office on Mondays, Tuesdays, and Thursdays. Which is your preferred location?
2025-05-15 14:15:28,813 - INFO - Required radio group not answered: Would you require visa sponsorship to work in the country in which this position is based?
2025-05-15 14:15:28,881 - INFO - Waiting for 3 required fields to be filled: ['_systemfield_email', 'We require Anyscalers to be in-person at either our SF or Palo Alto office on Mondays, Tuesdays, and Thursdays. Which is your preferred location?', 'Would you require visa sponsorship to work in the country in which this position is based?']
2025-05-15 14:15:31,066 - INFO - Required radio group not answered: We require Anyscalers to be in-person at either our SF or Palo Alto office on Mondays, Tuesdays, and Thursdays. Which is your preferred location?
2025-05-15 14:15:31,095 - INFO - Required radio group not answered: Would you require visa sponsorship to work in the country in which this position is based?
2025-05-15 14:15:31,155 - INFO - Waiting for 2 required fields to be filled: ['We require Anyscalers to be in-person at either our SF or Palo Alto office on Mondays, Tuesdays, and Thursdays. Which is your preferred location?', 'Would you require visa sponsorship to work in the country in which this position is based?']
2025-05-15 14:15:33,363 - INFO - Required radio group not answered: We require Anyscalers to be in-person at either our SF or Palo Alto office on Mondays, Tuesdays, and Thursdays. Which is your preferred location?
2025-05-15 14:15:33,404 - INFO - Required radio group not answered: Would you require visa sponsorship to work in the country in which this position is based?
2025-05-15 14:15:33,463 - INFO - Waiting for 2 required fields to be filled: ['We require Anyscalers to be in-person at either our SF or Palo Alto office on Mondays, Tuesdays, and Thursdays. Which is your preferred location?', 'Would you require visa sponsorship to work in the country in which this position is based?']
2025-05-15 14:15:35,713 - INFO - Required radio group not answered: We require Anyscalers to be in-person at either our SF or Palo Alto office on Mondays, Tuesdays, and Thursdays. Which is your preferred location?
2025-05-15 14:15:35,747 - INFO - Required radio group not answered: Would you require visa sponsorship to work in the country in which this position is based?
2025-05-15 14:15:35,805 - INFO - Waiting for 2 required fields to be filled: ['We require Anyscalers to be in-person at either our SF or Palo Alto office on Mondays, Tuesdays, and Thursdays. Which is your preferred location?', 'Would you require visa sponsorship to work in the country in which this position is based?']
2025-05-15 14:15:37,998 - INFO - Required radio group not answered: We require Anyscalers to be in-person at either our SF or Palo Alto office on Mondays, Tuesdays, and Thursdays. Which is your preferred location?
2025-05-15 14:15:38,032 - INFO - Required radio group not answered: Would you require visa sponsorship to work in the country in which this position is based?
2025-05-15 14:15:38,078 - INFO - Waiting for 2 required fields to be filled: ['We require Anyscalers to be in-person at either our SF or Palo Alto office on Mondays, Tuesdays, and Thursdays. Which is your preferred location?', 'Would you require visa sponsorship to work in the country in which this position is based?']
2025-05-15 14:15:40,345 - INFO - Required radio group not answered: We require Anyscalers to be in-person at either our SF or Palo Alto office on Mondays, Tuesdays, and Thursdays. Which is your preferred location?
2025-05-15 14:15:40,379 - INFO - Required radio group not answered: Would you require visa sponsorship to work in the country in which this position is based?
2025-05-15 14:15:40,461 - INFO - Waiting for 2 required fields to be filled: ['We require Anyscalers to be in-person at either our SF or Palo Alto office on Mondays, Tuesdays, and Thursdays. Which is your preferred location?', 'Would you require visa sponsorship to work in the country in which this position is based?']
2025-05-15 14:15:42,705 - INFO - Required radio group not answered: We require Anyscalers to be in-person at either our SF or Palo Alto office on Mondays, Tuesdays, and Thursdays. Which is your preferred location?
2025-05-15 14:15:42,742 - INFO - Required radio group not answered: Would you require visa sponsorship to work in the country in which this position is based?
2025-05-15 14:15:42,799 - INFO - Waiting for 2 required fields to be filled: ['We require Anyscalers to be in-person at either our SF or Palo Alto office on Mondays, Tuesdays, and Thursdays. Which is your preferred location?', 'Would you require visa sponsorship to work in the country in which this position is based?']
2025-05-15 14:15:45,017 - INFO - Required radio group not answered: We require Anyscalers to be in-person at either our SF or Palo Alto office on Mondays, Tuesdays, and Thursdays. Which is your preferred location?
2025-05-15 14:15:45,045 - INFO - Required radio group not answered: Would you require visa sponsorship to work in the country in which this position is based?
2025-05-15 14:15:45,111 - INFO - Waiting for 2 required fields to be filled: ['We require Anyscalers to be in-person at either our SF or Palo Alto office on Mondays, Tuesdays, and Thursdays. Which is your preferred location?', 'Would you require visa sponsorship to work in the country in which this position is based?']
2025-05-15 14:15:47,306 - INFO - Required radio group not answered: We require Anyscalers to be in-person at either our SF or Palo Alto office on Mondays, Tuesdays, and Thursdays. Which is your preferred location?
2025-05-15 14:15:47,351 - INFO - Required radio group not answered: Would you require visa sponsorship to work in the country in which this position is based?
2025-05-15 14:15:47,409 - INFO - Waiting for 2 required fields to be filled: ['We require Anyscalers to be in-person at either our SF or Palo Alto office on Mondays, Tuesdays, and Thursdays. Which is your preferred location?', 'Would you require visa sponsorship to work in the country in which this position is based?']
2025-05-15 14:15:49,630 - INFO - Required radio group not answered: We require Anyscalers to be in-person at either our SF or Palo Alto office on Mondays, Tuesdays, and Thursdays. Which is your preferred location?
2025-05-15 14:15:49,660 - INFO - Required radio group not answered: Would you require visa sponsorship to work in the country in which this position is based?
2025-05-15 14:15:49,718 - INFO - Waiting for 2 required fields to be filled: ['We require Anyscalers to be in-person at either our SF or Palo Alto office on Mondays, Tuesdays, and Thursdays. Which is your preferred location?', 'Would you require visa sponsorship to work in the country in which this position is based?']
2025-05-15 14:15:51,932 - INFO - Required radio group not answered: We require Anyscalers to be in-person at either our SF or Palo Alto office on Mondays, Tuesdays, and Thursdays. Which is your preferred location?
2025-05-15 14:15:51,971 - INFO - Required radio group not answered: Would you require visa sponsorship to work in the country in which this position is based?
2025-05-15 14:15:52,030 - INFO - Waiting for 2 required fields to be filled: ['We require Anyscalers to be in-person at either our SF or Palo Alto office on Mondays, Tuesdays, and Thursdays. Which is your preferred location?', 'Would you require visa sponsorship to work in the country in which this position is based?']
2025-05-15 14:15:54,211 - INFO - Required radio group not answered: We require Anyscalers to be in-person at either our SF or Palo Alto office on Mondays, Tuesdays, and Thursdays. Which is your preferred location?
2025-05-15 14:15:54,251 - INFO - Required radio group not answered: Would you require visa sponsorship to work in the country in which this position is based?
2025-05-15 14:15:54,308 - INFO - Waiting for 2 required fields to be filled: ['We require Anyscalers to be in-person at either our SF or Palo Alto office on Mondays, Tuesdays, and Thursdays. Which is your preferred location?', 'Would you require visa sponsorship to work in the country in which this position is based?']
2025-05-15 14:15:56,535 - INFO - Required radio group not answered: We require Anyscalers to be in-person at either our SF or Palo Alto office on Mondays, Tuesdays, and Thursdays. Which is your preferred location?
2025-05-15 14:15:56,576 - INFO - Required radio group not answered: Would you require visa sponsorship to work in the country in which this position is based?
2025-05-15 14:15:56,637 - INFO - Waiting for 2 required fields to be filled: ['We require Anyscalers to be in-person at either our SF or Palo Alto office on Mondays, Tuesdays, and Thursdays. Which is your preferred location?', 'Would you require visa sponsorship to work in the country in which this position is based?']
2025-05-15 14:15:58,828 - INFO - Required radio group not answered: We require Anyscalers to be in-person at either our SF or Palo Alto office on Mondays, Tuesdays, and Thursdays. Which is your preferred location?
2025-05-15 14:15:58,861 - INFO - Required radio group not answered: Would you require visa sponsorship to work in the country in which this position is based?
2025-05-15 14:15:58,908 - INFO - Waiting for 2 required fields to be filled: ['We require Anyscalers to be in-person at either our SF or Palo Alto office on Mondays, Tuesdays, and Thursdays. Which is your preferred location?', 'Would you require visa sponsorship to work in the country in which this position is based?']
2025-05-15 14:16:01,104 - INFO - Required radio group not answered: We require Anyscalers to be in-person at either our SF or Palo Alto office on Mondays, Tuesdays, and Thursdays. Which is your preferred location?
2025-05-15 14:16:01,142 - INFO - Required radio group not answered: Would you require visa sponsorship to work in the country in which this position is based?
2025-05-15 14:16:01,192 - INFO - Waiting for 2 required fields to be filled: ['We require Anyscalers to be in-person at either our SF or Palo Alto office on Mondays, Tuesdays, and Thursdays. Which is your preferred location?', 'Would you require visa sponsorship to work in the country in which this position is based?']
2025-05-15 14:16:03,402 - INFO - Required radio group not answered: We require Anyscalers to be in-person at either our SF or Palo Alto office on Mondays, Tuesdays, and Thursdays. Which is your preferred location?
2025-05-15 14:16:03,438 - INFO - Required radio group not answered: Would you require visa sponsorship to work in the country in which this position is based?
2025-05-15 14:16:03,501 - INFO - Waiting for 2 required fields to be filled: ['We require Anyscalers to be in-person at either our SF or Palo Alto office on Mondays, Tuesdays, and Thursdays. Which is your preferred location?', 'Would you require visa sponsorship to work in the country in which this position is based?']
2025-05-15 14:16:05,726 - INFO - Required radio group not answered: We require Anyscalers to be in-person at either our SF or Palo Alto office on Mondays, Tuesdays, and Thursdays. Which is your preferred location?
2025-05-15 14:16:05,760 - INFO - Required radio group not answered: Would you require visa sponsorship to work in the country in which this position is based?
2025-05-15 14:16:05,817 - INFO - Waiting for 2 required fields to be filled: ['We require Anyscalers to be in-person at either our SF or Palo Alto office on Mondays, Tuesdays, and Thursdays. Which is your preferred location?', 'Would you require visa sponsorship to work in the country in which this position is based?']
2025-05-15 14:16:08,013 - INFO - Required radio group not answered: We require Anyscalers to be in-person at either our SF or Palo Alto office on Mondays, Tuesdays, and Thursdays. Which is your preferred location?
2025-05-15 14:16:08,051 - INFO - Required radio group not answered: Would you require visa sponsorship to work in the country in which this position is based?
2025-05-15 14:16:08,108 - INFO - Waiting for 2 required fields to be filled: ['We require Anyscalers to be in-person at either our SF or Palo Alto office on Mondays, Tuesdays, and Thursdays. Which is your preferred location?', 'Would you require visa sponsorship to work in the country in which this position is based?']
2025-05-15 14:16:10,347 - INFO - Required radio group not answered: We require Anyscalers to be in-person at either our SF or Palo Alto office on Mondays, Tuesdays, and Thursdays. Which is your preferred location?
2025-05-15 14:16:10,381 - INFO - Required radio group not answered: Would you require visa sponsorship to work in the country in which this position is based?
2025-05-15 14:16:10,445 - INFO - Waiting for 2 required fields to be filled: ['We require Anyscalers to be in-person at either our SF or Palo Alto office on Mondays, Tuesdays, and Thursdays. Which is your preferred location?', 'Would you require visa sponsorship to work in the country in which this position is based?']
2025-05-15 14:16:12,708 - INFO - Required radio group not answered: We require Anyscalers to be in-person at either our SF or Palo Alto office on Mondays, Tuesdays, and Thursdays. Which is your preferred location?
2025-05-15 14:16:12,759 - INFO - Required radio group not answered: Would you require visa sponsorship to work in the country in which this position is based?
2025-05-15 14:16:12,813 - INFO - Waiting for 2 required fields to be filled: ['We require Anyscalers to be in-person at either our SF or Palo Alto office on Mondays, Tuesdays, and Thursdays. Which is your preferred location?', 'Would you require visa sponsorship to work in the country in which this position is based?']
2025-05-15 14:16:14,997 - INFO - Required radio group not answered: We require Anyscalers to be in-person at either our SF or Palo Alto office on Mondays, Tuesdays, and Thursdays. Which is your preferred location?
2025-05-15 14:16:15,041 - INFO - Required radio group not answered: Would you require visa sponsorship to work in the country in which this position is based?
2025-05-15 14:16:15,094 - INFO - Waiting for 2 required fields to be filled: ['We require Anyscalers to be in-person at either our SF or Palo Alto office on Mondays, Tuesdays, and Thursdays. Which is your preferred location?', 'Would you require visa sponsorship to work in the country in which this position is based?']
2025-05-15 14:16:17,291 - INFO - Required radio group not answered: We require Anyscalers to be in-person at either our SF or Palo Alto office on Mondays, Tuesdays, and Thursdays. Which is your preferred location?
2025-05-15 14:16:17,324 - INFO - Required radio group not answered: Would you require visa sponsorship to work in the country in which this position is based?
2025-05-15 14:16:17,374 - INFO - Waiting for 2 required fields to be filled: ['We require Anyscalers to be in-person at either our SF or Palo Alto office on Mondays, Tuesdays, and Thursdays. Which is your preferred location?', 'Would you require visa sponsorship to work in the country in which this position is based?']
2025-05-15 14:16:19,613 - INFO - Required radio group not answered: We require Anyscalers to be in-person at either our SF or Palo Alto office on Mondays, Tuesdays, and Thursdays. Which is your preferred location?
2025-05-15 14:16:19,646 - INFO - Required radio group not answered: Would you require visa sponsorship to work in the country in which this position is based?
2025-05-15 14:16:19,707 - INFO - Waiting for 2 required fields to be filled: ['We require Anyscalers to be in-person at either our SF or Palo Alto office on Mondays, Tuesdays, and Thursdays. Which is your preferred location?', 'Would you require visa sponsorship to work in the country in which this position is based?']
2025-05-15 14:16:21,912 - INFO - Required radio group not answered: Would you require visa sponsorship to work in the country in which this position is based?
2025-05-15 14:16:21,942 - INFO - Waiting for 1 required fields to be filled: ['Would you require visa sponsorship to work in the country in which this position is based?']
2025-05-15 14:16:24,222 - INFO - Required radio group not answered: Would you require visa sponsorship to work in the country in which this position is based?
2025-05-15 14:16:24,246 - INFO - Waiting for 1 required fields to be filled: ['Would you require visa sponsorship to work in the country in which this position is based?']
2025-05-15 14:16:26,472 - INFO - Required radio group not answered: Would you require visa sponsorship to work in the country in which this position is based?
2025-05-15 14:16:26,500 - INFO - Waiting for 1 required fields to be filled: ['Would you require visa sponsorship to work in the country in which this position is based?']
2025-05-15 14:16:28,670 - INFO - All required fields are filled.
2025-05-15 14:16:28,721 - INFO - Found submit button using selector: button._primary_8wvgw_96
2025-05-15 14:16:30,559 - INFO - Clicked submit button normally
2025-05-15 14:16:33,152 - INFO - Page changed after click - assuming submission started
2025-05-15 14:16:53,432 - WARNING - Error during submission verification: Message: 

2025-05-15 14:16:53,448 - INFO - URL suggests we left application page - assuming success
2025-05-15 14:16:53,448 - INFO - Application submitted successfully!
2025-05-15 14:16:53,460 - INFO - Log directory ensured: C:\Users\hr\OneDrive\Desktop\merge\all_job_app\logs
2025-05-15 14:16:53,462 - INFO - Log entry written to logs/ashby_log_2025-05-15.csv
2025-05-15 14:16:53,752 - INFO - Job application process completed!
2025-05-15 14:17:53,228 - INFO - Selected profile: srutej.yaml
2025-05-15 14:17:53,271 - INFO - Detected Chrome version: 136.0.7103.93
2025-05-15 14:17:53,272 - INFO - ====== WebDriver manager ======
2025-05-15 14:17:54,135 - INFO - Get LATEST chromedriver version for google-chrome
2025-05-15 14:17:54,178 - INFO - Get LATEST chromedriver version for google-chrome
2025-05-15 14:17:54,202 - INFO - Driver [C:\Users\hr\.wdm\drivers\chromedriver\win64\136.0.7103.94\chromedriver-win32/chromedriver.exe] found in cache
2025-05-15 14:17:55,079 - INFO - patching driver executable C:\Users\hr\appdata\roaming\undetected_chromedriver\undetected_chromedriver.exe
2025-05-15 14:17:55,924 - INFO - Processing job: https://jobs.ashbyhq.com/virtahealth/f82a953a-9c11-413e-8dcc-6f92432eee91
2025-05-15 14:17:57,349 - INFO - Opened job page: https://jobs.ashbyhq.com/virtahealth/f82a953a-9c11-413e-8dcc-6f92432eee91
2025-05-15 14:18:00,515 - INFO - Apply button clicked successfully!
2025-05-15 14:18:05,527 - INFO - Attempting to upload resume from: C:\Users\hr\OneDrive\Desktop\merge\all_job_app\resume/srutej.pdf
2025-05-15 14:18:06,110 - INFO - Resume file sent to input element
2025-05-15 14:18:21,156 - WARNING - No explicit upload confirmation detected: Message: 

2025-05-15 14:18:21,156 - INFO - Filling out the application form...
2025-05-15 14:18:21,276 - INFO - Filled field name with value Srutej Kodiganti
2025-05-15 14:18:21,398 - INFO - Filled field email with value srutej.kodiganti@gmail.com
2025-05-15 14:18:21,509 - INFO - Filled field phone with value (770) 282-9950
2025-05-15 14:18:21,509 - WARNING - No value provided for mandatory field: address
2025-05-15 14:18:21,651 - INFO - Filled field location with value Cumming,  Georgia, United State 
2025-05-15 14:18:32,095 - WARNING - Error selecting location suggestion: Message: 

2025-05-15 14:18:32,165 - INFO - Selected location using keyboard navigation
2025-05-15 14:18:32,316 - INFO - Filled LinkedIn field
2025-05-15 14:18:32,316 - INFO - Filling out the Q&A section...
2025-05-15 14:18:33,266 - INFO - Form Q&A questions found: ['Cover Letter']
2025-05-15 14:18:33,267 - INFO - Processing question: 'where did you hear about biorender?'
2025-05-15 14:18:33,267 - WARNING - No match found for question: 'where did you hear about biorender?' (best score: 0)
2025-05-15 14:18:33,268 - INFO - Processing question: 'do you have programming experience or are you in a cs degree?'
2025-05-15 14:18:33,268 - WARNING - No match found for question: 'do you have programming experience or are you in a cs degree?' (best score: 0)
2025-05-15 14:18:33,269 - INFO - Processing question: 'are you legally authorized to work in the u.s. without restriction for any employer?'
2025-05-15 14:18:33,269 - WARNING - No match found for question: 'are you legally authorized to work in the u.s. without restriction for any employer?' (best score: 0)
2025-05-15 14:18:33,270 - INFO - Processing question: 'are you legally authorized to work in canada or the united states?'
2025-05-15 14:18:33,270 - WARNING - No match found for question: 'are you legally authorized to work in canada or the united states?' (best score: 0)
2025-05-15 14:18:33,270 - INFO - Processing question: 'how many years of experience do you have as a machine learning engineer?'
2025-05-15 14:18:33,271 - WARNING - No match found for question: 'how many years of experience do you have as a machine learning engineer?' (best score: 0)
2025-05-15 14:18:33,271 - INFO - Processing question: 'are you legally authorized to work in the united states?'
2025-05-15 14:18:33,271 - WARNING - No match found for question: 'are you legally authorized to work in the united states?' (best score: 0)
2025-05-15 14:18:33,272 - INFO - Processing question: 'what are your salary expectations?'
2025-05-15 14:18:33,272 - WARNING - No match found for question: 'what are your salary expectations?' (best score: 0)
2025-05-15 14:18:33,272 - INFO - Processing question: 'have you previously worked for hims & hers as an employee or contractor/consultant?'
2025-05-15 14:18:33,273 - WARNING - No match found for question: 'have you previously worked for hims & hers as an employee or contractor/consultant?' (best score: 0)
2025-05-15 14:18:33,273 - INFO - Processing question: 'are you legally authorized to work in canada?'
2025-05-15 14:18:33,274 - WARNING - No match found for question: 'are you legally authorized to work in canada?' (best score: 0)
2025-05-15 14:18:33,274 - INFO - Processing question: 'how did you hear about us?'
2025-05-15 14:18:33,274 - WARNING - No match found for question: 'how did you hear about us?' (best score: 0)
2025-05-15 14:18:33,275 - INFO - Processing question: 'are you a veteran/have you served in the military?'
2025-05-15 14:18:33,275 - WARNING - No match found for question: 'are you a veteran/have you served in the military?' (best score: 0)
2025-05-15 14:18:33,275 - INFO - Processing question: 'do you identify as having a disability?.no'
2025-05-15 14:18:33,276 - WARNING - No match found for question: 'do you identify as having a disability?.no' (best score: 0)
2025-05-15 14:18:33,276 - INFO - Processing question: 'will you now or in the future require immigration sponsorship by hims & hers in order to work for hims & hers in the u.s.?'
2025-05-15 14:18:33,276 - WARNING - No match found for question: 'will you now or in the future require immigration sponsorship by hims & hers in order to work for hims & hers in the u.s.?' (best score: 0)
2025-05-15 14:18:33,277 - INFO - Processing question: 'have you worked as a software engineer prior to moving into ml?'
2025-05-15 14:18:33,277 - WARNING - No match found for question: 'have you worked as a software engineer prior to moving into ml?' (best score: 0)
2025-05-15 14:18:33,277 - INFO - Processing question: 'which languages and dialects do you speak fluently?'
2025-05-15 14:18:33,278 - WARNING - No match found for question: 'which languages and dialects do you speak fluently?' (best score: 0)
2025-05-15 14:18:33,278 - INFO - Processing question: 'are you open to tier 2 (medium complexity) rlhf projects at listed rate for your location?'
2025-05-15 14:18:33,278 - WARNING - No match found for question: 'are you open to tier 2 (medium complexity) rlhf projects at listed rate for your location?' (best score: 0)
2025-05-15 14:18:33,279 - INFO - Processing question: 'do you have any familial relationships with current virta employees?'
2025-05-15 14:18:33,279 - WARNING - No match found for question: 'do you have any familial relationships with current virta employees?' (best score: 0)
2025-05-15 14:18:33,279 - INFO - Processing question: 'are you 18 or older and legally eligible to work in the country of the job you are applying for?'
2025-05-15 14:18:33,279 - WARNING - No match found for question: 'are you 18 or older and legally eligible to work in the country of the job you are applying for?' (best score: 0)
2025-05-15 14:18:33,280 - INFO - Processing question: 'will you now or in the future require sponsorship for employment?'
2025-05-15 14:18:33,280 - WARNING - No match found for question: 'will you now or in the future require sponsorship for employment?' (best score: 0)
2025-05-15 14:18:33,280 - INFO - Processing question: 'how many years of experience do you have in mle?'
2025-05-15 14:18:33,280 - WARNING - No match found for question: 'how many years of experience do you have in mle?' (best score: 0)
2025-05-15 14:18:33,281 - INFO - Processing question: 'are you legally authorized to work in the country?'
2025-05-15 14:18:33,281 - WARNING - No match found for question: 'are you legally authorized to work in the country?' (best score: 0)
2025-05-15 14:18:33,281 - INFO - Processing question: 'what is your expected salary?'
2025-05-15 14:18:33,281 - WARNING - No match found for question: 'what is your expected salary?' (best score: 0)
2025-05-15 14:18:33,282 - INFO - Processing question: 'are you legally eligible to work in the us?'
2025-05-15 14:18:33,282 - WARNING - No match found for question: 'are you legally eligible to work in the us?' (best score: 0)
2025-05-15 14:18:33,282 - INFO - Processing question: 'are you willing & able to come into our downtown san francisco office on a hybrid basis? (3 days /week)?'
2025-05-15 14:18:33,283 - WARNING - No match found for question: 'are you willing & able to come into our downtown san francisco office on a hybrid basis? (3 days /week)?' (best score: 0)
2025-05-15 14:18:33,283 - INFO - Processing question: 'can you work onsite in palo alto?'
2025-05-15 14:18:33,283 - WARNING - No match found for question: 'can you work onsite in palo alto?' (best score: 0)
2025-05-15 14:18:33,283 - INFO - Processing question: 'our offices are located in san francisco ca and new york city. please indicate which location you are interested in?'
2025-05-15 14:18:33,284 - WARNING - No match found for question: 'our offices are located in san francisco ca and new york city. please indicate which location you are interested in?' (best score: 0)
2025-05-15 14:18:33,284 - INFO - Processing question: 'will you now or will you in the future require employment visa sponsorship to work in the country in which the job you're applying for is located?'
2025-05-15 14:18:33,285 - WARNING - No match found for question: 'will you now or will you in the future require employment visa sponsorship to work in the country in which the job you're applying for is located?' (best score: 0)
2025-05-15 14:18:33,285 - INFO - Processing question: 'do you have authorization to work in the united states?'
2025-05-15 14:18:33,285 - WARNING - No match found for question: 'do you have authorization to work in the united states?' (best score: 0)
2025-05-15 14:18:33,285 - INFO - Processing question: 'will you now or in the future require sponsorship for employment visa status?'
2025-05-15 14:18:33,286 - WARNING - No match found for question: 'will you now or in the future require sponsorship for employment visa status?' (best score: 0)
2025-05-15 14:18:33,286 - INFO - Processing question: 'are you available to work in person at the promise office  location listed in the job description at least three times per week?'
2025-05-15 14:18:33,286 - WARNING - No match found for question: 'are you available to work in person at the promise office  location listed in the job description at least three times per week?' (best score: 0)
2025-05-15 14:18:33,287 - INFO - Processing question: 'are you 18 or older?'
2025-05-15 14:18:33,287 - WARNING - No match found for question: 'are you 18 or older?' (best score: 0)
2025-05-15 14:18:33,287 - INFO - Processing question: 'are you comfortable working with javascript?'
2025-05-15 14:18:33,287 - WARNING - No match found for question: 'are you comfortable working with javascript?' (best score: 0)
2025-05-15 14:18:33,288 - INFO - Processing question: 'would you willing to relocate to/be in office in san francisco?'
2025-05-15 14:18:33,288 - WARNING - No match found for question: 'would you willing to relocate to/be in office in san francisco?' (best score: 0)
2025-05-15 14:18:33,288 - INFO - Processing question: 'what annual salary are you looking for in $usd?'
2025-05-15 14:18:33,288 - WARNING - No match found for question: 'what annual salary are you looking for in $usd?' (best score: 0)
2025-05-15 14:18:33,289 - INFO - Processing question: 'are you looking for full-time or part-time work?'
2025-05-15 14:18:33,289 - WARNING - No match found for question: 'are you looking for full-time or part-time work?' (best score: 0)
2025-05-15 14:18:33,289 - INFO - Processing question: 'how would you best describe your ideal work environment?'
2025-05-15 14:18:33,290 - WARNING - No match found for question: 'how would you best describe your ideal work environment?' (best score: 0)
2025-05-15 14:18:33,290 - INFO - Processing question: 'how do you handle deadlines and pressure?'
2025-05-15 14:18:33,290 - WARNING - No match found for question: 'how do you handle deadlines and pressure?' (best score: 0)
2025-05-15 14:18:33,290 - INFO - Processing question: 'how do you handle situations where you have too many tasks to complete on your own?'
2025-05-15 14:18:33,291 - WARNING - No match found for question: 'how do you handle situations where you have too many tasks to complete on your own?' (best score: 0)
2025-05-15 14:18:33,291 - INFO - Processing question: 'how much are you willing to work when things are urgent?'
2025-05-15 14:18:33,291 - WARNING - No match found for question: 'how much are you willing to work when things are urgent?' (best score: 0)
2025-05-15 14:18:33,292 - INFO - Processing question: 'are you comfortable working with python?'
2025-05-15 14:18:33,292 - WARNING - No match found for question: 'are you comfortable working with python?' (best score: 0)
2025-05-15 14:18:33,293 - INFO - Processing question: 'do you currently have legal authorization to work in the country where the position is based?'
2025-05-15 14:18:33,293 - WARNING - No match found for question: 'do you currently have legal authorization to work in the country where the position is based?' (best score: 0)
2025-05-15 14:18:33,293 - INFO - Processing question: 'are you excited to work in-office five days a week?'
2025-05-15 14:18:33,294 - WARNING - No match found for question: 'are you excited to work in-office five days a week?' (best score: 0)
2025-05-15 14:18:33,294 - INFO - Q&A section filled successfully!
2025-05-15 14:18:33,294 - INFO - Form filled successfully!
2025-05-15 14:18:34,306 - INFO - Starting submission process...
2025-05-15 14:18:34,422 - INFO - Required field not filled: 01bee1ba-3fbd-4291-8525-67cbc4f829cf
2025-05-15 14:18:34,641 - INFO - Required radio group not answered: Are you legally authorized to work in the United States?
2025-05-15 14:18:34,681 - INFO - Required radio group not answered: Will you now or in the future require sponsorship for employment visa status (e.g., H-1B visa status) to legally work in the United States?
2025-05-15 14:18:34,721 - INFO - Required radio group not answered: Do you have any familial relationships with current Virta employees?
2025-05-15 14:18:34,867 - INFO - Waiting for 4 required fields to be filled: ['01bee1ba-3fbd-4291-8525-67cbc4f829cf', 'Are you legally authorized to work in the United States?', 'Will you now or in the future require sponsorship for employment visa status (e.g., H-1B visa status) to legally work in the United States?', 'Do you have any familial relationships with current Virta employees?']
2025-05-15 14:18:37,001 - INFO - Required field not filled: 01bee1ba-3fbd-4291-8525-67cbc4f829cf
2025-05-15 14:18:37,140 - INFO - Required radio group not answered: Are you legally authorized to work in the United States?
2025-05-15 14:18:37,174 - INFO - Required radio group not answered: Will you now or in the future require sponsorship for employment visa status (e.g., H-1B visa status) to legally work in the United States?
2025-05-15 14:18:37,208 - INFO - Required radio group not answered: Do you have any familial relationships with current Virta employees?
2025-05-15 14:18:37,346 - INFO - Waiting for 4 required fields to be filled: ['01bee1ba-3fbd-4291-8525-67cbc4f829cf', 'Are you legally authorized to work in the United States?', 'Will you now or in the future require sponsorship for employment visa status (e.g., H-1B visa status) to legally work in the United States?', 'Do you have any familial relationships with current Virta employees?']
2025-05-15 14:18:39,487 - INFO - Required field not filled: 01bee1ba-3fbd-4291-8525-67cbc4f829cf
2025-05-15 14:18:39,655 - INFO - Required radio group not answered: Are you legally authorized to work in the United States?
2025-05-15 14:18:39,678 - INFO - Required radio group not answered: Will you now or in the future require sponsorship for employment visa status (e.g., H-1B visa status) to legally work in the United States?
2025-05-15 14:18:39,724 - INFO - Required radio group not answered: Do you have any familial relationships with current Virta employees?
2025-05-15 14:18:39,865 - INFO - Waiting for 4 required fields to be filled: ['01bee1ba-3fbd-4291-8525-67cbc4f829cf', 'Are you legally authorized to work in the United States?', 'Will you now or in the future require sponsorship for employment visa status (e.g., H-1B visa status) to legally work in the United States?', 'Do you have any familial relationships with current Virta employees?']
2025-05-15 14:18:41,993 - INFO - Required field not filled: 01bee1ba-3fbd-4291-8525-67cbc4f829cf
2025-05-15 14:18:42,141 - INFO - Required radio group not answered: Are you legally authorized to work in the United States?
2025-05-15 14:18:42,175 - INFO - Required radio group not answered: Will you now or in the future require sponsorship for employment visa status (e.g., H-1B visa status) to legally work in the United States?
2025-05-15 14:18:42,207 - INFO - Required radio group not answered: Do you have any familial relationships with current Virta employees?
2025-05-15 14:18:42,346 - INFO - Waiting for 4 required fields to be filled: ['01bee1ba-3fbd-4291-8525-67cbc4f829cf', 'Are you legally authorized to work in the United States?', 'Will you now or in the future require sponsorship for employment visa status (e.g., H-1B visa status) to legally work in the United States?', 'Do you have any familial relationships with current Virta employees?']
2025-05-15 14:18:44,468 - INFO - Required field not filled: 01bee1ba-3fbd-4291-8525-67cbc4f829cf
2025-05-15 14:18:44,636 - INFO - Required radio group not answered: Are you legally authorized to work in the United States?
2025-05-15 14:18:44,673 - INFO - Required radio group not answered: Will you now or in the future require sponsorship for employment visa status (e.g., H-1B visa status) to legally work in the United States?
2025-05-15 14:18:44,710 - INFO - Required radio group not answered: Do you have any familial relationships with current Virta employees?
2025-05-15 14:18:44,845 - INFO - Waiting for 4 required fields to be filled: ['01bee1ba-3fbd-4291-8525-67cbc4f829cf', 'Are you legally authorized to work in the United States?', 'Will you now or in the future require sponsorship for employment visa status (e.g., H-1B visa status) to legally work in the United States?', 'Do you have any familial relationships with current Virta employees?']
2025-05-15 14:18:47,005 - INFO - Required field not filled: 01bee1ba-3fbd-4291-8525-67cbc4f829cf
2025-05-15 14:18:47,157 - INFO - Required radio group not answered: Are you legally authorized to work in the United States?
2025-05-15 14:18:47,188 - INFO - Required radio group not answered: Will you now or in the future require sponsorship for employment visa status (e.g., H-1B visa status) to legally work in the United States?
2025-05-15 14:18:47,227 - INFO - Required radio group not answered: Do you have any familial relationships with current Virta employees?
2025-05-15 14:18:47,360 - INFO - Waiting for 4 required fields to be filled: ['01bee1ba-3fbd-4291-8525-67cbc4f829cf', 'Are you legally authorized to work in the United States?', 'Will you now or in the future require sponsorship for employment visa status (e.g., H-1B visa status) to legally work in the United States?', 'Do you have any familial relationships with current Virta employees?']
2025-05-15 14:18:49,452 - INFO - Required field not filled: 01bee1ba-3fbd-4291-8525-67cbc4f829cf
2025-05-15 14:18:49,605 - INFO - Required radio group not answered: Are you legally authorized to work in the United States?
2025-05-15 14:18:49,642 - INFO - Required radio group not answered: Will you now or in the future require sponsorship for employment visa status (e.g., H-1B visa status) to legally work in the United States?
2025-05-15 14:18:49,673 - INFO - Required radio group not answered: Do you have any familial relationships with current Virta employees?
2025-05-15 14:18:49,799 - INFO - Waiting for 4 required fields to be filled: ['01bee1ba-3fbd-4291-8525-67cbc4f829cf', 'Are you legally authorized to work in the United States?', 'Will you now or in the future require sponsorship for employment visa status (e.g., H-1B visa status) to legally work in the United States?', 'Do you have any familial relationships with current Virta employees?']
2025-05-15 14:18:51,889 - INFO - Required field not filled: 01bee1ba-3fbd-4291-8525-67cbc4f829cf
2025-05-15 14:18:52,059 - INFO - Required radio group not answered: Are you legally authorized to work in the United States?
2025-05-15 14:18:52,089 - INFO - Required radio group not answered: Will you now or in the future require sponsorship for employment visa status (e.g., H-1B visa status) to legally work in the United States?
2025-05-15 14:18:52,126 - INFO - Required radio group not answered: Do you have any familial relationships with current Virta employees?
2025-05-15 14:18:52,267 - INFO - Waiting for 4 required fields to be filled: ['01bee1ba-3fbd-4291-8525-67cbc4f829cf', 'Are you legally authorized to work in the United States?', 'Will you now or in the future require sponsorship for employment visa status (e.g., H-1B visa status) to legally work in the United States?', 'Do you have any familial relationships with current Virta employees?']
2025-05-15 14:18:54,384 - INFO - Required field not filled: 01bee1ba-3fbd-4291-8525-67cbc4f829cf
2025-05-15 14:18:54,558 - INFO - Required radio group not answered: Are you legally authorized to work in the United States?
2025-05-15 14:18:54,594 - INFO - Required radio group not answered: Will you now or in the future require sponsorship for employment visa status (e.g., H-1B visa status) to legally work in the United States?
2025-05-15 14:18:54,622 - INFO - Required radio group not answered: Do you have any familial relationships with current Virta employees?
2025-05-15 14:18:54,755 - INFO - Waiting for 4 required fields to be filled: ['01bee1ba-3fbd-4291-8525-67cbc4f829cf', 'Are you legally authorized to work in the United States?', 'Will you now or in the future require sponsorship for employment visa status (e.g., H-1B visa status) to legally work in the United States?', 'Do you have any familial relationships with current Virta employees?']
2025-05-15 14:18:56,883 - INFO - Required field not filled: 01bee1ba-3fbd-4291-8525-67cbc4f829cf
2025-05-15 14:18:57,051 - INFO - Required radio group not answered: Are you legally authorized to work in the United States?
2025-05-15 14:18:57,077 - INFO - Required radio group not answered: Will you now or in the future require sponsorship for employment visa status (e.g., H-1B visa status) to legally work in the United States?
2025-05-15 14:18:57,126 - INFO - Required radio group not answered: Do you have any familial relationships with current Virta employees?
2025-05-15 14:18:57,239 - INFO - Waiting for 4 required fields to be filled: ['01bee1ba-3fbd-4291-8525-67cbc4f829cf', 'Are you legally authorized to work in the United States?', 'Will you now or in the future require sponsorship for employment visa status (e.g., H-1B visa status) to legally work in the United States?', 'Do you have any familial relationships with current Virta employees?']
2025-05-15 14:18:59,374 - INFO - Required field not filled: 01bee1ba-3fbd-4291-8525-67cbc4f829cf
2025-05-15 14:18:59,537 - INFO - Required radio group not answered: Are you legally authorized to work in the United States?
2025-05-15 14:18:59,579 - INFO - Required radio group not answered: Will you now or in the future require sponsorship for employment visa status (e.g., H-1B visa status) to legally work in the United States?
2025-05-15 14:18:59,622 - INFO - Required radio group not answered: Do you have any familial relationships with current Virta employees?
2025-05-15 14:18:59,759 - INFO - Waiting for 4 required fields to be filled: ['01bee1ba-3fbd-4291-8525-67cbc4f829cf', 'Are you legally authorized to work in the United States?', 'Will you now or in the future require sponsorship for employment visa status (e.g., H-1B visa status) to legally work in the United States?', 'Do you have any familial relationships with current Virta employees?']
2025-05-15 14:19:01,901 - INFO - Required field not filled: 01bee1ba-3fbd-4291-8525-67cbc4f829cf
2025-05-15 14:19:02,063 - INFO - Required radio group not answered: Are you legally authorized to work in the United States?
2025-05-15 14:19:02,107 - INFO - Required radio group not answered: Will you now or in the future require sponsorship for employment visa status (e.g., H-1B visa status) to legally work in the United States?
2025-05-15 14:19:02,139 - INFO - Required radio group not answered: Do you have any familial relationships with current Virta employees?
2025-05-15 14:19:02,287 - INFO - Waiting for 4 required fields to be filled: ['01bee1ba-3fbd-4291-8525-67cbc4f829cf', 'Are you legally authorized to work in the United States?', 'Will you now or in the future require sponsorship for employment visa status (e.g., H-1B visa status) to legally work in the United States?', 'Do you have any familial relationships with current Virta employees?']
2025-05-15 14:19:04,423 - INFO - Required field not filled: 01bee1ba-3fbd-4291-8525-67cbc4f829cf
2025-05-15 14:19:04,581 - INFO - Required radio group not answered: Are you legally authorized to work in the United States?
2025-05-15 14:19:04,605 - INFO - Required radio group not answered: Will you now or in the future require sponsorship for employment visa status (e.g., H-1B visa status) to legally work in the United States?
2025-05-15 14:19:04,663 - INFO - Required radio group not answered: Do you have any familial relationships with current Virta employees?
2025-05-15 14:19:04,804 - INFO - Waiting for 4 required fields to be filled: ['01bee1ba-3fbd-4291-8525-67cbc4f829cf', 'Are you legally authorized to work in the United States?', 'Will you now or in the future require sponsorship for employment visa status (e.g., H-1B visa status) to legally work in the United States?', 'Do you have any familial relationships with current Virta employees?']
2025-05-15 14:19:06,893 - INFO - Required field not filled: 01bee1ba-3fbd-4291-8525-67cbc4f829cf
2025-05-15 14:19:07,055 - INFO - Required radio group not answered: Are you legally authorized to work in the United States?
2025-05-15 14:19:07,099 - INFO - Required radio group not answered: Will you now or in the future require sponsorship for employment visa status (e.g., H-1B visa status) to legally work in the United States?
2025-05-15 14:19:07,143 - INFO - Required radio group not answered: Do you have any familial relationships with current Virta employees?
2025-05-15 14:19:07,284 - INFO - Waiting for 4 required fields to be filled: ['01bee1ba-3fbd-4291-8525-67cbc4f829cf', 'Are you legally authorized to work in the United States?', 'Will you now or in the future require sponsorship for employment visa status (e.g., H-1B visa status) to legally work in the United States?', 'Do you have any familial relationships with current Virta employees?']
2025-05-15 14:19:09,439 - INFO - Required field not filled: 01bee1ba-3fbd-4291-8525-67cbc4f829cf
2025-05-15 14:19:09,588 - INFO - Required radio group not answered: Are you legally authorized to work in the United States?
2025-05-15 14:19:09,620 - INFO - Required radio group not answered: Will you now or in the future require sponsorship for employment visa status (e.g., H-1B visa status) to legally work in the United States?
2025-05-15 14:19:09,655 - INFO - Required radio group not answered: Do you have any familial relationships with current Virta employees?
2025-05-15 14:19:09,802 - INFO - Waiting for 4 required fields to be filled: ['01bee1ba-3fbd-4291-8525-67cbc4f829cf', 'Are you legally authorized to work in the United States?', 'Will you now or in the future require sponsorship for employment visa status (e.g., H-1B visa status) to legally work in the United States?', 'Do you have any familial relationships with current Virta employees?']
2025-05-15 14:19:11,903 - INFO - Required field not filled: 01bee1ba-3fbd-4291-8525-67cbc4f829cf
2025-05-15 14:19:12,058 - INFO - Required radio group not answered: Are you legally authorized to work in the United States?
2025-05-15 14:19:12,105 - INFO - Required radio group not answered: Will you now or in the future require sponsorship for employment visa status (e.g., H-1B visa status) to legally work in the United States?
2025-05-15 14:19:12,138 - INFO - Required radio group not answered: Do you have any familial relationships with current Virta employees?
2025-05-15 14:19:12,266 - INFO - Waiting for 4 required fields to be filled: ['01bee1ba-3fbd-4291-8525-67cbc4f829cf', 'Are you legally authorized to work in the United States?', 'Will you now or in the future require sponsorship for employment visa status (e.g., H-1B visa status) to legally work in the United States?', 'Do you have any familial relationships with current Virta employees?']
2025-05-15 14:19:14,397 - INFO - Required field not filled: 01bee1ba-3fbd-4291-8525-67cbc4f829cf
2025-05-15 14:19:14,569 - INFO - Required radio group not answered: Are you legally authorized to work in the United States?
2025-05-15 14:19:14,601 - INFO - Required radio group not answered: Will you now or in the future require sponsorship for employment visa status (e.g., H-1B visa status) to legally work in the United States?
2025-05-15 14:19:14,624 - INFO - Required radio group not answered: Do you have any familial relationships with current Virta employees?
2025-05-15 14:19:14,761 - INFO - Waiting for 4 required fields to be filled: ['01bee1ba-3fbd-4291-8525-67cbc4f829cf', 'Are you legally authorized to work in the United States?', 'Will you now or in the future require sponsorship for employment visa status (e.g., H-1B visa status) to legally work in the United States?', 'Do you have any familial relationships with current Virta employees?']
2025-05-15 14:19:16,893 - INFO - Required field not filled: 01bee1ba-3fbd-4291-8525-67cbc4f829cf
2025-05-15 14:19:17,048 - INFO - Required radio group not answered: Are you legally authorized to work in the United States?
2025-05-15 14:19:17,075 - INFO - Required radio group not answered: Will you now or in the future require sponsorship for employment visa status (e.g., H-1B visa status) to legally work in the United States?
2025-05-15 14:19:17,119 - INFO - Required radio group not answered: Do you have any familial relationships with current Virta employees?
2025-05-15 14:19:17,240 - INFO - Waiting for 4 required fields to be filled: ['01bee1ba-3fbd-4291-8525-67cbc4f829cf', 'Are you legally authorized to work in the United States?', 'Will you now or in the future require sponsorship for employment visa status (e.g., H-1B visa status) to legally work in the United States?', 'Do you have any familial relationships with current Virta employees?']
2025-05-15 14:19:19,369 - INFO - Required field not filled: 01bee1ba-3fbd-4291-8525-67cbc4f829cf
2025-05-15 14:19:19,523 - INFO - Required radio group not answered: Are you legally authorized to work in the United States?
2025-05-15 14:19:19,554 - INFO - Required radio group not answered: Will you now or in the future require sponsorship for employment visa status (e.g., H-1B visa status) to legally work in the United States?
2025-05-15 14:19:19,595 - INFO - Required radio group not answered: Do you have any familial relationships with current Virta employees?
2025-05-15 14:19:19,729 - INFO - Waiting for 4 required fields to be filled: ['01bee1ba-3fbd-4291-8525-67cbc4f829cf', 'Are you legally authorized to work in the United States?', 'Will you now or in the future require sponsorship for employment visa status (e.g., H-1B visa status) to legally work in the United States?', 'Do you have any familial relationships with current Virta employees?']
2025-05-15 14:19:21,819 - INFO - Required field not filled: 01bee1ba-3fbd-4291-8525-67cbc4f829cf
2025-05-15 14:19:21,987 - INFO - Required radio group not answered: Are you legally authorized to work in the United States?
2025-05-15 14:19:22,020 - INFO - Required radio group not answered: Will you now or in the future require sponsorship for employment visa status (e.g., H-1B visa status) to legally work in the United States?
2025-05-15 14:19:22,050 - INFO - Required radio group not answered: Do you have any familial relationships with current Virta employees?
2025-05-15 14:19:22,174 - INFO - Waiting for 4 required fields to be filled: ['01bee1ba-3fbd-4291-8525-67cbc4f829cf', 'Are you legally authorized to work in the United States?', 'Will you now or in the future require sponsorship for employment visa status (e.g., H-1B visa status) to legally work in the United States?', 'Do you have any familial relationships with current Virta employees?']
2025-05-15 14:19:24,298 - INFO - Required field not filled: 01bee1ba-3fbd-4291-8525-67cbc4f829cf
2025-05-15 14:19:24,473 - INFO - Required radio group not answered: Are you legally authorized to work in the United States?
2025-05-15 14:19:24,509 - INFO - Required radio group not answered: Will you now or in the future require sponsorship for employment visa status (e.g., H-1B visa status) to legally work in the United States?
2025-05-15 14:19:24,539 - INFO - Required radio group not answered: Do you have any familial relationships with current Virta employees?
2025-05-15 14:19:24,667 - INFO - Waiting for 4 required fields to be filled: ['01bee1ba-3fbd-4291-8525-67cbc4f829cf', 'Are you legally authorized to work in the United States?', 'Will you now or in the future require sponsorship for employment visa status (e.g., H-1B visa status) to legally work in the United States?', 'Do you have any familial relationships with current Virta employees?']
2025-05-15 14:19:26,775 - INFO - Required field not filled: 01bee1ba-3fbd-4291-8525-67cbc4f829cf
2025-05-15 14:19:26,965 - INFO - Required radio group not answered: Will you now or in the future require sponsorship for employment visa status (e.g., H-1B visa status) to legally work in the United States?
2025-05-15 14:19:26,999 - INFO - Required radio group not answered: Do you have any familial relationships with current Virta employees?
2025-05-15 14:19:27,110 - INFO - Waiting for 3 required fields to be filled: ['01bee1ba-3fbd-4291-8525-67cbc4f829cf', 'Will you now or in the future require sponsorship for employment visa status (e.g., H-1B visa status) to legally work in the United States?', 'Do you have any familial relationships with current Virta employees?']
2025-05-15 14:19:29,231 - INFO - Required field not filled: 01bee1ba-3fbd-4291-8525-67cbc4f829cf
2025-05-15 14:19:29,405 - INFO - Required radio group not answered: Will you now or in the future require sponsorship for employment visa status (e.g., H-1B visa status) to legally work in the United States?
2025-05-15 14:19:29,438 - INFO - Required radio group not answered: Do you have any familial relationships with current Virta employees?
2025-05-15 14:19:29,531 - INFO - Waiting for 3 required fields to be filled: ['01bee1ba-3fbd-4291-8525-67cbc4f829cf', 'Will you now or in the future require sponsorship for employment visa status (e.g., H-1B visa status) to legally work in the United States?', 'Do you have any familial relationships with current Virta employees?']
2025-05-15 14:19:31,668 - INFO - Required field not filled: 01bee1ba-3fbd-4291-8525-67cbc4f829cf
2025-05-15 14:19:31,886 - INFO - Required radio group not answered: Do you have any familial relationships with current Virta employees?
2025-05-15 14:19:31,953 - INFO - Waiting for 2 required fields to be filled: ['01bee1ba-3fbd-4291-8525-67cbc4f829cf', 'Do you have any familial relationships with current Virta employees?']
2025-05-15 14:19:34,083 - INFO - Required field not filled: 01bee1ba-3fbd-4291-8525-67cbc4f829cf
2025-05-15 14:19:34,342 - INFO - Waiting for 1 required fields to be filled: ['01bee1ba-3fbd-4291-8525-67cbc4f829cf']
2025-05-15 14:19:36,489 - INFO - Required field not filled: 01bee1ba-3fbd-4291-8525-67cbc4f829cf
2025-05-15 14:19:36,735 - INFO - Waiting for 1 required fields to be filled: ['01bee1ba-3fbd-4291-8525-67cbc4f829cf']
2025-05-15 14:19:39,067 - INFO - All required fields are filled.
2025-05-15 14:19:39,111 - INFO - Found submit button using selector: button._primary_8wvgw_96
2025-05-15 14:19:40,724 - INFO - Clicked submit button normally
2025-05-15 14:19:43,000 - INFO - Page changed after click - assuming submission started
2025-05-15 14:20:03,381 - WARNING - Error during submission verification: Message: 

2025-05-15 14:20:03,398 - INFO - URL suggests we left application page - assuming success
2025-05-15 14:20:03,398 - INFO - Application submitted successfully!
2025-05-15 14:20:03,399 - INFO - Log directory ensured: C:\Users\hr\OneDrive\Desktop\merge\all_job_app\logs
2025-05-15 14:20:03,399 - INFO - Log entry written to logs/ashby_log_2025-05-15.csv
2025-05-15 14:20:03,400 - INFO - Processing job: https://jobs.ashbyhq.com/windranger/d5c33dba-6b07-450a-8a35-4ec61355ab42
2025-05-15 14:20:04,510 - INFO - Opened job page: https://jobs.ashbyhq.com/windranger/d5c33dba-6b07-450a-8a35-4ec61355ab42
2025-05-15 14:20:07,646 - INFO - Apply button clicked successfully!
2025-05-15 14:20:12,662 - INFO - Attempting to upload resume from: C:\Users\hr\OneDrive\Desktop\merge\all_job_app\resume/srutej.pdf
2025-05-15 14:20:13,246 - INFO - Resume file sent to input element
2025-05-15 14:20:28,662 - WARNING - No explicit upload confirmation detected: Message: 

2025-05-15 14:20:28,663 - INFO - Filling out the application form...
2025-05-15 14:20:28,772 - INFO - Filled field name with value Srutej Kodiganti
2025-05-15 14:20:28,882 - INFO - Filled field email with value srutej.kodiganti@gmail.com
2025-05-15 14:20:38,917 - WARNING - Error filling field phone with selector input[type='tel']: Message: 
Stacktrace:
	GetHandleVerifier [0x002FFC83+61635]
	GetHandleVerifier [0x002FFCC4+61700]
	(No symbol) [0x001205D3]
	(No symbol) [0x0016899E]
	(No symbol) [0x00168D3B]
	(No symbol) [0x001B0E12]
	(No symbol) [0x0018D2E4]
	(No symbol) [0x001AE61B]
	(No symbol) [0x0018D096]
	(No symbol) [0x0015C840]
	(No symbol) [0x0015D6A4]
	GetHandleVerifier [0x005845A3+2701795]
	GetHandleVerifier [0x0057FD26+2683238]
	GetHandleVerifier [0x0059AA6E+2793134]
	GetHandleVerifier [0x00316945+155013]
	GetHandleVerifier [0x0031D02D+181357]
	GetHandleVerifier [0x003074D8+92440]
	GetHandleVerifier [0x00307680+92864]
	GetHandleVerifier [0x002F2070+5296]
	BaseThreadInitThunk [0x759AFCC9+25]
	RtlGetAppContainerNamedObjectPath [0x771B82AE+286]
	RtlGetAppContainerNamedObjectPath [0x771B827E+238]
	(No symbol) [0x00000000]

2025-05-15 14:20:49,450 - WARNING - Error filling field phone with selector input[name='phone']: Message: 
Stacktrace:
	GetHandleVerifier [0x002FFC83+61635]
	GetHandleVerifier [0x002FFCC4+61700]
	(No symbol) [0x001205D3]
	(No symbol) [0x0016899E]
	(No symbol) [0x00168D3B]
	(No symbol) [0x001B0E12]
	(No symbol) [0x0018D2E4]
	(No symbol) [0x001AE61B]
	(No symbol) [0x0018D096]
	(No symbol) [0x0015C840]
	(No symbol) [0x0015D6A4]
	GetHandleVerifier [0x005845A3+2701795]
	GetHandleVerifier [0x0057FD26+2683238]
	GetHandleVerifier [0x0059AA6E+2793134]
	GetHandleVerifier [0x00316945+155013]
	GetHandleVerifier [0x0031D02D+181357]
	GetHandleVerifier [0x003074D8+92440]
	GetHandleVerifier [0x00307680+92864]
	GetHandleVerifier [0x002F2070+5296]
	BaseThreadInitThunk [0x759AFCC9+25]
	RtlGetAppContainerNamedObjectPath [0x771B82AE+286]
	RtlGetAppContainerNamedObjectPath [0x771B827E+238]
	(No symbol) [0x00000000]

2025-05-15 14:20:59,934 - WARNING - Error filling field phone with selector input[type='number']: Message: 
Stacktrace:
	GetHandleVerifier [0x002FFC83+61635]
	GetHandleVerifier [0x002FFCC4+61700]
	(No symbol) [0x001205D3]
	(No symbol) [0x0016899E]
	(No symbol) [0x00168D3B]
	(No symbol) [0x001B0E12]
	(No symbol) [0x0018D2E4]
	(No symbol) [0x001AE61B]
	(No symbol) [0x0018D096]
	(No symbol) [0x0015C840]
	(No symbol) [0x0015D6A4]
	GetHandleVerifier [0x005845A3+2701795]
	GetHandleVerifier [0x0057FD26+2683238]
	GetHandleVerifier [0x0059AA6E+2793134]
	GetHandleVerifier [0x00316945+155013]
	GetHandleVerifier [0x0031D02D+181357]
	GetHandleVerifier [0x003074D8+92440]
	GetHandleVerifier [0x00307680+92864]
	GetHandleVerifier [0x002F2070+5296]
	BaseThreadInitThunk [0x759AFCC9+25]
	RtlGetAppContainerNamedObjectPath [0x771B82AE+286]
	RtlGetAppContainerNamedObjectPath [0x771B827E+238]
	(No symbol) [0x00000000]

2025-05-15 14:20:59,945 - WARNING - No value provided for mandatory field: address
2025-05-15 14:21:09,974 - WARNING - Error filling field location with selector input[role='combobox']: Message: 
Stacktrace:
	GetHandleVerifier [0x002FFC83+61635]
	GetHandleVerifier [0x002FFCC4+61700]
	(No symbol) [0x001205D3]
	(No symbol) [0x0016899E]
	(No symbol) [0x00168D3B]
	(No symbol) [0x001B0E12]
	(No symbol) [0x0018D2E4]
	(No symbol) [0x001AE61B]
	(No symbol) [0x0018D096]
	(No symbol) [0x0015C840]
	(No symbol) [0x0015D6A4]
	GetHandleVerifier [0x005845A3+2701795]
	GetHandleVerifier [0x0057FD26+2683238]
	GetHandleVerifier [0x0059AA6E+2793134]
	GetHandleVerifier [0x00316945+155013]
	GetHandleVerifier [0x0031D02D+181357]
	GetHandleVerifier [0x003074D8+92440]
	GetHandleVerifier [0x00307680+92864]
	GetHandleVerifier [0x002F2070+5296]
	BaseThreadInitThunk [0x759AFCC9+25]
	RtlGetAppContainerNamedObjectPath [0x771B82AE+286]
	RtlGetAppContainerNamedObjectPath [0x771B827E+238]
	(No symbol) [0x00000000]

2025-05-15 14:21:19,990 - WARNING - Error filling field location with selector input[placeholder*='Start typing']: Message: 
Stacktrace:
	GetHandleVerifier [0x002FFC83+61635]
	GetHandleVerifier [0x002FFCC4+61700]
	(No symbol) [0x001205D3]
	(No symbol) [0x0016899E]
	(No symbol) [0x00168D3B]
	(No symbol) [0x001B0E12]
	(No symbol) [0x0018D2E4]
	(No symbol) [0x001AE61B]
	(No symbol) [0x0018D096]
	(No symbol) [0x0015C840]
	(No symbol) [0x0015D6A4]
	GetHandleVerifier [0x005845A3+2701795]
	GetHandleVerifier [0x0057FD26+2683238]
	GetHandleVerifier [0x0059AA6E+2793134]
	GetHandleVerifier [0x00316945+155013]
	GetHandleVerifier [0x0031D02D+181357]
	GetHandleVerifier [0x003074D8+92440]
	GetHandleVerifier [0x00307680+92864]
	GetHandleVerifier [0x002F2070+5296]
	BaseThreadInitThunk [0x759AFCC9+25]
	RtlGetAppContainerNamedObjectPath [0x771B82AE+286]
	RtlGetAppContainerNamedObjectPath [0x771B827E+238]
	(No symbol) [0x00000000]

2025-05-15 14:21:20,143 - INFO - Filled LinkedIn field
2025-05-15 14:21:20,143 - INFO - Filling out the Q&A section...
2025-05-15 14:21:20,878 - INFO - Form Q&A questions found: []
2025-05-15 14:21:20,878 - WARNING - No Q&A questions found in the form. Skipping Q&A section.
2025-05-15 14:21:20,879 - INFO - Form filled successfully!
2025-05-15 14:21:21,887 - INFO - Starting submission process...
2025-05-15 14:21:22,088 - INFO - All required fields are filled.
2025-05-15 14:21:22,143 - INFO - Found submit button using selector: button._primary_8wvgw_96
2025-05-15 14:21:23,634 - INFO - Clicked submit button normally
2025-05-15 14:21:25,920 - INFO - Page changed after click - assuming submission started
2025-05-15 14:21:46,314 - WARNING - Error during submission verification: Message: 

2025-05-15 14:21:46,330 - INFO - URL suggests we left application page - assuming success
2025-05-15 14:21:46,330 - INFO - Application submitted successfully!
2025-05-15 14:21:46,330 - INFO - Log directory ensured: C:\Users\hr\OneDrive\Desktop\merge\all_job_app\logs
2025-05-15 14:21:46,340 - INFO - Log entry written to logs/ashby_log_2025-05-15.csv
2025-05-15 14:21:46,341 - INFO - Processing job: https://jobs.ashbyhq.com/anyscale/f59089a5-7b7d-4639-a839-ec12ed53f1e5
2025-05-15 14:21:47,793 - INFO - Opened job page: https://jobs.ashbyhq.com/anyscale/f59089a5-7b7d-4639-a839-ec12ed53f1e5
2025-05-15 14:21:51,000 - INFO - Apply button clicked successfully!
2025-05-15 14:21:56,015 - INFO - Attempting to upload resume from: C:\Users\hr\OneDrive\Desktop\merge\all_job_app\resume/srutej.pdf
2025-05-15 14:21:56,582 - INFO - Resume file sent to input element
2025-05-15 14:22:11,723 - WARNING - No explicit upload confirmation detected: Message: 

2025-05-15 14:22:11,724 - INFO - Filling out the application form...
2025-05-15 14:22:11,836 - INFO - Filled field name with value Srutej Kodiganti
2025-05-15 14:22:11,969 - INFO - Filled field email with value srutej.kodiganti@gmail.com
2025-05-15 14:22:12,062 - INFO - Filled field phone with value (770) 282-9950
2025-05-15 14:22:12,066 - WARNING - No value provided for mandatory field: address
2025-05-15 14:22:22,521 - WARNING - Error filling field location with selector input[role='combobox']: Message: 
Stacktrace:
	GetHandleVerifier [0x002FFC83+61635]
	GetHandleVerifier [0x002FFCC4+61700]
	(No symbol) [0x001205D3]
	(No symbol) [0x0016899E]
	(No symbol) [0x00168D3B]
	(No symbol) [0x001B0E12]
	(No symbol) [0x0018D2E4]
	(No symbol) [0x001AE61B]
	(No symbol) [0x0018D096]
	(No symbol) [0x0015C840]
	(No symbol) [0x0015D6A4]
	GetHandleVerifier [0x005845A3+2701795]
	GetHandleVerifier [0x0057FD26+2683238]
	GetHandleVerifier [0x0059AA6E+2793134]
	GetHandleVerifier [0x00316945+155013]
	GetHandleVerifier [0x0031D02D+181357]
	GetHandleVerifier [0x003074D8+92440]
	GetHandleVerifier [0x00307680+92864]
	GetHandleVerifier [0x002F2070+5296]
	BaseThreadInitThunk [0x759AFCC9+25]
	RtlGetAppContainerNamedObjectPath [0x771B82AE+286]
	RtlGetAppContainerNamedObjectPath [0x771B827E+238]
	(No symbol) [0x00000000]

2025-05-15 14:22:32,971 - WARNING - Error filling field location with selector input[placeholder*='Start typing']: Message: 
Stacktrace:
	GetHandleVerifier [0x002FFC83+61635]
	GetHandleVerifier [0x002FFCC4+61700]
	(No symbol) [0x001205D3]
	(No symbol) [0x0016899E]
	(No symbol) [0x00168D3B]
	(No symbol) [0x001B0E12]
	(No symbol) [0x0018D2E4]
	(No symbol) [0x001AE61B]
	(No symbol) [0x0018D096]
	(No symbol) [0x0015C840]
	(No symbol) [0x0015D6A4]
	GetHandleVerifier [0x005845A3+2701795]
	GetHandleVerifier [0x0057FD26+2683238]
	GetHandleVerifier [0x0059AA6E+2793134]
	GetHandleVerifier [0x00316945+155013]
	GetHandleVerifier [0x0031D02D+181357]
	GetHandleVerifier [0x003074D8+92440]
	GetHandleVerifier [0x00307680+92864]
	GetHandleVerifier [0x002F2070+5296]
	BaseThreadInitThunk [0x759AFCC9+25]
	RtlGetAppContainerNamedObjectPath [0x771B82AE+286]
	RtlGetAppContainerNamedObjectPath [0x771B827E+238]
	(No symbol) [0x00000000]

2025-05-15 14:22:33,118 - INFO - Filled LinkedIn field
2025-05-15 14:22:33,118 - INFO - Filling out the Q&A section...
2025-05-15 14:22:34,456 - INFO - Form Q&A questions found: ['Current company', 'Additional information', 'Twitter', 'GitHub', 'Portfolio', 'Other']
2025-05-15 14:22:34,457 - INFO - Processing question: 'where did you hear about biorender?'
2025-05-15 14:22:34,457 - WARNING - No match found for question: 'where did you hear about biorender?' (best score: 0)
2025-05-15 14:22:34,458 - INFO - Processing question: 'do you have programming experience or are you in a cs degree?'
2025-05-15 14:22:34,458 - WARNING - No match found for question: 'do you have programming experience or are you in a cs degree?' (best score: 0)
2025-05-15 14:22:34,459 - INFO - Processing question: 'are you legally authorized to work in the u.s. without restriction for any employer?'
2025-05-15 14:22:34,460 - WARNING - No match found for question: 'are you legally authorized to work in the u.s. without restriction for any employer?' (best score: 0)
2025-05-15 14:22:34,460 - INFO - Processing question: 'are you legally authorized to work in canada or the united states?'
2025-05-15 14:22:34,461 - WARNING - No match found for question: 'are you legally authorized to work in canada or the united states?' (best score: 0)
2025-05-15 14:22:34,462 - INFO - Processing question: 'how many years of experience do you have as a machine learning engineer?'
2025-05-15 14:22:34,462 - WARNING - No match found for question: 'how many years of experience do you have as a machine learning engineer?' (best score: 0)
2025-05-15 14:22:34,463 - INFO - Processing question: 'are you legally authorized to work in the united states?'
2025-05-15 14:22:34,463 - WARNING - No match found for question: 'are you legally authorized to work in the united states?' (best score: 0)
2025-05-15 14:22:34,463 - INFO - Processing question: 'what are your salary expectations?'
2025-05-15 14:22:34,464 - WARNING - No match found for question: 'what are your salary expectations?' (best score: 0)
2025-05-15 14:22:34,464 - INFO - Processing question: 'have you previously worked for hims & hers as an employee or contractor/consultant?'
2025-05-15 14:22:34,465 - WARNING - No match found for question: 'have you previously worked for hims & hers as an employee or contractor/consultant?' (best score: 0)
2025-05-15 14:22:34,465 - INFO - Processing question: 'are you legally authorized to work in canada?'
2025-05-15 14:22:34,466 - WARNING - No match found for question: 'are you legally authorized to work in canada?' (best score: 0)
2025-05-15 14:22:34,466 - INFO - Processing question: 'how did you hear about us?'
2025-05-15 14:22:34,467 - WARNING - No match found for question: 'how did you hear about us?' (best score: 0)
2025-05-15 14:22:34,467 - INFO - Processing question: 'are you a veteran/have you served in the military?'
2025-05-15 14:22:34,468 - WARNING - No match found for question: 'are you a veteran/have you served in the military?' (best score: 0)
2025-05-15 14:22:34,468 - INFO - Processing question: 'do you identify as having a disability?.no'
2025-05-15 14:22:34,469 - WARNING - No match found for question: 'do you identify as having a disability?.no' (best score: 0)
2025-05-15 14:22:34,469 - INFO - Processing question: 'will you now or in the future require immigration sponsorship by hims & hers in order to work for hims & hers in the u.s.?'
2025-05-15 14:22:34,470 - WARNING - No match found for question: 'will you now or in the future require immigration sponsorship by hims & hers in order to work for hims & hers in the u.s.?' (best score: 0)
2025-05-15 14:22:34,470 - INFO - Processing question: 'have you worked as a software engineer prior to moving into ml?'
2025-05-15 14:22:34,471 - WARNING - No match found for question: 'have you worked as a software engineer prior to moving into ml?' (best score: 0)
2025-05-15 14:22:34,471 - INFO - Processing question: 'which languages and dialects do you speak fluently?'
2025-05-15 14:22:34,471 - WARNING - No match found for question: 'which languages and dialects do you speak fluently?' (best score: 0)
2025-05-15 14:22:34,472 - INFO - Processing question: 'are you open to tier 2 (medium complexity) rlhf projects at listed rate for your location?'
2025-05-15 14:22:34,472 - WARNING - No match found for question: 'are you open to tier 2 (medium complexity) rlhf projects at listed rate for your location?' (best score: 0)
2025-05-15 14:22:34,473 - INFO - Processing question: 'do you have any familial relationships with current virta employees?'
2025-05-15 14:22:34,473 - WARNING - No match found for question: 'do you have any familial relationships with current virta employees?' (best score: 0)
2025-05-15 14:22:34,473 - INFO - Processing question: 'are you 18 or older and legally eligible to work in the country of the job you are applying for?'
2025-05-15 14:22:34,474 - WARNING - No match found for question: 'are you 18 or older and legally eligible to work in the country of the job you are applying for?' (best score: 0)
2025-05-15 14:22:34,474 - INFO - Processing question: 'will you now or in the future require sponsorship for employment?'
2025-05-15 14:22:34,475 - WARNING - No match found for question: 'will you now or in the future require sponsorship for employment?' (best score: 0)
2025-05-15 14:22:34,475 - INFO - Processing question: 'how many years of experience do you have in mle?'
2025-05-15 14:22:34,476 - WARNING - No match found for question: 'how many years of experience do you have in mle?' (best score: 0)
2025-05-15 14:22:34,476 - INFO - Processing question: 'are you legally authorized to work in the country?'
2025-05-15 14:22:34,477 - WARNING - No match found for question: 'are you legally authorized to work in the country?' (best score: 0)
2025-05-15 14:22:34,477 - INFO - Processing question: 'what is your expected salary?'
2025-05-15 14:22:34,477 - WARNING - No match found for question: 'what is your expected salary?' (best score: 0)
2025-05-15 14:22:34,478 - INFO - Processing question: 'are you legally eligible to work in the us?'
2025-05-15 14:22:34,478 - WARNING - No match found for question: 'are you legally eligible to work in the us?' (best score: 0)
2025-05-15 14:22:34,479 - INFO - Processing question: 'are you willing & able to come into our downtown san francisco office on a hybrid basis? (3 days /week)?'
2025-05-15 14:22:34,480 - WARNING - No match found for question: 'are you willing & able to come into our downtown san francisco office on a hybrid basis? (3 days /week)?' (best score: 0)
2025-05-15 14:22:34,480 - INFO - Processing question: 'can you work onsite in palo alto?'
2025-05-15 14:22:34,481 - WARNING - No match found for question: 'can you work onsite in palo alto?' (best score: 0)
2025-05-15 14:22:34,482 - INFO - Processing question: 'our offices are located in san francisco ca and new york city. please indicate which location you are interested in?'
2025-05-15 14:22:34,483 - WARNING - No match found for question: 'our offices are located in san francisco ca and new york city. please indicate which location you are interested in?' (best score: 0)
2025-05-15 14:22:34,483 - INFO - Processing question: 'will you now or will you in the future require employment visa sponsorship to work in the country in which the job you're applying for is located?'
2025-05-15 14:22:34,483 - WARNING - No match found for question: 'will you now or will you in the future require employment visa sponsorship to work in the country in which the job you're applying for is located?' (best score: 0)
2025-05-15 14:22:34,484 - INFO - Processing question: 'do you have authorization to work in the united states?'
2025-05-15 14:22:34,484 - WARNING - No match found for question: 'do you have authorization to work in the united states?' (best score: 0)
2025-05-15 14:22:34,484 - INFO - Processing question: 'will you now or in the future require sponsorship for employment visa status?'
2025-05-15 14:22:34,485 - WARNING - No match found for question: 'will you now or in the future require sponsorship for employment visa status?' (best score: 0)
2025-05-15 14:22:34,485 - INFO - Processing question: 'are you available to work in person at the promise office  location listed in the job description at least three times per week?'
2025-05-15 14:22:34,485 - WARNING - No match found for question: 'are you available to work in person at the promise office  location listed in the job description at least three times per week?' (best score: 0)
2025-05-15 14:22:34,485 - INFO - Processing question: 'are you 18 or older?'
2025-05-15 14:22:34,485 - WARNING - No match found for question: 'are you 18 or older?' (best score: 0)
2025-05-15 14:22:34,488 - INFO - Processing question: 'are you comfortable working with javascript?'
2025-05-15 14:22:34,488 - WARNING - No match found for question: 'are you comfortable working with javascript?' (best score: 0)
2025-05-15 14:22:34,488 - INFO - Processing question: 'would you willing to relocate to/be in office in san francisco?'
2025-05-15 14:22:34,489 - WARNING - No match found for question: 'would you willing to relocate to/be in office in san francisco?' (best score: 0)
2025-05-15 14:22:34,489 - INFO - Processing question: 'what annual salary are you looking for in $usd?'
2025-05-15 14:22:34,490 - WARNING - No match found for question: 'what annual salary are you looking for in $usd?' (best score: 0)
2025-05-15 14:22:34,490 - INFO - Processing question: 'are you looking for full-time or part-time work?'
2025-05-15 14:22:34,491 - WARNING - No match found for question: 'are you looking for full-time or part-time work?' (best score: 0)
2025-05-15 14:22:34,491 - INFO - Processing question: 'how would you best describe your ideal work environment?'
2025-05-15 14:22:34,492 - WARNING - No match found for question: 'how would you best describe your ideal work environment?' (best score: 0)
2025-05-15 14:22:34,492 - INFO - Processing question: 'how do you handle deadlines and pressure?'
2025-05-15 14:22:34,493 - WARNING - No match found for question: 'how do you handle deadlines and pressure?' (best score: 0)
2025-05-15 14:22:34,493 - INFO - Processing question: 'how do you handle situations where you have too many tasks to complete on your own?'
2025-05-15 14:22:34,493 - WARNING - No match found for question: 'how do you handle situations where you have too many tasks to complete on your own?' (best score: 0)
2025-05-15 14:22:34,494 - INFO - Processing question: 'how much are you willing to work when things are urgent?'
2025-05-15 14:22:34,494 - WARNING - No match found for question: 'how much are you willing to work when things are urgent?' (best score: 0)
2025-05-15 14:22:34,494 - INFO - Processing question: 'are you comfortable working with python?'
2025-05-15 14:22:34,494 - WARNING - No match found for question: 'are you comfortable working with python?' (best score: 0)
2025-05-15 14:22:34,494 - INFO - Processing question: 'do you currently have legal authorization to work in the country where the position is based?'
2025-05-15 14:22:34,494 - WARNING - No match found for question: 'do you currently have legal authorization to work in the country where the position is based?' (best score: 0)
2025-05-15 14:22:34,497 - INFO - Processing question: 'are you excited to work in-office five days a week?'
2025-05-15 14:22:34,497 - WARNING - No match found for question: 'are you excited to work in-office five days a week?' (best score: 0)
2025-05-15 14:22:34,497 - INFO - Q&A section filled successfully!
2025-05-15 14:22:34,498 - INFO - Form filled successfully!
2025-05-15 14:22:35,510 - INFO - Starting submission process...
2025-05-15 14:22:35,755 - INFO - Required radio group not answered: We require Anyscalers to be in-person at either our SF or Palo Alto office on Mondays, Tuesdays, and Thursdays. Which is your preferred location?
2025-05-15 14:22:35,796 - INFO - Required radio group not answered: Would you require visa sponsorship to work in the country in which this position is based?
2025-05-15 14:22:35,852 - INFO - Waiting for 2 required fields to be filled: ['We require Anyscalers to be in-person at either our SF or Palo Alto office on Mondays, Tuesdays, and Thursdays. Which is your preferred location?', 'Would you require visa sponsorship to work in the country in which this position is based?']
2025-05-15 14:22:38,059 - INFO - Required radio group not answered: We require Anyscalers to be in-person at either our SF or Palo Alto office on Mondays, Tuesdays, and Thursdays. Which is your preferred location?
2025-05-15 14:22:38,082 - INFO - Required radio group not answered: Would you require visa sponsorship to work in the country in which this position is based?
2025-05-15 14:22:38,153 - INFO - Waiting for 2 required fields to be filled: ['We require Anyscalers to be in-person at either our SF or Palo Alto office on Mondays, Tuesdays, and Thursdays. Which is your preferred location?', 'Would you require visa sponsorship to work in the country in which this position is based?']
2025-05-15 14:22:40,329 - INFO - Required radio group not answered: We require Anyscalers to be in-person at either our SF or Palo Alto office on Mondays, Tuesdays, and Thursdays. Which is your preferred location?
2025-05-15 14:22:40,370 - INFO - Required radio group not answered: Would you require visa sponsorship to work in the country in which this position is based?
2025-05-15 14:22:40,430 - INFO - Waiting for 2 required fields to be filled: ['We require Anyscalers to be in-person at either our SF or Palo Alto office on Mondays, Tuesdays, and Thursdays. Which is your preferred location?', 'Would you require visa sponsorship to work in the country in which this position is based?']
2025-05-15 14:22:42,679 - INFO - Required radio group not answered: We require Anyscalers to be in-person at either our SF or Palo Alto office on Mondays, Tuesdays, and Thursdays. Which is your preferred location?
2025-05-15 14:22:42,722 - INFO - Required radio group not answered: Would you require visa sponsorship to work in the country in which this position is based?
2025-05-15 14:22:42,778 - INFO - Waiting for 2 required fields to be filled: ['We require Anyscalers to be in-person at either our SF or Palo Alto office on Mondays, Tuesdays, and Thursdays. Which is your preferred location?', 'Would you require visa sponsorship to work in the country in which this position is based?']
2025-05-15 14:22:44,993 - INFO - Required radio group not answered: We require Anyscalers to be in-person at either our SF or Palo Alto office on Mondays, Tuesdays, and Thursdays. Which is your preferred location?
2025-05-15 14:22:45,033 - INFO - Required radio group not answered: Would you require visa sponsorship to work in the country in which this position is based?
2025-05-15 14:22:45,084 - INFO - Waiting for 2 required fields to be filled: ['We require Anyscalers to be in-person at either our SF or Palo Alto office on Mondays, Tuesdays, and Thursdays. Which is your preferred location?', 'Would you require visa sponsorship to work in the country in which this position is based?']
2025-05-15 14:22:47,297 - INFO - Required radio group not answered: We require Anyscalers to be in-person at either our SF or Palo Alto office on Mondays, Tuesdays, and Thursdays. Which is your preferred location?
2025-05-15 14:22:47,333 - INFO - Required radio group not answered: Would you require visa sponsorship to work in the country in which this position is based?
2025-05-15 14:22:47,388 - INFO - Waiting for 2 required fields to be filled: ['We require Anyscalers to be in-person at either our SF or Palo Alto office on Mondays, Tuesdays, and Thursdays. Which is your preferred location?', 'Would you require visa sponsorship to work in the country in which this position is based?']
2025-05-15 14:22:49,565 - INFO - Required radio group not answered: We require Anyscalers to be in-person at either our SF or Palo Alto office on Mondays, Tuesdays, and Thursdays. Which is your preferred location?
2025-05-15 14:22:49,596 - INFO - Required radio group not answered: Would you require visa sponsorship to work in the country in which this position is based?
2025-05-15 14:22:49,656 - INFO - Waiting for 2 required fields to be filled: ['We require Anyscalers to be in-person at either our SF or Palo Alto office on Mondays, Tuesdays, and Thursdays. Which is your preferred location?', 'Would you require visa sponsorship to work in the country in which this position is based?']
2025-05-15 14:22:51,872 - INFO - Required radio group not answered: We require Anyscalers to be in-person at either our SF or Palo Alto office on Mondays, Tuesdays, and Thursdays. Which is your preferred location?
2025-05-15 14:22:51,904 - INFO - Required radio group not answered: Would you require visa sponsorship to work in the country in which this position is based?
2025-05-15 14:22:52,014 - INFO - Waiting for 2 required fields to be filled: ['We require Anyscalers to be in-person at either our SF or Palo Alto office on Mondays, Tuesdays, and Thursdays. Which is your preferred location?', 'Would you require visa sponsorship to work in the country in which this position is based?']
2025-05-15 14:22:54,179 - INFO - Required radio group not answered: We require Anyscalers to be in-person at either our SF or Palo Alto office on Mondays, Tuesdays, and Thursdays. Which is your preferred location?
2025-05-15 14:22:54,219 - INFO - Required radio group not answered: Would you require visa sponsorship to work in the country in which this position is based?
2025-05-15 14:22:54,274 - INFO - Waiting for 2 required fields to be filled: ['We require Anyscalers to be in-person at either our SF or Palo Alto office on Mondays, Tuesdays, and Thursdays. Which is your preferred location?', 'Would you require visa sponsorship to work in the country in which this position is based?']
2025-05-15 14:22:56,461 - INFO - Required radio group not answered: We require Anyscalers to be in-person at either our SF or Palo Alto office on Mondays, Tuesdays, and Thursdays. Which is your preferred location?
2025-05-15 14:22:56,503 - INFO - Required radio group not answered: Would you require visa sponsorship to work in the country in which this position is based?
2025-05-15 14:22:56,563 - INFO - Waiting for 2 required fields to be filled: ['We require Anyscalers to be in-person at either our SF or Palo Alto office on Mondays, Tuesdays, and Thursdays. Which is your preferred location?', 'Would you require visa sponsorship to work in the country in which this position is based?']
2025-05-15 14:22:58,804 - INFO - Required radio group not answered: We require Anyscalers to be in-person at either our SF or Palo Alto office on Mondays, Tuesdays, and Thursdays. Which is your preferred location?
2025-05-15 14:22:58,844 - INFO - Required radio group not answered: Would you require visa sponsorship to work in the country in which this position is based?
2025-05-15 14:22:58,902 - INFO - Waiting for 2 required fields to be filled: ['We require Anyscalers to be in-person at either our SF or Palo Alto office on Mondays, Tuesdays, and Thursdays. Which is your preferred location?', 'Would you require visa sponsorship to work in the country in which this position is based?']
2025-05-15 14:23:01,123 - INFO - Required radio group not answered: We require Anyscalers to be in-person at either our SF or Palo Alto office on Mondays, Tuesdays, and Thursdays. Which is your preferred location?
2025-05-15 14:23:01,145 - INFO - Required radio group not answered: Would you require visa sponsorship to work in the country in which this position is based?
2025-05-15 14:23:01,211 - INFO - Waiting for 2 required fields to be filled: ['We require Anyscalers to be in-person at either our SF or Palo Alto office on Mondays, Tuesdays, and Thursdays. Which is your preferred location?', 'Would you require visa sponsorship to work in the country in which this position is based?']
2025-05-15 14:23:03,411 - INFO - Required radio group not answered: We require Anyscalers to be in-person at either our SF or Palo Alto office on Mondays, Tuesdays, and Thursdays. Which is your preferred location?
2025-05-15 14:23:03,446 - INFO - Required radio group not answered: Would you require visa sponsorship to work in the country in which this position is based?
2025-05-15 14:23:03,510 - INFO - Waiting for 2 required fields to be filled: ['We require Anyscalers to be in-person at either our SF or Palo Alto office on Mondays, Tuesdays, and Thursdays. Which is your preferred location?', 'Would you require visa sponsorship to work in the country in which this position is based?']
2025-05-15 14:23:05,710 - INFO - Required radio group not answered: We require Anyscalers to be in-person at either our SF or Palo Alto office on Mondays, Tuesdays, and Thursdays. Which is your preferred location?
2025-05-15 14:23:05,749 - INFO - Required radio group not answered: Would you require visa sponsorship to work in the country in which this position is based?
2025-05-15 14:23:05,809 - INFO - Waiting for 2 required fields to be filled: ['We require Anyscalers to be in-person at either our SF or Palo Alto office on Mondays, Tuesdays, and Thursdays. Which is your preferred location?', 'Would you require visa sponsorship to work in the country in which this position is based?']
2025-05-15 14:23:08,000 - INFO - Required radio group not answered: We require Anyscalers to be in-person at either our SF or Palo Alto office on Mondays, Tuesdays, and Thursdays. Which is your preferred location?
2025-05-15 14:23:08,034 - INFO - Required radio group not answered: Would you require visa sponsorship to work in the country in which this position is based?
2025-05-15 14:23:08,095 - INFO - Waiting for 2 required fields to be filled: ['We require Anyscalers to be in-person at either our SF or Palo Alto office on Mondays, Tuesdays, and Thursdays. Which is your preferred location?', 'Would you require visa sponsorship to work in the country in which this position is based?']
2025-05-15 14:23:10,339 - INFO - Required radio group not answered: Would you require visa sponsorship to work in the country in which this position is based?
2025-05-15 14:23:10,368 - INFO - Waiting for 1 required fields to be filled: ['Would you require visa sponsorship to work in the country in which this position is based?']
2025-05-15 14:23:12,623 - INFO - Required radio group not answered: Would you require visa sponsorship to work in the country in which this position is based?
2025-05-15 14:23:12,650 - INFO - Waiting for 1 required fields to be filled: ['Would you require visa sponsorship to work in the country in which this position is based?']
2025-05-15 14:23:14,903 - INFO - Required radio group not answered: Would you require visa sponsorship to work in the country in which this position is based?
2025-05-15 14:23:14,932 - INFO - Waiting for 1 required fields to be filled: ['Would you require visa sponsorship to work in the country in which this position is based?']
2025-05-15 14:23:17,172 - INFO - All required fields are filled.
2025-05-15 14:23:17,211 - INFO - Found submit button using selector: button._primary_8wvgw_96
2025-05-15 14:23:18,521 - INFO - Clicked submit button normally
2025-05-15 14:23:20,807 - INFO - Page changed after click - assuming submission started
2025-05-15 14:23:41,168 - WARNING - Error during submission verification: Message: 

2025-05-15 14:23:41,187 - INFO - URL suggests we left application page - assuming success
2025-05-15 14:23:41,188 - INFO - Application submitted successfully!
2025-05-15 14:23:41,188 - INFO - Log directory ensured: C:\Users\hr\OneDrive\Desktop\merge\all_job_app\logs
2025-05-15 14:23:41,189 - INFO - Log entry written to logs/ashby_log_2025-05-15.csv
2025-05-15 14:23:41,573 - INFO - Job application process completed!
2025-05-15 14:24:05,290 - INFO - Selected profile: swathika.K.yaml
2025-05-15 14:24:05,321 - INFO - Detected Chrome version: 136.0.7103.93
2025-05-15 14:24:05,322 - INFO - ====== WebDriver manager ======
2025-05-15 14:24:06,215 - INFO - Get LATEST chromedriver version for google-chrome
2025-05-15 14:24:06,255 - INFO - Get LATEST chromedriver version for google-chrome
2025-05-15 14:24:06,290 - INFO - Driver [C:\Users\hr\.wdm\drivers\chromedriver\win64\136.0.7103.94\chromedriver-win32/chromedriver.exe] found in cache
2025-05-15 14:24:07,344 - INFO - patching driver executable C:\Users\hr\appdata\roaming\undetected_chromedriver\undetected_chromedriver.exe
2025-05-15 14:24:08,184 - INFO - Processing job: https://jobs.ashbyhq.com/virtahealth/f82a953a-9c11-413e-8dcc-6f92432eee91
2025-05-15 14:24:09,622 - INFO - Opened job page: https://jobs.ashbyhq.com/virtahealth/f82a953a-9c11-413e-8dcc-6f92432eee91
2025-05-15 14:24:12,797 - INFO - Apply button clicked successfully!
2025-05-15 14:24:17,808 - INFO - Attempting to upload resume from: C:\Users\hr\OneDrive\Desktop\merge\all_job_app\resume/swathika.pdf
2025-05-15 14:24:18,404 - INFO - Resume file sent to input element
2025-05-15 14:24:33,929 - WARNING - No explicit upload confirmation detected: Message: 

2025-05-15 14:24:33,929 - INFO - Filling out the application form...
2025-05-15 14:24:34,051 - INFO - Filled field name with value Swathika Kalyanas
2025-05-15 14:24:34,159 - INFO - Filled field email with value Swathika.kalyan0488@gmail.com
2025-05-15 14:24:34,270 - INFO - Filled field phone with value (925) 579-1278
2025-05-15 14:24:34,270 - WARNING - No value provided for mandatory field: address
2025-05-15 14:24:34,419 - INFO - Filled field location with value Pleasanton, California, United State
2025-05-15 14:24:44,898 - WARNING - Error selecting location suggestion: Message: 

2025-05-15 14:24:45,005 - INFO - Selected location using keyboard navigation
2025-05-15 14:24:45,166 - INFO - Filled LinkedIn field
2025-05-15 14:24:45,166 - INFO - Filling out the Q&A section...
2025-05-15 14:24:46,104 - INFO - Form Q&A questions found: ['Cover Letter']
2025-05-15 14:24:46,105 - INFO - Processing question: 'where did you hear about biorender?'
2025-05-15 14:24:46,105 - WARNING - No match found for question: 'where did you hear about biorender?' (best score: 0)
2025-05-15 14:24:46,106 - INFO - Processing question: 'do you have programming experience or are you in a cs degree?'
2025-05-15 14:24:46,106 - WARNING - No match found for question: 'do you have programming experience or are you in a cs degree?' (best score: 0)
2025-05-15 14:24:46,107 - INFO - Processing question: 'are you legally authorized to work in the u.s. without restriction for any employer?'
2025-05-15 14:24:46,107 - WARNING - No match found for question: 'are you legally authorized to work in the u.s. without restriction for any employer?' (best score: 0)
2025-05-15 14:24:46,107 - INFO - Processing question: 'are you legally authorized to work in canada or the united states?'
2025-05-15 14:24:46,107 - WARNING - No match found for question: 'are you legally authorized to work in canada or the united states?' (best score: 0)
2025-05-15 14:24:46,107 - INFO - Processing question: 'how many years of experience do you have as a machine learning engineer?'
2025-05-15 14:24:46,108 - WARNING - No match found for question: 'how many years of experience do you have as a machine learning engineer?' (best score: 0)
2025-05-15 14:24:46,108 - INFO - Processing question: 'are you legally authorized to work in the united states?'
2025-05-15 14:24:46,108 - WARNING - No match found for question: 'are you legally authorized to work in the united states?' (best score: 0)
2025-05-15 14:24:46,108 - INFO - Processing question: 'what are your salary expectations?'
2025-05-15 14:24:46,109 - WARNING - No match found for question: 'what are your salary expectations?' (best score: 0)
2025-05-15 14:24:46,109 - INFO - Processing question: 'have you previously worked for hims & hers as an employee or contractor/consultant?'
2025-05-15 14:24:46,109 - WARNING - No match found for question: 'have you previously worked for hims & hers as an employee or contractor/consultant?' (best score: 0)
2025-05-15 14:24:46,110 - INFO - Processing question: 'are you legally authorized to work in canada?'
2025-05-15 14:24:46,110 - WARNING - No match found for question: 'are you legally authorized to work in canada?' (best score: 0)
2025-05-15 14:24:46,110 - INFO - Processing question: 'how did you hear about us?'
2025-05-15 14:24:46,111 - WARNING - No match found for question: 'how did you hear about us?' (best score: 0)
2025-05-15 14:24:46,111 - INFO - Processing question: 'are you a veteran/have you served in the military?'
2025-05-15 14:24:46,111 - WARNING - No match found for question: 'are you a veteran/have you served in the military?' (best score: 0)
2025-05-15 14:24:46,112 - INFO - Processing question: 'do you identify as having a disability?.no'
2025-05-15 14:24:46,112 - WARNING - No match found for question: 'do you identify as having a disability?.no' (best score: 0)
2025-05-15 14:24:46,112 - INFO - Processing question: 'will you now or in the future require immigration sponsorship by hims & hers in order to work for hims & hers in the u.s.?'
2025-05-15 14:24:46,112 - WARNING - No match found for question: 'will you now or in the future require immigration sponsorship by hims & hers in order to work for hims & hers in the u.s.?' (best score: 0)
2025-05-15 14:24:46,113 - INFO - Processing question: 'have you worked as a software engineer prior to moving into ml?'
2025-05-15 14:24:46,113 - WARNING - No match found for question: 'have you worked as a software engineer prior to moving into ml?' (best score: 0)
2025-05-15 14:24:46,113 - INFO - Processing question: 'which languages and dialects do you speak fluently?'
2025-05-15 14:24:46,114 - WARNING - No match found for question: 'which languages and dialects do you speak fluently?' (best score: 0)
2025-05-15 14:24:46,114 - INFO - Processing question: 'are you open to tier 2 (medium complexity) rlhf projects at listed rate for your location?'
2025-05-15 14:24:46,115 - WARNING - No match found for question: 'are you open to tier 2 (medium complexity) rlhf projects at listed rate for your location?' (best score: 0)
2025-05-15 14:24:46,115 - INFO - Processing question: 'do you have any familial relationships with current virta employees?'
2025-05-15 14:24:46,116 - WARNING - No match found for question: 'do you have any familial relationships with current virta employees?' (best score: 0)
2025-05-15 14:24:46,116 - INFO - Processing question: 'are you 18 or older and legally eligible to work in the country of the job you are applying for?'
2025-05-15 14:24:46,117 - WARNING - No match found for question: 'are you 18 or older and legally eligible to work in the country of the job you are applying for?' (best score: 0)
2025-05-15 14:24:46,117 - INFO - Processing question: 'will you now or in the future require sponsorship for employment?'
2025-05-15 14:24:46,117 - WARNING - No match found for question: 'will you now or in the future require sponsorship for employment?' (best score: 0)
2025-05-15 14:24:46,118 - INFO - Processing question: 'how many years of experience do you have in mle?'
2025-05-15 14:24:46,118 - WARNING - No match found for question: 'how many years of experience do you have in mle?' (best score: 0)
2025-05-15 14:24:46,118 - INFO - Processing question: 'are you legally authorized to work in the country?'
2025-05-15 14:24:46,118 - WARNING - No match found for question: 'are you legally authorized to work in the country?' (best score: 0)
2025-05-15 14:24:46,119 - INFO - Processing question: 'what is your expected salary?'
2025-05-15 14:24:46,119 - WARNING - No match found for question: 'what is your expected salary?' (best score: 0)
2025-05-15 14:24:46,119 - INFO - Processing question: 'are you legally eligible to work in the us?'
2025-05-15 14:24:46,120 - WARNING - No match found for question: 'are you legally eligible to work in the us?' (best score: 0)
2025-05-15 14:24:46,120 - INFO - Processing question: 'are you willing & able to come into our downtown san francisco office on a hybrid basis? (3 days /week)?'
2025-05-15 14:24:46,120 - WARNING - No match found for question: 'are you willing & able to come into our downtown san francisco office on a hybrid basis? (3 days /week)?' (best score: 0)
2025-05-15 14:24:46,121 - INFO - Processing question: 'can you work onsite in palo alto?'
2025-05-15 14:24:46,121 - WARNING - No match found for question: 'can you work onsite in palo alto?' (best score: 0)
2025-05-15 14:24:46,121 - INFO - Processing question: 'our offices are located in san francisco ca and new york city. please indicate which location you are interested in?'
2025-05-15 14:24:46,121 - WARNING - No match found for question: 'our offices are located in san francisco ca and new york city. please indicate which location you are interested in?' (best score: 0)
2025-05-15 14:24:46,122 - INFO - Processing question: 'will you now or will you in the future require employment visa sponsorship to work in the country in which the job you're applying for is located?'
2025-05-15 14:24:46,122 - WARNING - No match found for question: 'will you now or will you in the future require employment visa sponsorship to work in the country in which the job you're applying for is located?' (best score: 0)
2025-05-15 14:24:46,122 - INFO - Processing question: 'do you have authorization to work in the united states?'
2025-05-15 14:24:46,123 - WARNING - No match found for question: 'do you have authorization to work in the united states?' (best score: 0)
2025-05-15 14:24:46,123 - INFO - Processing question: 'will you now or in the future require sponsorship for employment visa status?'
2025-05-15 14:24:46,123 - WARNING - No match found for question: 'will you now or in the future require sponsorship for employment visa status?' (best score: 0)
2025-05-15 14:24:46,124 - INFO - Processing question: 'are you available to work in person at the promise office  location listed in the job description at least three times per week?'
2025-05-15 14:24:46,124 - WARNING - No match found for question: 'are you available to work in person at the promise office  location listed in the job description at least three times per week?' (best score: 0)
2025-05-15 14:24:46,124 - INFO - Processing question: 'are you 18 or older?'
2025-05-15 14:24:46,125 - WARNING - No match found for question: 'are you 18 or older?' (best score: 0)
2025-05-15 14:24:46,125 - INFO - Processing question: 'are you comfortable working with javascript?'
2025-05-15 14:24:46,125 - WARNING - No match found for question: 'are you comfortable working with javascript?' (best score: 0)
2025-05-15 14:24:46,125 - INFO - Processing question: 'would you willing to relocate to/be in office in san francisco?'
2025-05-15 14:24:46,126 - WARNING - No match found for question: 'would you willing to relocate to/be in office in san francisco?' (best score: 0)
2025-05-15 14:24:46,126 - INFO - Processing question: 'what annual salary are you looking for in $usd?'
2025-05-15 14:24:46,126 - WARNING - No match found for question: 'what annual salary are you looking for in $usd?' (best score: 0)
2025-05-15 14:24:46,126 - INFO - Processing question: 'are you looking for full-time or part-time work?'
2025-05-15 14:24:46,127 - WARNING - No match found for question: 'are you looking for full-time or part-time work?' (best score: 0)
2025-05-15 14:24:46,127 - INFO - Processing question: 'how would you best describe your ideal work environment?'
2025-05-15 14:24:46,127 - WARNING - No match found for question: 'how would you best describe your ideal work environment?' (best score: 0)
2025-05-15 14:24:46,127 - INFO - Processing question: 'how do you handle deadlines and pressure?'
2025-05-15 14:24:46,128 - WARNING - No match found for question: 'how do you handle deadlines and pressure?' (best score: 0)
2025-05-15 14:24:46,128 - INFO - Processing question: 'how do you handle situations where you have too many tasks to complete on your own?'
2025-05-15 14:24:46,128 - WARNING - No match found for question: 'how do you handle situations where you have too many tasks to complete on your own?' (best score: 0)
2025-05-15 14:24:46,128 - INFO - Processing question: 'how much are you willing to work when things are urgent?'
2025-05-15 14:24:46,129 - WARNING - No match found for question: 'how much are you willing to work when things are urgent?' (best score: 0)
2025-05-15 14:24:46,129 - INFO - Processing question: 'are you comfortable working with python?'
2025-05-15 14:24:46,129 - WARNING - No match found for question: 'are you comfortable working with python?' (best score: 0)
2025-05-15 14:24:46,129 - INFO - Processing question: 'do you currently have legal authorization to work in the country where the position is based?'
2025-05-15 14:24:46,130 - WARNING - No match found for question: 'do you currently have legal authorization to work in the country where the position is based?' (best score: 0)
2025-05-15 14:24:46,130 - INFO - Processing question: 'are you excited to work in-office five days a week?'
2025-05-15 14:24:46,131 - WARNING - No match found for question: 'are you excited to work in-office five days a week?' (best score: 0)
2025-05-15 14:24:46,131 - INFO - Q&A section filled successfully!
2025-05-15 14:24:46,132 - INFO - Form filled successfully!
2025-05-15 14:24:47,144 - INFO - Starting submission process...
2025-05-15 14:24:47,260 - INFO - Required field not filled: 01bee1ba-3fbd-4291-8525-67cbc4f829cf
2025-05-15 14:24:47,480 - INFO - Required radio group not answered: Are you legally authorized to work in the United States?
2025-05-15 14:24:47,517 - INFO - Required radio group not answered: Will you now or in the future require sponsorship for employment visa status (e.g., H-1B visa status) to legally work in the United States?
2025-05-15 14:24:47,572 - INFO - Required radio group not answered: Do you have any familial relationships with current Virta employees?
2025-05-15 14:24:47,728 - INFO - Waiting for 4 required fields to be filled: ['01bee1ba-3fbd-4291-8525-67cbc4f829cf', 'Are you legally authorized to work in the United States?', 'Will you now or in the future require sponsorship for employment visa status (e.g., H-1B visa status) to legally work in the United States?', 'Do you have any familial relationships with current Virta employees?']
2025-05-15 14:24:49,845 - INFO - Required field not filled: 01bee1ba-3fbd-4291-8525-67cbc4f829cf
2025-05-15 14:24:50,015 - INFO - Required radio group not answered: Are you legally authorized to work in the United States?
2025-05-15 14:24:50,058 - INFO - Required radio group not answered: Will you now or in the future require sponsorship for employment visa status (e.g., H-1B visa status) to legally work in the United States?
2025-05-15 14:24:50,083 - INFO - Required radio group not answered: Do you have any familial relationships with current Virta employees?
2025-05-15 14:24:50,234 - INFO - Waiting for 4 required fields to be filled: ['01bee1ba-3fbd-4291-8525-67cbc4f829cf', 'Are you legally authorized to work in the United States?', 'Will you now or in the future require sponsorship for employment visa status (e.g., H-1B visa status) to legally work in the United States?', 'Do you have any familial relationships with current Virta employees?']
2025-05-15 14:24:52,327 - INFO - Required field not filled: 01bee1ba-3fbd-4291-8525-67cbc4f829cf
2025-05-15 14:24:52,504 - INFO - Required radio group not answered: Are you legally authorized to work in the United States?
2025-05-15 14:24:52,539 - INFO - Required radio group not answered: Will you now or in the future require sponsorship for employment visa status (e.g., H-1B visa status) to legally work in the United States?
2025-05-15 14:24:52,582 - INFO - Required radio group not answered: Do you have any familial relationships with current Virta employees?
2025-05-15 14:24:52,728 - INFO - Waiting for 4 required fields to be filled: ['01bee1ba-3fbd-4291-8525-67cbc4f829cf', 'Are you legally authorized to work in the United States?', 'Will you now or in the future require sponsorship for employment visa status (e.g., H-1B visa status) to legally work in the United States?', 'Do you have any familial relationships with current Virta employees?']
2025-05-15 14:24:54,845 - INFO - Required field not filled: 01bee1ba-3fbd-4291-8525-67cbc4f829cf
2025-05-15 14:24:55,009 - INFO - Required radio group not answered: Are you legally authorized to work in the United States?
2025-05-15 14:24:55,040 - INFO - Required radio group not answered: Will you now or in the future require sponsorship for employment visa status (e.g., H-1B visa status) to legally work in the United States?
2025-05-15 14:24:55,065 - INFO - Required radio group not answered: Do you have any familial relationships with current Virta employees?
2025-05-15 14:24:55,214 - INFO - Waiting for 4 required fields to be filled: ['01bee1ba-3fbd-4291-8525-67cbc4f829cf', 'Are you legally authorized to work in the United States?', 'Will you now or in the future require sponsorship for employment visa status (e.g., H-1B visa status) to legally work in the United States?', 'Do you have any familial relationships with current Virta employees?']
2025-05-15 14:24:57,326 - INFO - Required field not filled: 01bee1ba-3fbd-4291-8525-67cbc4f829cf
2025-05-15 14:24:57,490 - INFO - Required radio group not answered: Are you legally authorized to work in the United States?
2025-05-15 14:24:57,534 - INFO - Required radio group not answered: Will you now or in the future require sponsorship for employment visa status (e.g., H-1B visa status) to legally work in the United States?
2025-05-15 14:24:57,575 - INFO - Required radio group not answered: Do you have any familial relationships with current Virta employees?
2025-05-15 14:24:57,714 - INFO - Waiting for 4 required fields to be filled: ['01bee1ba-3fbd-4291-8525-67cbc4f829cf', 'Are you legally authorized to work in the United States?', 'Will you now or in the future require sponsorship for employment visa status (e.g., H-1B visa status) to legally work in the United States?', 'Do you have any familial relationships with current Virta employees?']
2025-05-15 14:24:59,863 - INFO - Required field not filled: 01bee1ba-3fbd-4291-8525-67cbc4f829cf
2025-05-15 14:25:00,015 - INFO - Required radio group not answered: Are you legally authorized to work in the United States?
2025-05-15 14:25:00,046 - INFO - Required radio group not answered: Will you now or in the future require sponsorship for employment visa status (e.g., H-1B visa status) to legally work in the United States?
2025-05-15 14:25:00,080 - INFO - Required radio group not answered: Do you have any familial relationships with current Virta employees?
2025-05-15 14:25:00,218 - INFO - Waiting for 4 required fields to be filled: ['01bee1ba-3fbd-4291-8525-67cbc4f829cf', 'Are you legally authorized to work in the United States?', 'Will you now or in the future require sponsorship for employment visa status (e.g., H-1B visa status) to legally work in the United States?', 'Do you have any familial relationships with current Virta employees?']
2025-05-15 14:25:02,361 - INFO - Required field not filled: 01bee1ba-3fbd-4291-8525-67cbc4f829cf
2025-05-15 14:25:02,524 - INFO - Required radio group not answered: Are you legally authorized to work in the United States?
2025-05-15 14:25:02,563 - INFO - Required radio group not answered: Will you now or in the future require sponsorship for employment visa status (e.g., H-1B visa status) to legally work in the United States?
2025-05-15 14:25:02,596 - INFO - Required radio group not answered: Do you have any familial relationships with current Virta employees?
2025-05-15 14:25:02,730 - INFO - Waiting for 4 required fields to be filled: ['01bee1ba-3fbd-4291-8525-67cbc4f829cf', 'Are you legally authorized to work in the United States?', 'Will you now or in the future require sponsorship for employment visa status (e.g., H-1B visa status) to legally work in the United States?', 'Do you have any familial relationships with current Virta employees?']
2025-05-15 14:25:04,831 - INFO - Required field not filled: 01bee1ba-3fbd-4291-8525-67cbc4f829cf
2025-05-15 14:25:04,978 - INFO - Required radio group not answered: Are you legally authorized to work in the United States?
2025-05-15 14:25:05,011 - INFO - Required radio group not answered: Will you now or in the future require sponsorship for employment visa status (e.g., H-1B visa status) to legally work in the United States?
2025-05-15 14:25:05,044 - INFO - Required radio group not answered: Do you have any familial relationships with current Virta employees?
2025-05-15 14:25:05,185 - INFO - Waiting for 4 required fields to be filled: ['01bee1ba-3fbd-4291-8525-67cbc4f829cf', 'Are you legally authorized to work in the United States?', 'Will you now or in the future require sponsorship for employment visa status (e.g., H-1B visa status) to legally work in the United States?', 'Do you have any familial relationships with current Virta employees?']
2025-05-15 14:25:07,309 - INFO - Required field not filled: 01bee1ba-3fbd-4291-8525-67cbc4f829cf
2025-05-15 14:25:07,500 - INFO - Required radio group not answered: Are you legally authorized to work in the United States?
2025-05-15 14:25:07,539 - INFO - Required radio group not answered: Will you now or in the future require sponsorship for employment visa status (e.g., H-1B visa status) to legally work in the United States?
2025-05-15 14:25:07,564 - INFO - Required radio group not answered: Do you have any familial relationships with current Virta employees?
2025-05-15 14:25:07,720 - INFO - Waiting for 4 required fields to be filled: ['01bee1ba-3fbd-4291-8525-67cbc4f829cf', 'Are you legally authorized to work in the United States?', 'Will you now or in the future require sponsorship for employment visa status (e.g., H-1B visa status) to legally work in the United States?', 'Do you have any familial relationships with current Virta employees?']
2025-05-15 14:25:09,878 - INFO - Required field not filled: 01bee1ba-3fbd-4291-8525-67cbc4f829cf
2025-05-15 14:25:10,035 - INFO - Required radio group not answered: Are you legally authorized to work in the United States?
2025-05-15 14:25:10,074 - INFO - Required radio group not answered: Will you now or in the future require sponsorship for employment visa status (e.g., H-1B visa status) to legally work in the United States?
2025-05-15 14:25:10,111 - INFO - Required radio group not answered: Do you have any familial relationships with current Virta employees?
2025-05-15 14:25:10,243 - INFO - Waiting for 4 required fields to be filled: ['01bee1ba-3fbd-4291-8525-67cbc4f829cf', 'Are you legally authorized to work in the United States?', 'Will you now or in the future require sponsorship for employment visa status (e.g., H-1B visa status) to legally work in the United States?', 'Do you have any familial relationships with current Virta employees?']
2025-05-15 14:25:12,362 - INFO - Required field not filled: 01bee1ba-3fbd-4291-8525-67cbc4f829cf
2025-05-15 14:25:12,508 - INFO - Required radio group not answered: Are you legally authorized to work in the United States?
2025-05-15 14:25:12,546 - INFO - Required radio group not answered: Will you now or in the future require sponsorship for employment visa status (e.g., H-1B visa status) to legally work in the United States?
2025-05-15 14:25:12,584 - INFO - Required radio group not answered: Do you have any familial relationships with current Virta employees?
2025-05-15 14:25:12,723 - INFO - Waiting for 4 required fields to be filled: ['01bee1ba-3fbd-4291-8525-67cbc4f829cf', 'Are you legally authorized to work in the United States?', 'Will you now or in the future require sponsorship for employment visa status (e.g., H-1B visa status) to legally work in the United States?', 'Do you have any familial relationships with current Virta employees?']
2025-05-15 14:25:14,825 - INFO - Required field not filled: 01bee1ba-3fbd-4291-8525-67cbc4f829cf
2025-05-15 14:25:14,990 - INFO - Required radio group not answered: Are you legally authorized to work in the United States?
2025-05-15 14:25:15,017 - INFO - Required radio group not answered: Will you now or in the future require sponsorship for employment visa status (e.g., H-1B visa status) to legally work in the United States?
2025-05-15 14:25:15,061 - INFO - Required radio group not answered: Do you have any familial relationships with current Virta employees?
2025-05-15 14:25:15,204 - INFO - Waiting for 4 required fields to be filled: ['01bee1ba-3fbd-4291-8525-67cbc4f829cf', 'Are you legally authorized to work in the United States?', 'Will you now or in the future require sponsorship for employment visa status (e.g., H-1B visa status) to legally work in the United States?', 'Do you have any familial relationships with current Virta employees?']
2025-05-15 14:25:17,324 - INFO - Required field not filled: 01bee1ba-3fbd-4291-8525-67cbc4f829cf
2025-05-15 14:25:17,488 - INFO - Required radio group not answered: Are you legally authorized to work in the United States?
2025-05-15 14:25:17,522 - INFO - Required radio group not answered: Will you now or in the future require sponsorship for employment visa status (e.g., H-1B visa status) to legally work in the United States?
2025-05-15 14:25:17,557 - INFO - Required radio group not answered: Do you have any familial relationships with current Virta employees?
2025-05-15 14:25:17,701 - INFO - Waiting for 4 required fields to be filled: ['01bee1ba-3fbd-4291-8525-67cbc4f829cf', 'Are you legally authorized to work in the United States?', 'Will you now or in the future require sponsorship for employment visa status (e.g., H-1B visa status) to legally work in the United States?', 'Do you have any familial relationships with current Virta employees?']
2025-05-15 14:25:19,792 - INFO - Required field not filled: 01bee1ba-3fbd-4291-8525-67cbc4f829cf
2025-05-15 14:25:19,962 - INFO - Required radio group not answered: Are you legally authorized to work in the United States?
2025-05-15 14:25:20,007 - INFO - Required radio group not answered: Will you now or in the future require sponsorship for employment visa status (e.g., H-1B visa status) to legally work in the United States?
2025-05-15 14:25:20,049 - INFO - Required radio group not answered: Do you have any familial relationships with current Virta employees?
2025-05-15 14:25:20,184 - INFO - Waiting for 4 required fields to be filled: ['01bee1ba-3fbd-4291-8525-67cbc4f829cf', 'Are you legally authorized to work in the United States?', 'Will you now or in the future require sponsorship for employment visa status (e.g., H-1B visa status) to legally work in the United States?', 'Do you have any familial relationships with current Virta employees?']
2025-05-15 14:25:22,295 - INFO - Required field not filled: 01bee1ba-3fbd-4291-8525-67cbc4f829cf
2025-05-15 14:25:22,461 - INFO - Required radio group not answered: Are you legally authorized to work in the United States?
2025-05-15 14:25:22,498 - INFO - Required radio group not answered: Will you now or in the future require sponsorship for employment visa status (e.g., H-1B visa status) to legally work in the United States?
2025-05-15 14:25:22,529 - INFO - Required radio group not answered: Do you have any familial relationships with current Virta employees?
2025-05-15 14:25:22,668 - INFO - Waiting for 4 required fields to be filled: ['01bee1ba-3fbd-4291-8525-67cbc4f829cf', 'Are you legally authorized to work in the United States?', 'Will you now or in the future require sponsorship for employment visa status (e.g., H-1B visa status) to legally work in the United States?', 'Do you have any familial relationships with current Virta employees?']
2025-05-15 14:25:24,849 - INFO - Required field not filled: 01bee1ba-3fbd-4291-8525-67cbc4f829cf
2025-05-15 14:25:25,008 - INFO - Required radio group not answered: Are you legally authorized to work in the United States?
2025-05-15 14:25:25,050 - INFO - Required radio group not answered: Will you now or in the future require sponsorship for employment visa status (e.g., H-1B visa status) to legally work in the United States?
2025-05-15 14:25:25,079 - INFO - Required radio group not answered: Do you have any familial relationships with current Virta employees?
2025-05-15 14:25:25,229 - INFO - Waiting for 4 required fields to be filled: ['01bee1ba-3fbd-4291-8525-67cbc4f829cf', 'Are you legally authorized to work in the United States?', 'Will you now or in the future require sponsorship for employment visa status (e.g., H-1B visa status) to legally work in the United States?', 'Do you have any familial relationships with current Virta employees?']
2025-05-15 14:25:27,341 - INFO - Required field not filled: 01bee1ba-3fbd-4291-8525-67cbc4f829cf
2025-05-15 14:25:27,479 - INFO - Required radio group not answered: Are you legally authorized to work in the United States?
2025-05-15 14:25:27,512 - INFO - Required radio group not answered: Will you now or in the future require sponsorship for employment visa status (e.g., H-1B visa status) to legally work in the United States?
2025-05-15 14:25:27,561 - INFO - Required radio group not answered: Do you have any familial relationships with current Virta employees?
2025-05-15 14:25:27,705 - INFO - Waiting for 4 required fields to be filled: ['01bee1ba-3fbd-4291-8525-67cbc4f829cf', 'Are you legally authorized to work in the United States?', 'Will you now or in the future require sponsorship for employment visa status (e.g., H-1B visa status) to legally work in the United States?', 'Do you have any familial relationships with current Virta employees?']
2025-05-15 14:25:29,837 - INFO - Required field not filled: 01bee1ba-3fbd-4291-8525-67cbc4f829cf
2025-05-15 14:25:29,997 - INFO - Required radio group not answered: Are you legally authorized to work in the United States?
2025-05-15 14:25:30,028 - INFO - Required radio group not answered: Will you now or in the future require sponsorship for employment visa status (e.g., H-1B visa status) to legally work in the United States?
2025-05-15 14:25:30,062 - INFO - Required radio group not answered: Do you have any familial relationships with current Virta employees?
2025-05-15 14:25:30,212 - INFO - Waiting for 4 required fields to be filled: ['01bee1ba-3fbd-4291-8525-67cbc4f829cf', 'Are you legally authorized to work in the United States?', 'Will you now or in the future require sponsorship for employment visa status (e.g., H-1B visa status) to legally work in the United States?', 'Do you have any familial relationships with current Virta employees?']
2025-05-15 14:25:32,308 - INFO - Required field not filled: 01bee1ba-3fbd-4291-8525-67cbc4f829cf
2025-05-15 14:25:32,460 - INFO - Required radio group not answered: Are you legally authorized to work in the United States?
2025-05-15 14:25:32,504 - INFO - Required radio group not answered: Will you now or in the future require sponsorship for employment visa status (e.g., H-1B visa status) to legally work in the United States?
2025-05-15 14:25:32,541 - INFO - Required radio group not answered: Do you have any familial relationships with current Virta employees?
2025-05-15 14:25:32,676 - INFO - Waiting for 4 required fields to be filled: ['01bee1ba-3fbd-4291-8525-67cbc4f829cf', 'Are you legally authorized to work in the United States?', 'Will you now or in the future require sponsorship for employment visa status (e.g., H-1B visa status) to legally work in the United States?', 'Do you have any familial relationships with current Virta employees?']
2025-05-15 14:25:34,775 - INFO - Required field not filled: 01bee1ba-3fbd-4291-8525-67cbc4f829cf
2025-05-15 14:25:34,943 - INFO - Required radio group not answered: Are you legally authorized to work in the United States?
2025-05-15 14:25:34,974 - INFO - Required radio group not answered: Will you now or in the future require sponsorship for employment visa status (e.g., H-1B visa status) to legally work in the United States?
2025-05-15 14:25:35,013 - INFO - Required radio group not answered: Do you have any familial relationships with current Virta employees?
2025-05-15 14:25:35,136 - INFO - Waiting for 4 required fields to be filled: ['01bee1ba-3fbd-4291-8525-67cbc4f829cf', 'Are you legally authorized to work in the United States?', 'Will you now or in the future require sponsorship for employment visa status (e.g., H-1B visa status) to legally work in the United States?', 'Do you have any familial relationships with current Virta employees?']
2025-05-15 14:25:37,259 - INFO - Required field not filled: 01bee1ba-3fbd-4291-8525-67cbc4f829cf
2025-05-15 14:25:37,408 - INFO - Required radio group not answered: Are you legally authorized to work in the United States?
2025-05-15 14:25:37,440 - INFO - Required radio group not answered: Will you now or in the future require sponsorship for employment visa status (e.g., H-1B visa status) to legally work in the United States?
2025-05-15 14:25:37,465 - INFO - Required radio group not answered: Do you have any familial relationships with current Virta employees?
2025-05-15 14:25:37,614 - INFO - Waiting for 4 required fields to be filled: ['01bee1ba-3fbd-4291-8525-67cbc4f829cf', 'Are you legally authorized to work in the United States?', 'Will you now or in the future require sponsorship for employment visa status (e.g., H-1B visa status) to legally work in the United States?', 'Do you have any familial relationships with current Virta employees?']
2025-05-15 14:25:39,722 - INFO - Required field not filled: 01bee1ba-3fbd-4291-8525-67cbc4f829cf
2025-05-15 14:25:39,898 - INFO - Required radio group not answered: Are you legally authorized to work in the United States?
2025-05-15 14:25:39,927 - INFO - Required radio group not answered: Will you now or in the future require sponsorship for employment visa status (e.g., H-1B visa status) to legally work in the United States?
2025-05-15 14:25:39,960 - INFO - Required radio group not answered: Do you have any familial relationships with current Virta employees?
2025-05-15 14:25:40,094 - INFO - Waiting for 4 required fields to be filled: ['01bee1ba-3fbd-4291-8525-67cbc4f829cf', 'Are you legally authorized to work in the United States?', 'Will you now or in the future require sponsorship for employment visa status (e.g., H-1B visa status) to legally work in the United States?', 'Do you have any familial relationships with current Virta employees?']
2025-05-15 14:25:42,200 - INFO - Required field not filled: 01bee1ba-3fbd-4291-8525-67cbc4f829cf
2025-05-15 14:25:42,359 - INFO - Required radio group not answered: Are you legally authorized to work in the United States?
2025-05-15 14:25:42,397 - INFO - Required radio group not answered: Will you now or in the future require sponsorship for employment visa status (e.g., H-1B visa status) to legally work in the United States?
2025-05-15 14:25:42,439 - INFO - Required radio group not answered: Do you have any familial relationships with current Virta employees?
2025-05-15 14:25:42,588 - INFO - Waiting for 4 required fields to be filled: ['01bee1ba-3fbd-4291-8525-67cbc4f829cf', 'Are you legally authorized to work in the United States?', 'Will you now or in the future require sponsorship for employment visa status (e.g., H-1B visa status) to legally work in the United States?', 'Do you have any familial relationships with current Virta employees?']
2025-05-15 14:25:44,675 - INFO - Required field not filled: 01bee1ba-3fbd-4291-8525-67cbc4f829cf
2025-05-15 14:25:44,826 - INFO - Required radio group not answered: Are you legally authorized to work in the United States?
2025-05-15 14:25:44,860 - INFO - Required radio group not answered: Will you now or in the future require sponsorship for employment visa status (e.g., H-1B visa status) to legally work in the United States?
2025-05-15 14:25:44,899 - INFO - Required radio group not answered: Do you have any familial relationships with current Virta employees?
2025-05-15 14:25:45,009 - INFO - Waiting for 4 required fields to be filled: ['01bee1ba-3fbd-4291-8525-67cbc4f829cf', 'Are you legally authorized to work in the United States?', 'Will you now or in the future require sponsorship for employment visa status (e.g., H-1B visa status) to legally work in the United States?', 'Do you have any familial relationships with current Virta employees?']
2025-05-15 14:25:47,125 - INFO - Required field not filled: 01bee1ba-3fbd-4291-8525-67cbc4f829cf
2025-05-15 14:25:47,292 - INFO - Required radio group not answered: Are you legally authorized to work in the United States?
2025-05-15 14:25:47,327 - INFO - Required radio group not answered: Will you now or in the future require sponsorship for employment visa status (e.g., H-1B visa status) to legally work in the United States?
2025-05-15 14:25:47,360 - INFO - Required radio group not answered: Do you have any familial relationships with current Virta employees?
2025-05-15 14:25:47,492 - INFO - Waiting for 4 required fields to be filled: ['01bee1ba-3fbd-4291-8525-67cbc4f829cf', 'Are you legally authorized to work in the United States?', 'Will you now or in the future require sponsorship for employment visa status (e.g., H-1B visa status) to legally work in the United States?', 'Do you have any familial relationships with current Virta employees?']
2025-05-15 14:25:49,641 - INFO - Required field not filled: 01bee1ba-3fbd-4291-8525-67cbc4f829cf
2025-05-15 14:25:49,792 - INFO - Required radio group not answered: Are you legally authorized to work in the United States?
2025-05-15 14:25:49,826 - INFO - Required radio group not answered: Will you now or in the future require sponsorship for employment visa status (e.g., H-1B visa status) to legally work in the United States?
2025-05-15 14:25:49,863 - INFO - Required radio group not answered: Do you have any familial relationships with current Virta employees?
2025-05-15 14:25:50,010 - INFO - Waiting for 4 required fields to be filled: ['01bee1ba-3fbd-4291-8525-67cbc4f829cf', 'Are you legally authorized to work in the United States?', 'Will you now or in the future require sponsorship for employment visa status (e.g., H-1B visa status) to legally work in the United States?', 'Do you have any familial relationships with current Virta employees?']
2025-05-15 14:25:52,143 - INFO - Required field not filled: 01bee1ba-3fbd-4291-8525-67cbc4f829cf
2025-05-15 14:25:52,310 - INFO - Required radio group not answered: Are you legally authorized to work in the United States?
2025-05-15 14:25:52,343 - INFO - Required radio group not answered: Will you now or in the future require sponsorship for employment visa status (e.g., H-1B visa status) to legally work in the United States?
2025-05-15 14:25:52,377 - INFO - Required radio group not answered: Do you have any familial relationships with current Virta employees?
2025-05-15 14:25:52,515 - INFO - Waiting for 4 required fields to be filled: ['01bee1ba-3fbd-4291-8525-67cbc4f829cf', 'Are you legally authorized to work in the United States?', 'Will you now or in the future require sponsorship for employment visa status (e.g., H-1B visa status) to legally work in the United States?', 'Do you have any familial relationships with current Virta employees?']
2025-05-15 14:25:54,608 - INFO - Required field not filled: 01bee1ba-3fbd-4291-8525-67cbc4f829cf
2025-05-15 14:25:54,774 - INFO - Required radio group not answered: Are you legally authorized to work in the United States?
2025-05-15 14:25:54,812 - INFO - Required radio group not answered: Will you now or in the future require sponsorship for employment visa status (e.g., H-1B visa status) to legally work in the United States?
2025-05-15 14:25:54,850 - INFO - Required radio group not answered: Do you have any familial relationships with current Virta employees?
2025-05-15 14:25:54,982 - INFO - Waiting for 4 required fields to be filled: ['01bee1ba-3fbd-4291-8525-67cbc4f829cf', 'Are you legally authorized to work in the United States?', 'Will you now or in the future require sponsorship for employment visa status (e.g., H-1B visa status) to legally work in the United States?', 'Do you have any familial relationships with current Virta employees?']
2025-05-15 14:25:57,092 - INFO - Required field not filled: 01bee1ba-3fbd-4291-8525-67cbc4f829cf
2025-05-15 14:25:57,274 - INFO - Required radio group not answered: Will you now or in the future require sponsorship for employment visa status (e.g., H-1B visa status) to legally work in the United States?
2025-05-15 14:25:57,309 - INFO - Required radio group not answered: Do you have any familial relationships with current Virta employees?
2025-05-15 14:25:57,417 - INFO - Waiting for 3 required fields to be filled: ['01bee1ba-3fbd-4291-8525-67cbc4f829cf', 'Will you now or in the future require sponsorship for employment visa status (e.g., H-1B visa status) to legally work in the United States?', 'Do you have any familial relationships with current Virta employees?']
2025-05-15 14:25:59,545 - INFO - Required field not filled: 01bee1ba-3fbd-4291-8525-67cbc4f829cf
2025-05-15 14:25:59,763 - INFO - Required radio group not answered: Do you have any familial relationships with current Virta employees?
2025-05-15 14:25:59,842 - INFO - Waiting for 2 required fields to be filled: ['01bee1ba-3fbd-4291-8525-67cbc4f829cf', 'Do you have any familial relationships with current Virta employees?']
2025-05-15 14:26:01,994 - INFO - Required field not filled: 01bee1ba-3fbd-4291-8525-67cbc4f829cf
2025-05-15 14:26:02,230 - INFO - Waiting for 1 required fields to be filled: ['01bee1ba-3fbd-4291-8525-67cbc4f829cf']
2025-05-15 14:26:04,342 - INFO - Required field not filled: 01bee1ba-3fbd-4291-8525-67cbc4f829cf
2025-05-15 14:26:04,591 - INFO - Waiting for 1 required fields to be filled: ['01bee1ba-3fbd-4291-8525-67cbc4f829cf']
2025-05-15 14:26:06,907 - INFO - All required fields are filled.
2025-05-15 14:26:06,961 - INFO - Found submit button using selector: button._primary_8wvgw_96
2025-05-15 14:26:08,872 - INFO - Clicked submit button normally
2025-05-15 14:26:10,940 - INFO - Page changed after click - assuming submission started
2025-05-15 14:26:31,437 - WARNING - Error during submission verification: Message: 

2025-05-15 14:26:31,454 - INFO - URL suggests we left application page - assuming success
2025-05-15 14:26:31,454 - INFO - Application submitted successfully!
2025-05-15 14:26:31,462 - INFO - Log directory ensured: C:\Users\hr\OneDrive\Desktop\merge\all_job_app\logs
2025-05-15 14:26:31,464 - INFO - Log entry written to logs/ashby_log_2025-05-15.csv
2025-05-15 14:26:31,464 - INFO - Processing job: https://jobs.ashbyhq.com/windranger/d5c33dba-6b07-450a-8a35-4ec61355ab42
2025-05-15 14:26:32,609 - INFO - Opened job page: https://jobs.ashbyhq.com/windranger/d5c33dba-6b07-450a-8a35-4ec61355ab42
2025-05-15 14:26:35,733 - INFO - Apply button clicked successfully!
2025-05-15 14:26:40,736 - INFO - Attempting to upload resume from: C:\Users\hr\OneDrive\Desktop\merge\all_job_app\resume/swathika.pdf
2025-05-15 14:26:41,355 - INFO - Resume file sent to input element
2025-05-15 14:26:56,667 - WARNING - No explicit upload confirmation detected: Message: 

2025-05-15 14:26:56,668 - INFO - Filling out the application form...
2025-05-15 14:26:56,808 - INFO - Filled field name with value Swathika Kalyanas
2025-05-15 14:26:56,924 - INFO - Filled field email with value Swathika.kalyan0488@gmail.com
2025-05-15 14:27:07,333 - WARNING - Error filling field phone with selector input[type='tel']: Message: 
Stacktrace:
	GetHandleVerifier [0x0071FC83+61635]
	GetHandleVerifier [0x0071FCC4+61700]
	(No symbol) [0x005405D3]
	(No symbol) [0x0058899E]
	(No symbol) [0x00588D3B]
	(No symbol) [0x005D0E12]
	(No symbol) [0x005AD2E4]
	(No symbol) [0x005CE61B]
	(No symbol) [0x005AD096]
	(No symbol) [0x0057C840]
	(No symbol) [0x0057D6A4]
	GetHandleVerifier [0x009A45A3+2701795]
	GetHandleVerifier [0x0099FD26+2683238]
	GetHandleVerifier [0x009BAA6E+2793134]
	GetHandleVerifier [0x00736945+155013]
	GetHandleVerifier [0x0073D02D+181357]
	GetHandleVerifier [0x007274D8+92440]
	GetHandleVerifier [0x00727680+92864]
	GetHandleVerifier [0x00712070+5296]
	BaseThreadInitThunk [0x759AFCC9+25]
	RtlGetAppContainerNamedObjectPath [0x771B82AE+286]
	RtlGetAppContainerNamedObjectPath [0x771B827E+238]

2025-05-15 14:27:17,815 - WARNING - Error filling field phone with selector input[name='phone']: Message: 
Stacktrace:
	GetHandleVerifier [0x0071FC83+61635]
	GetHandleVerifier [0x0071FCC4+61700]
	(No symbol) [0x005405D3]
	(No symbol) [0x0058899E]
	(No symbol) [0x00588D3B]
	(No symbol) [0x005D0E12]
	(No symbol) [0x005AD2E4]
	(No symbol) [0x005CE61B]
	(No symbol) [0x005AD096]
	(No symbol) [0x0057C840]
	(No symbol) [0x0057D6A4]
	GetHandleVerifier [0x009A45A3+2701795]
	GetHandleVerifier [0x0099FD26+2683238]
	GetHandleVerifier [0x009BAA6E+2793134]
	GetHandleVerifier [0x00736945+155013]
	GetHandleVerifier [0x0073D02D+181357]
	GetHandleVerifier [0x007274D8+92440]
	GetHandleVerifier [0x00727680+92864]
	GetHandleVerifier [0x00712070+5296]
	BaseThreadInitThunk [0x759AFCC9+25]
	RtlGetAppContainerNamedObjectPath [0x771B82AE+286]
	RtlGetAppContainerNamedObjectPath [0x771B827E+238]

2025-05-15 14:27:27,848 - WARNING - Error filling field phone with selector input[type='number']: Message: 
Stacktrace:
	GetHandleVerifier [0x0071FC83+61635]
	GetHandleVerifier [0x0071FCC4+61700]
	(No symbol) [0x005405D3]
	(No symbol) [0x0058899E]
	(No symbol) [0x00588D3B]
	(No symbol) [0x005D0E12]
	(No symbol) [0x005AD2E4]
	(No symbol) [0x005CE61B]
	(No symbol) [0x005AD096]
	(No symbol) [0x0057C840]
	(No symbol) [0x0057D6A4]
	GetHandleVerifier [0x009A45A3+2701795]
	GetHandleVerifier [0x0099FD26+2683238]
	GetHandleVerifier [0x009BAA6E+2793134]
	GetHandleVerifier [0x00736945+155013]
	GetHandleVerifier [0x0073D02D+181357]
	GetHandleVerifier [0x007274D8+92440]
	GetHandleVerifier [0x00727680+92864]
	GetHandleVerifier [0x00712070+5296]
	BaseThreadInitThunk [0x759AFCC9+25]
	RtlGetAppContainerNamedObjectPath [0x771B82AE+286]
	RtlGetAppContainerNamedObjectPath [0x771B827E+238]

2025-05-15 14:27:27,867 - WARNING - No value provided for mandatory field: address
2025-05-15 14:27:38,314 - WARNING - Error filling field location with selector input[role='combobox']: Message: 
Stacktrace:
	GetHandleVerifier [0x0071FC83+61635]
	GetHandleVerifier [0x0071FCC4+61700]
	(No symbol) [0x005405D3]
	(No symbol) [0x0058899E]
	(No symbol) [0x00588D3B]
	(No symbol) [0x005D0E12]
	(No symbol) [0x005AD2E4]
	(No symbol) [0x005CE61B]
	(No symbol) [0x005AD096]
	(No symbol) [0x0057C840]
	(No symbol) [0x0057D6A4]
	GetHandleVerifier [0x009A45A3+2701795]
	GetHandleVerifier [0x0099FD26+2683238]
	GetHandleVerifier [0x009BAA6E+2793134]
	GetHandleVerifier [0x00736945+155013]
	GetHandleVerifier [0x0073D02D+181357]
	GetHandleVerifier [0x007274D8+92440]
	GetHandleVerifier [0x00727680+92864]
	GetHandleVerifier [0x00712070+5296]
	BaseThreadInitThunk [0x759AFCC9+25]
	RtlGetAppContainerNamedObjectPath [0x771B82AE+286]
	RtlGetAppContainerNamedObjectPath [0x771B827E+238]

2025-05-15 14:27:48,412 - WARNING - Error filling field location with selector input[placeholder*='Start typing']: Message: 
Stacktrace:
	GetHandleVerifier [0x0071FC83+61635]
	GetHandleVerifier [0x0071FCC4+61700]
	(No symbol) [0x005405D3]
	(No symbol) [0x0058899E]
	(No symbol) [0x00588D3B]
	(No symbol) [0x005D0E12]
	(No symbol) [0x005AD2E4]
	(No symbol) [0x005CE61B]
	(No symbol) [0x005AD096]
	(No symbol) [0x0057C840]
	(No symbol) [0x0057D6A4]
	GetHandleVerifier [0x009A45A3+2701795]
	GetHandleVerifier [0x0099FD26+2683238]
	GetHandleVerifier [0x009BAA6E+2793134]
	GetHandleVerifier [0x00736945+155013]
	GetHandleVerifier [0x0073D02D+181357]
	GetHandleVerifier [0x007274D8+92440]
	GetHandleVerifier [0x00727680+92864]
	GetHandleVerifier [0x00712070+5296]
	BaseThreadInitThunk [0x759AFCC9+25]
	RtlGetAppContainerNamedObjectPath [0x771B82AE+286]
	RtlGetAppContainerNamedObjectPath [0x771B827E+238]

2025-05-15 14:27:48,579 - INFO - Filled LinkedIn field
2025-05-15 14:27:48,579 - INFO - Filling out the Q&A section...
2025-05-15 14:27:49,333 - INFO - Form Q&A questions found: []
2025-05-15 14:27:49,334 - WARNING - No Q&A questions found in the form. Skipping Q&A section.
2025-05-15 14:27:49,334 - INFO - Form filled successfully!
2025-05-15 14:27:50,345 - INFO - Starting submission process...
2025-05-15 14:27:50,528 - INFO - All required fields are filled.
2025-05-15 14:27:50,574 - INFO - Found submit button using selector: button._primary_8wvgw_96
2025-05-15 14:27:52,108 - INFO - Clicked submit button normally
2025-05-15 14:27:54,195 - INFO - Page changed after click - assuming submission started
2025-05-15 14:28:14,676 - WARNING - Error during submission verification: Message: 

2025-05-15 14:28:14,697 - INFO - URL suggests we left application page - assuming success
2025-05-15 14:28:14,698 - INFO - Application submitted successfully!
2025-05-15 14:28:14,698 - INFO - Log directory ensured: C:\Users\hr\OneDrive\Desktop\merge\all_job_app\logs
2025-05-15 14:28:14,698 - INFO - Log entry written to logs/ashby_log_2025-05-15.csv
2025-05-15 14:28:14,698 - INFO - Processing job: https://jobs.ashbyhq.com/anyscale/f59089a5-7b7d-4639-a839-ec12ed53f1e5
2025-05-15 14:28:15,900 - INFO - Opened job page: https://jobs.ashbyhq.com/anyscale/f59089a5-7b7d-4639-a839-ec12ed53f1e5
2025-05-15 14:28:19,059 - INFO - Apply button clicked successfully!
2025-05-15 14:28:24,074 - INFO - Attempting to upload resume from: C:\Users\hr\OneDrive\Desktop\merge\all_job_app\resume/swathika.pdf
2025-05-15 14:28:24,677 - INFO - Resume file sent to input element
2025-05-15 14:28:39,822 - WARNING - No explicit upload confirmation detected: Message: 

2025-05-15 14:28:39,823 - INFO - Filling out the application form...
2025-05-15 14:28:39,931 - INFO - Filled field name with value Swathika Kalyanas
2025-05-15 14:28:40,048 - INFO - Filled field email with value Swathika.kalyan0488@gmail.com
2025-05-15 14:28:40,156 - INFO - Filled field phone with value (925) 579-1278
2025-05-15 14:28:40,156 - WARNING - No value provided for mandatory field: address
2025-05-15 14:28:50,622 - WARNING - Error filling field location with selector input[role='combobox']: Message: 
Stacktrace:
	GetHandleVerifier [0x0071FC83+61635]
	GetHandleVerifier [0x0071FCC4+61700]
	(No symbol) [0x005405D3]
	(No symbol) [0x0058899E]
	(No symbol) [0x00588D3B]
	(No symbol) [0x005D0E12]
	(No symbol) [0x005AD2E4]
	(No symbol) [0x005CE61B]
	(No symbol) [0x005AD096]
	(No symbol) [0x0057C840]
	(No symbol) [0x0057D6A4]
	GetHandleVerifier [0x009A45A3+2701795]
	GetHandleVerifier [0x0099FD26+2683238]
	GetHandleVerifier [0x009BAA6E+2793134]
	GetHandleVerifier [0x00736945+155013]
	GetHandleVerifier [0x0073D02D+181357]
	GetHandleVerifier [0x007274D8+92440]
	GetHandleVerifier [0x00727680+92864]
	GetHandleVerifier [0x00712070+5296]
	BaseThreadInitThunk [0x759AFCC9+25]
	RtlGetAppContainerNamedObjectPath [0x771B82AE+286]
	RtlGetAppContainerNamedObjectPath [0x771B827E+238]

2025-05-15 14:29:01,121 - WARNING - Error filling field location with selector input[placeholder*='Start typing']: Message: 
Stacktrace:
	GetHandleVerifier [0x0071FC83+61635]
	GetHandleVerifier [0x0071FCC4+61700]
	(No symbol) [0x005405D3]
	(No symbol) [0x0058899E]
	(No symbol) [0x00588D3B]
	(No symbol) [0x005D0E12]
	(No symbol) [0x005AD2E4]
	(No symbol) [0x005CE61B]
	(No symbol) [0x005AD096]
	(No symbol) [0x0057C840]
	(No symbol) [0x0057D6A4]
	GetHandleVerifier [0x009A45A3+2701795]
	GetHandleVerifier [0x0099FD26+2683238]
	GetHandleVerifier [0x009BAA6E+2793134]
	GetHandleVerifier [0x00736945+155013]
	GetHandleVerifier [0x0073D02D+181357]
	GetHandleVerifier [0x007274D8+92440]
	GetHandleVerifier [0x00727680+92864]
	GetHandleVerifier [0x00712070+5296]
	BaseThreadInitThunk [0x759AFCC9+25]
	RtlGetAppContainerNamedObjectPath [0x771B82AE+286]
	RtlGetAppContainerNamedObjectPath [0x771B827E+238]

2025-05-15 14:29:01,303 - INFO - Filled LinkedIn field
2025-05-15 14:29:01,303 - INFO - Filling out the Q&A section...
2025-05-15 14:29:02,672 - INFO - Form Q&A questions found: ['Current company', 'Additional information', 'Twitter', 'GitHub', 'Portfolio', 'Other']
2025-05-15 14:29:02,672 - INFO - Processing question: 'where did you hear about biorender?'
2025-05-15 14:29:02,672 - WARNING - No match found for question: 'where did you hear about biorender?' (best score: 0)
2025-05-15 14:29:02,672 - INFO - Processing question: 'do you have programming experience or are you in a cs degree?'
2025-05-15 14:29:02,672 - WARNING - No match found for question: 'do you have programming experience or are you in a cs degree?' (best score: 0)
2025-05-15 14:29:02,672 - INFO - Processing question: 'are you legally authorized to work in the u.s. without restriction for any employer?'
2025-05-15 14:29:02,672 - WARNING - No match found for question: 'are you legally authorized to work in the u.s. without restriction for any employer?' (best score: 0)
2025-05-15 14:29:02,672 - INFO - Processing question: 'are you legally authorized to work in canada or the united states?'
2025-05-15 14:29:02,672 - WARNING - No match found for question: 'are you legally authorized to work in canada or the united states?' (best score: 0)
2025-05-15 14:29:02,672 - INFO - Processing question: 'how many years of experience do you have as a machine learning engineer?'
2025-05-15 14:29:02,672 - WARNING - No match found for question: 'how many years of experience do you have as a machine learning engineer?' (best score: 0)
2025-05-15 14:29:02,681 - INFO - Processing question: 'are you legally authorized to work in the united states?'
2025-05-15 14:29:02,681 - WARNING - No match found for question: 'are you legally authorized to work in the united states?' (best score: 0)
2025-05-15 14:29:02,682 - INFO - Processing question: 'what are your salary expectations?'
2025-05-15 14:29:02,682 - WARNING - No match found for question: 'what are your salary expectations?' (best score: 0)
2025-05-15 14:29:02,683 - INFO - Processing question: 'have you previously worked for hims & hers as an employee or contractor/consultant?'
2025-05-15 14:29:02,683 - WARNING - No match found for question: 'have you previously worked for hims & hers as an employee or contractor/consultant?' (best score: 0)
2025-05-15 14:29:02,683 - INFO - Processing question: 'are you legally authorized to work in canada?'
2025-05-15 14:29:02,684 - WARNING - No match found for question: 'are you legally authorized to work in canada?' (best score: 0)
2025-05-15 14:29:02,684 - INFO - Processing question: 'how did you hear about us?'
2025-05-15 14:29:02,685 - WARNING - No match found for question: 'how did you hear about us?' (best score: 0)
2025-05-15 14:29:02,685 - INFO - Processing question: 'are you a veteran/have you served in the military?'
2025-05-15 14:29:02,686 - WARNING - No match found for question: 'are you a veteran/have you served in the military?' (best score: 0)
2025-05-15 14:29:02,686 - INFO - Processing question: 'do you identify as having a disability?.no'
2025-05-15 14:29:02,687 - WARNING - No match found for question: 'do you identify as having a disability?.no' (best score: 0)
2025-05-15 14:29:02,688 - INFO - Processing question: 'will you now or in the future require immigration sponsorship by hims & hers in order to work for hims & hers in the u.s.?'
2025-05-15 14:29:02,690 - WARNING - No match found for question: 'will you now or in the future require immigration sponsorship by hims & hers in order to work for hims & hers in the u.s.?' (best score: 0)
2025-05-15 14:29:02,690 - INFO - Processing question: 'have you worked as a software engineer prior to moving into ml?'
2025-05-15 14:29:02,691 - WARNING - No match found for question: 'have you worked as a software engineer prior to moving into ml?' (best score: 0)
2025-05-15 14:29:02,691 - INFO - Processing question: 'which languages and dialects do you speak fluently?'
2025-05-15 14:29:02,692 - WARNING - No match found for question: 'which languages and dialects do you speak fluently?' (best score: 0)
2025-05-15 14:29:02,692 - INFO - Processing question: 'are you open to tier 2 (medium complexity) rlhf projects at listed rate for your location?'
2025-05-15 14:29:02,693 - WARNING - No match found for question: 'are you open to tier 2 (medium complexity) rlhf projects at listed rate for your location?' (best score: 0)
2025-05-15 14:29:02,694 - INFO - Processing question: 'do you have any familial relationships with current virta employees?'
2025-05-15 14:29:02,694 - WARNING - No match found for question: 'do you have any familial relationships with current virta employees?' (best score: 0)
2025-05-15 14:29:02,694 - INFO - Processing question: 'are you 18 or older and legally eligible to work in the country of the job you are applying for?'
2025-05-15 14:29:02,695 - WARNING - No match found for question: 'are you 18 or older and legally eligible to work in the country of the job you are applying for?' (best score: 0)
2025-05-15 14:29:02,695 - INFO - Processing question: 'will you now or in the future require sponsorship for employment?'
2025-05-15 14:29:02,696 - WARNING - No match found for question: 'will you now or in the future require sponsorship for employment?' (best score: 0)
2025-05-15 14:29:02,696 - INFO - Processing question: 'how many years of experience do you have in mle?'
2025-05-15 14:29:02,698 - WARNING - No match found for question: 'how many years of experience do you have in mle?' (best score: 0)
2025-05-15 14:29:02,698 - INFO - Processing question: 'are you legally authorized to work in the country?'
2025-05-15 14:29:02,698 - WARNING - No match found for question: 'are you legally authorized to work in the country?' (best score: 0)
2025-05-15 14:29:02,699 - INFO - Processing question: 'what is your expected salary?'
2025-05-15 14:29:02,699 - WARNING - No match found for question: 'what is your expected salary?' (best score: 0)
2025-05-15 14:29:02,699 - INFO - Processing question: 'are you legally eligible to work in the us?'
2025-05-15 14:29:02,700 - WARNING - No match found for question: 'are you legally eligible to work in the us?' (best score: 0)
2025-05-15 14:29:02,700 - INFO - Processing question: 'are you willing & able to come into our downtown san francisco office on a hybrid basis? (3 days /week)?'
2025-05-15 14:29:02,701 - WARNING - No match found for question: 'are you willing & able to come into our downtown san francisco office on a hybrid basis? (3 days /week)?' (best score: 0)
2025-05-15 14:29:02,701 - INFO - Processing question: 'can you work onsite in palo alto?'
2025-05-15 14:29:02,702 - WARNING - No match found for question: 'can you work onsite in palo alto?' (best score: 0)
2025-05-15 14:29:02,702 - INFO - Processing question: 'our offices are located in san francisco ca and new york city. please indicate which location you are interested in?'
2025-05-15 14:29:02,704 - WARNING - No match found for question: 'our offices are located in san francisco ca and new york city. please indicate which location you are interested in?' (best score: 0)
2025-05-15 14:29:02,706 - INFO - Processing question: 'will you now or will you in the future require employment visa sponsorship to work in the country in which the job you're applying for is located?'
2025-05-15 14:29:02,707 - WARNING - No match found for question: 'will you now or will you in the future require employment visa sponsorship to work in the country in which the job you're applying for is located?' (best score: 0)
2025-05-15 14:29:02,707 - INFO - Processing question: 'do you have authorization to work in the united states?'
2025-05-15 14:29:02,708 - WARNING - No match found for question: 'do you have authorization to work in the united states?' (best score: 0)
2025-05-15 14:29:02,709 - INFO - Processing question: 'will you now or in the future require sponsorship for employment visa status?'
2025-05-15 14:29:02,709 - WARNING - No match found for question: 'will you now or in the future require sponsorship for employment visa status?' (best score: 0)
2025-05-15 14:29:02,710 - INFO - Processing question: 'are you available to work in person at the promise office  location listed in the job description at least three times per week?'
2025-05-15 14:29:02,710 - WARNING - No match found for question: 'are you available to work in person at the promise office  location listed in the job description at least three times per week?' (best score: 0)
2025-05-15 14:29:02,711 - INFO - Processing question: 'are you 18 or older?'
2025-05-15 14:29:02,712 - WARNING - No match found for question: 'are you 18 or older?' (best score: 0)
2025-05-15 14:29:02,712 - INFO - Processing question: 'are you comfortable working with javascript?'
2025-05-15 14:29:02,713 - WARNING - No match found for question: 'are you comfortable working with javascript?' (best score: 0)
2025-05-15 14:29:02,713 - INFO - Processing question: 'would you willing to relocate to/be in office in san francisco?'
2025-05-15 14:29:02,714 - WARNING - No match found for question: 'would you willing to relocate to/be in office in san francisco?' (best score: 0)
2025-05-15 14:29:02,714 - INFO - Processing question: 'what annual salary are you looking for in $usd?'
2025-05-15 14:29:02,715 - WARNING - No match found for question: 'what annual salary are you looking for in $usd?' (best score: 0)
2025-05-15 14:29:02,715 - INFO - Processing question: 'are you looking for full-time or part-time work?'
2025-05-15 14:29:02,716 - WARNING - No match found for question: 'are you looking for full-time or part-time work?' (best score: 0)
2025-05-15 14:29:02,716 - INFO - Processing question: 'how would you best describe your ideal work environment?'
2025-05-15 14:29:02,717 - WARNING - No match found for question: 'how would you best describe your ideal work environment?' (best score: 0)
2025-05-15 14:29:02,718 - INFO - Processing question: 'how do you handle deadlines and pressure?'
2025-05-15 14:29:02,718 - WARNING - No match found for question: 'how do you handle deadlines and pressure?' (best score: 0)
2025-05-15 14:29:02,718 - INFO - Processing question: 'how do you handle situations where you have too many tasks to complete on your own?'
2025-05-15 14:29:02,719 - WARNING - No match found for question: 'how do you handle situations where you have too many tasks to complete on your own?' (best score: 0)
2025-05-15 14:29:02,719 - INFO - Processing question: 'how much are you willing to work when things are urgent?'
2025-05-15 14:29:02,721 - WARNING - No match found for question: 'how much are you willing to work when things are urgent?' (best score: 0)
2025-05-15 14:29:02,722 - INFO - Processing question: 'are you comfortable working with python?'
2025-05-15 14:29:02,722 - WARNING - No match found for question: 'are you comfortable working with python?' (best score: 0)
2025-05-15 14:29:02,722 - INFO - Processing question: 'do you currently have legal authorization to work in the country where the position is based?'
2025-05-15 14:29:02,724 - WARNING - No match found for question: 'do you currently have legal authorization to work in the country where the position is based?' (best score: 0)
2025-05-15 14:29:02,725 - INFO - Processing question: 'are you excited to work in-office five days a week?'
2025-05-15 14:29:02,725 - WARNING - No match found for question: 'are you excited to work in-office five days a week?' (best score: 0)
2025-05-15 14:29:02,726 - INFO - Q&A section filled successfully!
2025-05-15 14:29:02,726 - INFO - Form filled successfully!
2025-05-15 14:29:03,736 - INFO - Starting submission process...
2025-05-15 14:29:03,988 - INFO - Required radio group not answered: We require Anyscalers to be in-person at either our SF or Palo Alto office on Mondays, Tuesdays, and Thursdays. Which is your preferred location?
2025-05-15 14:29:04,032 - INFO - Required radio group not answered: Would you require visa sponsorship to work in the country in which this position is based?
2025-05-15 14:29:04,093 - INFO - Waiting for 2 required fields to be filled: ['We require Anyscalers to be in-person at either our SF or Palo Alto office on Mondays, Tuesdays, and Thursdays. Which is your preferred location?', 'Would you require visa sponsorship to work in the country in which this position is based?']
2025-05-15 14:29:06,313 - INFO - Required radio group not answered: We require Anyscalers to be in-person at either our SF or Palo Alto office on Mondays, Tuesdays, and Thursdays. Which is your preferred location?
2025-05-15 14:29:06,350 - INFO - Required radio group not answered: Would you require visa sponsorship to work in the country in which this position is based?
2025-05-15 14:29:06,402 - INFO - Waiting for 2 required fields to be filled: ['We require Anyscalers to be in-person at either our SF or Palo Alto office on Mondays, Tuesdays, and Thursdays. Which is your preferred location?', 'Would you require visa sponsorship to work in the country in which this position is based?']
2025-05-15 14:29:08,657 - INFO - Required radio group not answered: We require Anyscalers to be in-person at either our SF or Palo Alto office on Mondays, Tuesdays, and Thursdays. Which is your preferred location?
2025-05-15 14:29:08,705 - INFO - Required radio group not answered: Would you require visa sponsorship to work in the country in which this position is based?
2025-05-15 14:29:08,753 - INFO - Waiting for 2 required fields to be filled: ['We require Anyscalers to be in-person at either our SF or Palo Alto office on Mondays, Tuesdays, and Thursdays. Which is your preferred location?', 'Would you require visa sponsorship to work in the country in which this position is based?']
2025-05-15 14:29:10,985 - INFO - Required radio group not answered: We require Anyscalers to be in-person at either our SF or Palo Alto office on Mondays, Tuesdays, and Thursdays. Which is your preferred location?
2025-05-15 14:29:11,020 - INFO - Required radio group not answered: Would you require visa sponsorship to work in the country in which this position is based?
2025-05-15 14:29:11,070 - INFO - Waiting for 2 required fields to be filled: ['We require Anyscalers to be in-person at either our SF or Palo Alto office on Mondays, Tuesdays, and Thursdays. Which is your preferred location?', 'Would you require visa sponsorship to work in the country in which this position is based?']
2025-05-15 14:29:13,252 - INFO - Required radio group not answered: We require Anyscalers to be in-person at either our SF or Palo Alto office on Mondays, Tuesdays, and Thursdays. Which is your preferred location?
2025-05-15 14:29:13,286 - INFO - Required radio group not answered: Would you require visa sponsorship to work in the country in which this position is based?
2025-05-15 14:29:13,352 - INFO - Waiting for 2 required fields to be filled: ['We require Anyscalers to be in-person at either our SF or Palo Alto office on Mondays, Tuesdays, and Thursdays. Which is your preferred location?', 'Would you require visa sponsorship to work in the country in which this position is based?']
2025-05-15 14:29:15,535 - INFO - Required radio group not answered: We require Anyscalers to be in-person at either our SF or Palo Alto office on Mondays, Tuesdays, and Thursdays. Which is your preferred location?
2025-05-15 14:29:15,569 - INFO - Required radio group not answered: Would you require visa sponsorship to work in the country in which this position is based?
2025-05-15 14:29:15,619 - INFO - Waiting for 2 required fields to be filled: ['We require Anyscalers to be in-person at either our SF or Palo Alto office on Mondays, Tuesdays, and Thursdays. Which is your preferred location?', 'Would you require visa sponsorship to work in the country in which this position is based?']
2025-05-15 14:29:17,818 - INFO - Required radio group not answered: We require Anyscalers to be in-person at either our SF or Palo Alto office on Mondays, Tuesdays, and Thursdays. Which is your preferred location?
2025-05-15 14:29:17,852 - INFO - Required radio group not answered: Would you require visa sponsorship to work in the country in which this position is based?
2025-05-15 14:29:17,902 - INFO - Waiting for 2 required fields to be filled: ['We require Anyscalers to be in-person at either our SF or Palo Alto office on Mondays, Tuesdays, and Thursdays. Which is your preferred location?', 'Would you require visa sponsorship to work in the country in which this position is based?']
2025-05-15 14:29:20,084 - INFO - Required radio group not answered: We require Anyscalers to be in-person at either our SF or Palo Alto office on Mondays, Tuesdays, and Thursdays. Which is your preferred location?
2025-05-15 14:29:20,117 - INFO - Required radio group not answered: Would you require visa sponsorship to work in the country in which this position is based?
2025-05-15 14:29:20,169 - INFO - Waiting for 2 required fields to be filled: ['We require Anyscalers to be in-person at either our SF or Palo Alto office on Mondays, Tuesdays, and Thursdays. Which is your preferred location?', 'Would you require visa sponsorship to work in the country in which this position is based?']
2025-05-15 14:29:22,351 - INFO - Required radio group not answered: We require Anyscalers to be in-person at either our SF or Palo Alto office on Mondays, Tuesdays, and Thursdays. Which is your preferred location?
2025-05-15 14:29:22,385 - INFO - Required radio group not answered: Would you require visa sponsorship to work in the country in which this position is based?
2025-05-15 14:29:22,435 - INFO - Waiting for 2 required fields to be filled: ['We require Anyscalers to be in-person at either our SF or Palo Alto office on Mondays, Tuesdays, and Thursdays. Which is your preferred location?', 'Would you require visa sponsorship to work in the country in which this position is based?']
2025-05-15 14:29:24,618 - INFO - Required radio group not answered: We require Anyscalers to be in-person at either our SF or Palo Alto office on Mondays, Tuesdays, and Thursdays. Which is your preferred location?
2025-05-15 14:29:24,668 - INFO - Required radio group not answered: Would you require visa sponsorship to work in the country in which this position is based?
2025-05-15 14:29:24,717 - INFO - Waiting for 2 required fields to be filled: ['We require Anyscalers to be in-person at either our SF or Palo Alto office on Mondays, Tuesdays, and Thursdays. Which is your preferred location?', 'Would you require visa sponsorship to work in the country in which this position is based?']
2025-05-15 14:29:26,867 - INFO - Required radio group not answered: We require Anyscalers to be in-person at either our SF or Palo Alto office on Mondays, Tuesdays, and Thursdays. Which is your preferred location?
2025-05-15 14:29:26,905 - INFO - Required radio group not answered: Would you require visa sponsorship to work in the country in which this position is based?
2025-05-15 14:29:26,975 - INFO - Waiting for 2 required fields to be filled: ['We require Anyscalers to be in-person at either our SF or Palo Alto office on Mondays, Tuesdays, and Thursdays. Which is your preferred location?', 'Would you require visa sponsorship to work in the country in which this position is based?']
2025-05-15 14:29:29,151 - INFO - Required radio group not answered: We require Anyscalers to be in-person at either our SF or Palo Alto office on Mondays, Tuesdays, and Thursdays. Which is your preferred location?
2025-05-15 14:29:29,185 - INFO - Required radio group not answered: Would you require visa sponsorship to work in the country in which this position is based?
2025-05-15 14:29:29,235 - INFO - Waiting for 2 required fields to be filled: ['We require Anyscalers to be in-person at either our SF or Palo Alto office on Mondays, Tuesdays, and Thursdays. Which is your preferred location?', 'Would you require visa sponsorship to work in the country in which this position is based?']
2025-05-15 14:29:31,454 - INFO - Required radio group not answered: We require Anyscalers to be in-person at either our SF or Palo Alto office on Mondays, Tuesdays, and Thursdays. Which is your preferred location?
2025-05-15 14:29:31,487 - INFO - Required radio group not answered: Would you require visa sponsorship to work in the country in which this position is based?
2025-05-15 14:29:31,535 - INFO - Waiting for 2 required fields to be filled: ['We require Anyscalers to be in-person at either our SF or Palo Alto office on Mondays, Tuesdays, and Thursdays. Which is your preferred location?', 'Would you require visa sponsorship to work in the country in which this position is based?']
2025-05-15 14:29:33,785 - INFO - Required radio group not answered: We require Anyscalers to be in-person at either our SF or Palo Alto office on Mondays, Tuesdays, and Thursdays. Which is your preferred location?
2025-05-15 14:29:33,851 - INFO - Waiting for 1 required fields to be filled: ['We require Anyscalers to be in-person at either our SF or Palo Alto office on Mondays, Tuesdays, and Thursdays. Which is your preferred location?']
2025-05-15 14:29:36,051 - INFO - Required radio group not answered: We require Anyscalers to be in-person at either our SF or Palo Alto office on Mondays, Tuesdays, and Thursdays. Which is your preferred location?
2025-05-15 14:29:36,116 - INFO - Waiting for 1 required fields to be filled: ['We require Anyscalers to be in-person at either our SF or Palo Alto office on Mondays, Tuesdays, and Thursdays. Which is your preferred location?']
2025-05-15 14:29:38,388 - INFO - All required fields are filled.
2025-05-15 14:29:38,435 - INFO - Found submit button using selector: button._primary_8wvgw_96
2025-05-15 14:29:40,294 - INFO - Clicked submit button normally
2025-05-15 14:29:42,399 - INFO - Page changed after click - assuming submission started
2025-05-15 14:30:02,796 - WARNING - Error during submission verification: Message: 

2025-05-15 14:30:02,796 - INFO - URL suggests we left application page - assuming success
2025-05-15 14:30:02,796 - INFO - Application submitted successfully!
2025-05-15 14:30:02,796 - INFO - Log directory ensured: C:\Users\hr\OneDrive\Desktop\merge\all_job_app\logs
2025-05-15 14:30:02,806 - INFO - Log entry written to logs/ashby_log_2025-05-15.csv
2025-05-15 14:30:03,129 - INFO - Job application process completed!
2025-05-15 14:56:28,112 - INFO - Selected profile: vijay.yaml
2025-05-15 14:56:28,127 - INFO - Detected Chrome version: 136.0.7103.93
2025-05-15 14:56:28,127 - INFO - ====== WebDriver manager ======
2025-05-15 14:56:29,036 - INFO - Get LATEST chromedriver version for google-chrome
2025-05-15 14:56:29,069 - INFO - Get LATEST chromedriver version for google-chrome
2025-05-15 14:56:29,102 - INFO - Driver [C:\Users\hr\.wdm\drivers\chromedriver\win64\136.0.7103.94\chromedriver-win32/chromedriver.exe] found in cache
2025-05-15 14:56:30,227 - INFO - patching driver executable C:\Users\hr\appdata\roaming\undetected_chromedriver\undetected_chromedriver.exe
2025-05-15 14:56:31,097 - INFO - Processing job: https://jobs.ashbyhq.com/virtahealth/f82a953a-9c11-413e-8dcc-6f92432eee91
2025-05-15 14:56:33,091 - INFO - Opened job page: https://jobs.ashbyhq.com/virtahealth/f82a953a-9c11-413e-8dcc-6f92432eee91
2025-05-15 14:56:36,263 - INFO - Apply button clicked successfully!
2025-05-15 14:56:41,277 - INFO - Attempting to upload resume from: C:\Users\hr\OneDrive\Desktop\merge\all_job_app\resume/resume.pdf
2025-05-15 14:56:41,871 - INFO - Resume file sent to input element
2025-05-15 14:56:57,198 - WARNING - No explicit upload confirmation detected: Message: 

2025-05-15 14:56:57,198 - INFO - Filling out the application form...
2025-05-15 14:56:57,303 - INFO - Filled field name with value Vijay Yadav
2025-05-15 14:56:57,418 - INFO - Filled field email with value vijay.yadav@example.com
2025-05-15 14:56:57,514 - INFO - Filled field phone with value 1234567890
2025-05-15 14:56:57,514 - WARNING - No value provided for mandatory field: address
2025-05-15 14:56:57,685 - INFO - Filled field location with value Pleasanton, California, United States
2025-05-15 14:57:08,040 - WARNING - Error selecting location suggestion: Message: 

2025-05-15 14:57:08,098 - INFO - Selected location using keyboard navigation
2025-05-15 14:57:08,224 - INFO - Filled LinkedIn field
2025-05-15 14:57:08,224 - INFO - Filling out the Q&A section...
2025-05-15 14:57:09,157 - INFO - Form Q&A questions found: ['Cover Letter']
2025-05-15 14:57:09,157 - INFO - Processing question: 'where did you hear about biorender?'
2025-05-15 14:57:09,158 - WARNING - No match found for question: 'where did you hear about biorender?' (best score: 0)
2025-05-15 14:57:09,159 - INFO - Processing question: 'do you have programming experience or are you in a cs degree?'
2025-05-15 14:57:09,159 - WARNING - No match found for question: 'do you have programming experience or are you in a cs degree?' (best score: 0)
2025-05-15 14:57:09,159 - INFO - Processing question: 'are you legally authorized to work in the u.s. without restriction for any employer?'
2025-05-15 14:57:09,160 - WARNING - No match found for question: 'are you legally authorized to work in the u.s. without restriction for any employer?' (best score: 0)
2025-05-15 14:57:09,160 - INFO - Processing question: 'are you legally authorized to work in canada or the united states?'
2025-05-15 14:57:09,161 - WARNING - No match found for question: 'are you legally authorized to work in canada or the united states?' (best score: 0)
2025-05-15 14:57:09,161 - INFO - Processing question: 'how many years of experience do you have as a machine learning engineer?'
2025-05-15 14:57:09,161 - WARNING - No match found for question: 'how many years of experience do you have as a machine learning engineer?' (best score: 0)
2025-05-15 14:57:09,162 - INFO - Processing question: 'are you legally authorized to work in the united states?'
2025-05-15 14:57:09,162 - WARNING - No match found for question: 'are you legally authorized to work in the united states?' (best score: 0)
2025-05-15 14:57:09,162 - INFO - Processing question: 'what are your salary expectations?'
2025-05-15 14:57:09,163 - WARNING - No match found for question: 'what are your salary expectations?' (best score: 0)
2025-05-15 14:57:09,163 - INFO - Processing question: 'have you previously worked for hims & hers as an employee or contractor/consultant?'
2025-05-15 14:57:09,164 - WARNING - No match found for question: 'have you previously worked for hims & hers as an employee or contractor/consultant?' (best score: 0)
2025-05-15 14:57:09,164 - INFO - Processing question: 'are you legally authorized to work in canada?'
2025-05-15 14:57:09,164 - WARNING - No match found for question: 'are you legally authorized to work in canada?' (best score: 0)
2025-05-15 14:57:09,164 - INFO - Processing question: 'how did you hear about us?'
2025-05-15 14:57:09,165 - WARNING - No match found for question: 'how did you hear about us?' (best score: 0)
2025-05-15 14:57:09,165 - INFO - Processing question: 'are you a veteran/have you served in the military?'
2025-05-15 14:57:09,165 - WARNING - No match found for question: 'are you a veteran/have you served in the military?' (best score: 0)
2025-05-15 14:57:09,166 - INFO - Processing question: 'do you identify as having a disability?.no'
2025-05-15 14:57:09,166 - WARNING - No match found for question: 'do you identify as having a disability?.no' (best score: 0)
2025-05-15 14:57:09,166 - INFO - Processing question: 'will you now or in the future require immigration sponsorship by hims & hers in order to work for hims & hers in the u.s.?'
2025-05-15 14:57:09,167 - WARNING - No match found for question: 'will you now or in the future require immigration sponsorship by hims & hers in order to work for hims & hers in the u.s.?' (best score: 0)
2025-05-15 14:57:09,167 - INFO - Processing question: 'have you worked as a software engineer prior to moving into ml?'
2025-05-15 14:57:09,167 - WARNING - No match found for question: 'have you worked as a software engineer prior to moving into ml?' (best score: 0)
2025-05-15 14:57:09,168 - INFO - Processing question: 'which languages and dialects do you speak fluently?'
2025-05-15 14:57:09,168 - WARNING - No match found for question: 'which languages and dialects do you speak fluently?' (best score: 0)
2025-05-15 14:57:09,168 - INFO - Processing question: 'are you open to tier 2 (medium complexity) rlhf projects at listed rate for your location?'
2025-05-15 14:57:09,169 - WARNING - No match found for question: 'are you open to tier 2 (medium complexity) rlhf projects at listed rate for your location?' (best score: 0)
2025-05-15 14:57:09,169 - INFO - Processing question: 'do you have any familial relationships with current virta employees?'
2025-05-15 14:57:09,169 - WARNING - No match found for question: 'do you have any familial relationships with current virta employees?' (best score: 0)
2025-05-15 14:57:09,169 - INFO - Processing question: 'are you 18 or older and legally eligible to work in the country of the job you are applying for?'
2025-05-15 14:57:09,170 - WARNING - No match found for question: 'are you 18 or older and legally eligible to work in the country of the job you are applying for?' (best score: 0)
2025-05-15 14:57:09,170 - INFO - Processing question: 'will you now or in the future require sponsorship for employment?'
2025-05-15 14:57:09,170 - WARNING - No match found for question: 'will you now or in the future require sponsorship for employment?' (best score: 0)
2025-05-15 14:57:09,171 - INFO - Processing question: 'how many years of experience do you have in mle?'
2025-05-15 14:57:09,171 - WARNING - No match found for question: 'how many years of experience do you have in mle?' (best score: 0)
2025-05-15 14:57:09,171 - INFO - Processing question: 'are you legally authorized to work in the country?'
2025-05-15 14:57:09,172 - WARNING - No match found for question: 'are you legally authorized to work in the country?' (best score: 0)
2025-05-15 14:57:09,172 - INFO - Processing question: 'what is your expected salary?'
2025-05-15 14:57:09,172 - WARNING - No match found for question: 'what is your expected salary?' (best score: 0)
2025-05-15 14:57:09,173 - INFO - Processing question: 'are you legally eligible to work in the us?'
2025-05-15 14:57:09,173 - WARNING - No match found for question: 'are you legally eligible to work in the us?' (best score: 0)
2025-05-15 14:57:09,173 - INFO - Processing question: 'are you willing & able to come into our downtown san francisco office on a hybrid basis? (3 days /week)?'
2025-05-15 14:57:09,174 - WARNING - No match found for question: 'are you willing & able to come into our downtown san francisco office on a hybrid basis? (3 days /week)?' (best score: 0)
2025-05-15 14:57:09,174 - INFO - Processing question: 'can you work onsite in palo alto?'
2025-05-15 14:57:09,174 - WARNING - No match found for question: 'can you work onsite in palo alto?' (best score: 0)
2025-05-15 14:57:09,174 - INFO - Processing question: 'our offices are located in san francisco ca and new york city. please indicate which location you are interested in?'
2025-05-15 14:57:09,175 - WARNING - No match found for question: 'our offices are located in san francisco ca and new york city. please indicate which location you are interested in?' (best score: 0)
2025-05-15 14:57:09,175 - INFO - Processing question: 'will you now or will you in the future require employment visa sponsorship to work in the country in which the job you're applying for is located?'
2025-05-15 14:57:09,176 - WARNING - No match found for question: 'will you now or will you in the future require employment visa sponsorship to work in the country in which the job you're applying for is located?' (best score: 0)
2025-05-15 14:57:09,176 - INFO - Processing question: 'do you have authorization to work in the united states?'
2025-05-15 14:57:09,176 - WARNING - No match found for question: 'do you have authorization to work in the united states?' (best score: 0)
2025-05-15 14:57:09,176 - INFO - Processing question: 'will you now or in the future require sponsorship for employment visa status?'
2025-05-15 14:57:09,177 - WARNING - No match found for question: 'will you now or in the future require sponsorship for employment visa status?' (best score: 0)
2025-05-15 14:57:09,177 - INFO - Processing question: 'are you available to work in person at the promise office  location listed in the job description at least three times per week?'
2025-05-15 14:57:09,177 - WARNING - No match found for question: 'are you available to work in person at the promise office  location listed in the job description at least three times per week?' (best score: 0)
2025-05-15 14:57:09,178 - INFO - Processing question: 'are you 18 or older?'
2025-05-15 14:57:09,178 - WARNING - No match found for question: 'are you 18 or older?' (best score: 0)
2025-05-15 14:57:09,178 - INFO - Processing question: 'are you comfortable working with javascript?'
2025-05-15 14:57:09,179 - WARNING - No match found for question: 'are you comfortable working with javascript?' (best score: 0)
2025-05-15 14:57:09,179 - INFO - Processing question: 'would you willing to relocate to/be in office in san francisco?'
2025-05-15 14:57:09,179 - WARNING - No match found for question: 'would you willing to relocate to/be in office in san francisco?' (best score: 0)
2025-05-15 14:57:09,179 - INFO - Processing question: 'what annual salary are you looking for in $usd?'
2025-05-15 14:57:09,179 - WARNING - No match found for question: 'what annual salary are you looking for in $usd?' (best score: 0)
2025-05-15 14:57:09,180 - INFO - Processing question: 'are you looking for full-time or part-time work?'
2025-05-15 14:57:09,180 - WARNING - No match found for question: 'are you looking for full-time or part-time work?' (best score: 0)
2025-05-15 14:57:09,180 - INFO - Processing question: 'how would you best describe your ideal work environment?'
2025-05-15 14:57:09,180 - WARNING - No match found for question: 'how would you best describe your ideal work environment?' (best score: 0)
2025-05-15 14:57:09,181 - INFO - Processing question: 'how do you handle deadlines and pressure?'
2025-05-15 14:57:09,181 - WARNING - No match found for question: 'how do you handle deadlines and pressure?' (best score: 0)
2025-05-15 14:57:09,181 - INFO - Processing question: 'how do you handle situations where you have too many tasks to complete on your own?'
2025-05-15 14:57:09,182 - WARNING - No match found for question: 'how do you handle situations where you have too many tasks to complete on your own?' (best score: 0)
2025-05-15 14:57:09,182 - INFO - Processing question: 'how much are you willing to work when things are urgent?'
2025-05-15 14:57:09,182 - WARNING - No match found for question: 'how much are you willing to work when things are urgent?' (best score: 0)
2025-05-15 14:57:09,183 - INFO - Processing question: 'are you comfortable working with python?'
2025-05-15 14:57:09,183 - WARNING - No match found for question: 'are you comfortable working with python?' (best score: 0)
2025-05-15 14:57:09,183 - INFO - Processing question: 'do you currently have legal authorization to work in the country where the position is based?'
2025-05-15 14:57:09,183 - WARNING - No match found for question: 'do you currently have legal authorization to work in the country where the position is based?' (best score: 0)
2025-05-15 14:57:09,184 - INFO - Processing question: 'are you excited to work in-office five days a week?'
2025-05-15 14:57:09,184 - WARNING - No match found for question: 'are you excited to work in-office five days a week?' (best score: 0)
2025-05-15 14:57:09,184 - INFO - Q&A section filled successfully!
2025-05-15 14:57:09,184 - INFO - Form filled successfully!
2025-05-15 14:57:10,192 - INFO - Starting submission process...
2025-05-15 14:57:10,287 - INFO - Required field not filled: 01bee1ba-3fbd-4291-8525-67cbc4f829cf
2025-05-15 14:57:10,510 - INFO - Required radio group not answered: Are you legally authorized to work in the United States?
2025-05-15 14:57:10,552 - INFO - Required radio group not answered: Will you now or in the future require sponsorship for employment visa status (e.g., H-1B visa status) to legally work in the United States?
2025-05-15 14:57:10,597 - INFO - Required radio group not answered: Do you have any familial relationships with current Virta employees?
2025-05-15 14:57:10,737 - INFO - Waiting for 4 required fields to be filled: ['01bee1ba-3fbd-4291-8525-67cbc4f829cf', 'Are you legally authorized to work in the United States?', 'Will you now or in the future require sponsorship for employment visa status (e.g., H-1B visa status) to legally work in the United States?', 'Do you have any familial relationships with current Virta employees?']
2025-05-15 14:57:12,862 - INFO - Required field not filled: 01bee1ba-3fbd-4291-8525-67cbc4f829cf
2025-05-15 14:57:13,008 - INFO - Required radio group not answered: Are you legally authorized to work in the United States?
2025-05-15 14:57:13,031 - INFO - Required radio group not answered: Will you now or in the future require sponsorship for employment visa status (e.g., H-1B visa status) to legally work in the United States?
2025-05-15 14:57:13,076 - INFO - Required radio group not answered: Do you have any familial relationships with current Virta employees?
2025-05-15 14:57:13,206 - INFO - Waiting for 4 required fields to be filled: ['01bee1ba-3fbd-4291-8525-67cbc4f829cf', 'Are you legally authorized to work in the United States?', 'Will you now or in the future require sponsorship for employment visa status (e.g., H-1B visa status) to legally work in the United States?', 'Do you have any familial relationships with current Virta employees?']
2025-05-15 14:57:15,359 - INFO - Required field not filled: 01bee1ba-3fbd-4291-8525-67cbc4f829cf
2025-05-15 14:57:15,495 - INFO - Required radio group not answered: Are you legally authorized to work in the United States?
2025-05-15 14:57:15,535 - INFO - Required radio group not answered: Will you now or in the future require sponsorship for employment visa status (e.g., H-1B visa status) to legally work in the United States?
2025-05-15 14:57:15,571 - INFO - Required radio group not answered: Do you have any familial relationships with current Virta employees?
2025-05-15 14:57:15,695 - INFO - Waiting for 4 required fields to be filled: ['01bee1ba-3fbd-4291-8525-67cbc4f829cf', 'Are you legally authorized to work in the United States?', 'Will you now or in the future require sponsorship for employment visa status (e.g., H-1B visa status) to legally work in the United States?', 'Do you have any familial relationships with current Virta employees?']
2025-05-15 14:57:17,829 - INFO - Required field not filled: 01bee1ba-3fbd-4291-8525-67cbc4f829cf
2025-05-15 14:57:17,990 - INFO - Required radio group not answered: Are you legally authorized to work in the United States?
2025-05-15 14:57:18,014 - INFO - Required radio group not answered: Will you now or in the future require sponsorship for employment visa status (e.g., H-1B visa status) to legally work in the United States?
2025-05-15 14:57:18,056 - INFO - Required radio group not answered: Do you have any familial relationships with current Virta employees?
2025-05-15 14:57:18,174 - INFO - Waiting for 4 required fields to be filled: ['01bee1ba-3fbd-4291-8525-67cbc4f829cf', 'Are you legally authorized to work in the United States?', 'Will you now or in the future require sponsorship for employment visa status (e.g., H-1B visa status) to legally work in the United States?', 'Do you have any familial relationships with current Virta employees?']
2025-05-15 14:57:20,257 - INFO - Required field not filled: 01bee1ba-3fbd-4291-8525-67cbc4f829cf
2025-05-15 14:57:20,414 - INFO - Required radio group not answered: Are you legally authorized to work in the United States?
2025-05-15 14:57:20,451 - INFO - Required radio group not answered: Will you now or in the future require sponsorship for employment visa status (e.g., H-1B visa status) to legally work in the United States?
2025-05-15 14:57:20,488 - INFO - Required radio group not answered: Do you have any familial relationships with current Virta employees?
2025-05-15 14:57:20,613 - INFO - Waiting for 4 required fields to be filled: ['01bee1ba-3fbd-4291-8525-67cbc4f829cf', 'Are you legally authorized to work in the United States?', 'Will you now or in the future require sponsorship for employment visa status (e.g., H-1B visa status) to legally work in the United States?', 'Do you have any familial relationships with current Virta employees?']
2025-05-15 14:57:22,710 - INFO - Required field not filled: 01bee1ba-3fbd-4291-8525-67cbc4f829cf
2025-05-15 14:57:22,875 - INFO - Required radio group not answered: Are you legally authorized to work in the United States?
2025-05-15 14:57:22,896 - INFO - Required radio group not answered: Will you now or in the future require sponsorship for employment visa status (e.g., H-1B visa status) to legally work in the United States?
2025-05-15 14:57:22,940 - INFO - Required radio group not answered: Do you have any familial relationships with current Virta employees?
2025-05-15 14:57:23,069 - INFO - Waiting for 4 required fields to be filled: ['01bee1ba-3fbd-4291-8525-67cbc4f829cf', 'Are you legally authorized to work in the United States?', 'Will you now or in the future require sponsorship for employment visa status (e.g., H-1B visa status) to legally work in the United States?', 'Do you have any familial relationships with current Virta employees?']
2025-05-15 14:57:25,157 - INFO - Required field not filled: 01bee1ba-3fbd-4291-8525-67cbc4f829cf
2025-05-15 14:57:25,334 - INFO - Required radio group not answered: Are you legally authorized to work in the United States?
2025-05-15 14:57:25,362 - INFO - Required radio group not answered: Will you now or in the future require sponsorship for employment visa status (e.g., H-1B visa status) to legally work in the United States?
2025-05-15 14:57:25,395 - INFO - Required radio group not answered: Do you have any familial relationships with current Virta employees?
2025-05-15 14:57:25,522 - INFO - Waiting for 4 required fields to be filled: ['01bee1ba-3fbd-4291-8525-67cbc4f829cf', 'Are you legally authorized to work in the United States?', 'Will you now or in the future require sponsorship for employment visa status (e.g., H-1B visa status) to legally work in the United States?', 'Do you have any familial relationships with current Virta employees?']
2025-05-15 14:57:27,610 - INFO - Required field not filled: 01bee1ba-3fbd-4291-8525-67cbc4f829cf
2025-05-15 14:57:27,768 - INFO - Required radio group not answered: Are you legally authorized to work in the United States?
2025-05-15 14:57:27,795 - INFO - Required radio group not answered: Will you now or in the future require sponsorship for employment visa status (e.g., H-1B visa status) to legally work in the United States?
2025-05-15 14:57:27,834 - INFO - Required radio group not answered: Do you have any familial relationships with current Virta employees?
2025-05-15 14:57:27,972 - INFO - Waiting for 4 required fields to be filled: ['01bee1ba-3fbd-4291-8525-67cbc4f829cf', 'Are you legally authorized to work in the United States?', 'Will you now or in the future require sponsorship for employment visa status (e.g., H-1B visa status) to legally work in the United States?', 'Do you have any familial relationships with current Virta employees?']
2025-05-15 14:57:30,057 - INFO - Required field not filled: 01bee1ba-3fbd-4291-8525-67cbc4f829cf
2025-05-15 14:57:30,213 - INFO - Required radio group not answered: Are you legally authorized to work in the United States?
2025-05-15 14:57:30,247 - INFO - Required radio group not answered: Will you now or in the future require sponsorship for employment visa status (e.g., H-1B visa status) to legally work in the United States?
2025-05-15 14:57:30,279 - INFO - Required radio group not answered: Do you have any familial relationships with current Virta employees?
2025-05-15 14:57:30,413 - INFO - Waiting for 4 required fields to be filled: ['01bee1ba-3fbd-4291-8525-67cbc4f829cf', 'Are you legally authorized to work in the United States?', 'Will you now or in the future require sponsorship for employment visa status (e.g., H-1B visa status) to legally work in the United States?', 'Do you have any familial relationships with current Virta employees?']
2025-05-15 14:57:32,525 - INFO - Required field not filled: 01bee1ba-3fbd-4291-8525-67cbc4f829cf
2025-05-15 14:57:32,676 - INFO - Required radio group not answered: Are you legally authorized to work in the United States?
2025-05-15 14:57:32,711 - INFO - Required radio group not answered: Will you now or in the future require sponsorship for employment visa status (e.g., H-1B visa status) to legally work in the United States?
2025-05-15 14:57:32,750 - INFO - Required radio group not answered: Do you have any familial relationships with current Virta employees?
2025-05-15 14:57:32,885 - INFO - Waiting for 4 required fields to be filled: ['01bee1ba-3fbd-4291-8525-67cbc4f829cf', 'Are you legally authorized to work in the United States?', 'Will you now or in the future require sponsorship for employment visa status (e.g., H-1B visa status) to legally work in the United States?', 'Do you have any familial relationships with current Virta employees?']
2025-05-15 14:57:35,025 - INFO - Required field not filled: 01bee1ba-3fbd-4291-8525-67cbc4f829cf
2025-05-15 14:57:35,175 - INFO - Required radio group not answered: Are you legally authorized to work in the United States?
2025-05-15 14:57:35,211 - INFO - Required radio group not answered: Will you now or in the future require sponsorship for employment visa status (e.g., H-1B visa status) to legally work in the United States?
2025-05-15 14:57:35,252 - INFO - Required radio group not answered: Do you have any familial relationships with current Virta employees?
2025-05-15 14:57:35,385 - INFO - Waiting for 4 required fields to be filled: ['01bee1ba-3fbd-4291-8525-67cbc4f829cf', 'Are you legally authorized to work in the United States?', 'Will you now or in the future require sponsorship for employment visa status (e.g., H-1B visa status) to legally work in the United States?', 'Do you have any familial relationships with current Virta employees?']
2025-05-15 14:57:37,509 - INFO - Required field not filled: 01bee1ba-3fbd-4291-8525-67cbc4f829cf
2025-05-15 14:57:37,668 - INFO - Required radio group not answered: Are you legally authorized to work in the United States?
2025-05-15 14:57:37,704 - INFO - Required radio group not answered: Will you now or in the future require sponsorship for employment visa status (e.g., H-1B visa status) to legally work in the United States?
2025-05-15 14:57:37,728 - INFO - Required radio group not answered: Do you have any familial relationships with current Virta employees?
2025-05-15 14:57:37,862 - INFO - Waiting for 4 required fields to be filled: ['01bee1ba-3fbd-4291-8525-67cbc4f829cf', 'Are you legally authorized to work in the United States?', 'Will you now or in the future require sponsorship for employment visa status (e.g., H-1B visa status) to legally work in the United States?', 'Do you have any familial relationships with current Virta employees?']
2025-05-15 14:57:39,993 - INFO - Required field not filled: 01bee1ba-3fbd-4291-8525-67cbc4f829cf
2025-05-15 14:57:40,152 - INFO - Required radio group not answered: Are you legally authorized to work in the United States?
2025-05-15 14:57:40,193 - INFO - Required radio group not answered: Will you now or in the future require sponsorship for employment visa status (e.g., H-1B visa status) to legally work in the United States?
2025-05-15 14:57:40,230 - INFO - Required radio group not answered: Do you have any familial relationships with current Virta employees?
2025-05-15 14:57:40,336 - INFO - Waiting for 4 required fields to be filled: ['01bee1ba-3fbd-4291-8525-67cbc4f829cf', 'Are you legally authorized to work in the United States?', 'Will you now or in the future require sponsorship for employment visa status (e.g., H-1B visa status) to legally work in the United States?', 'Do you have any familial relationships with current Virta employees?']
2025-05-15 14:57:42,455 - INFO - Required field not filled: 01bee1ba-3fbd-4291-8525-67cbc4f829cf
2025-05-15 14:57:42,592 - INFO - Required radio group not answered: Are you legally authorized to work in the United States?
2025-05-15 14:57:42,638 - INFO - Required radio group not answered: Will you now or in the future require sponsorship for employment visa status (e.g., H-1B visa status) to legally work in the United States?
2025-05-15 14:57:42,672 - INFO - Required radio group not answered: Do you have any familial relationships with current Virta employees?
2025-05-15 14:57:42,798 - INFO - Waiting for 4 required fields to be filled: ['01bee1ba-3fbd-4291-8525-67cbc4f829cf', 'Are you legally authorized to work in the United States?', 'Will you now or in the future require sponsorship for employment visa status (e.g., H-1B visa status) to legally work in the United States?', 'Do you have any familial relationships with current Virta employees?']
2025-05-15 14:57:44,892 - INFO - Required field not filled: 01bee1ba-3fbd-4291-8525-67cbc4f829cf
2025-05-15 14:57:45,054 - INFO - Required radio group not answered: Are you legally authorized to work in the United States?
2025-05-15 14:57:45,092 - INFO - Required radio group not answered: Will you now or in the future require sponsorship for employment visa status (e.g., H-1B visa status) to legally work in the United States?
2025-05-15 14:57:45,131 - INFO - Required radio group not answered: Do you have any familial relationships with current Virta employees?
2025-05-15 14:57:45,256 - INFO - Waiting for 4 required fields to be filled: ['01bee1ba-3fbd-4291-8525-67cbc4f829cf', 'Are you legally authorized to work in the United States?', 'Will you now or in the future require sponsorship for employment visa status (e.g., H-1B visa status) to legally work in the United States?', 'Do you have any familial relationships with current Virta employees?']
2025-05-15 14:57:47,340 - INFO - Required field not filled: 01bee1ba-3fbd-4291-8525-67cbc4f829cf
2025-05-15 14:57:47,519 - INFO - Required radio group not answered: Are you legally authorized to work in the United States?
2025-05-15 14:57:47,560 - INFO - Required radio group not answered: Will you now or in the future require sponsorship for employment visa status (e.g., H-1B visa status) to legally work in the United States?
2025-05-15 14:57:47,594 - INFO - Required radio group not answered: Do you have any familial relationships with current Virta employees?
2025-05-15 14:57:47,705 - INFO - Waiting for 4 required fields to be filled: ['01bee1ba-3fbd-4291-8525-67cbc4f829cf', 'Are you legally authorized to work in the United States?', 'Will you now or in the future require sponsorship for employment visa status (e.g., H-1B visa status) to legally work in the United States?', 'Do you have any familial relationships with current Virta employees?']
2025-05-15 14:57:49,794 - INFO - Required field not filled: 01bee1ba-3fbd-4291-8525-67cbc4f829cf
2025-05-15 14:57:49,949 - INFO - Required radio group not answered: Are you legally authorized to work in the United States?
2025-05-15 14:57:49,986 - INFO - Required radio group not answered: Will you now or in the future require sponsorship for employment visa status (e.g., H-1B visa status) to legally work in the United States?
2025-05-15 14:57:50,020 - INFO - Required radio group not answered: Do you have any familial relationships with current Virta employees?
2025-05-15 14:57:50,146 - INFO - Waiting for 4 required fields to be filled: ['01bee1ba-3fbd-4291-8525-67cbc4f829cf', 'Are you legally authorized to work in the United States?', 'Will you now or in the future require sponsorship for employment visa status (e.g., H-1B visa status) to legally work in the United States?', 'Do you have any familial relationships with current Virta employees?']
2025-05-15 14:57:52,294 - INFO - Required field not filled: 01bee1ba-3fbd-4291-8525-67cbc4f829cf
2025-05-15 14:57:52,457 - INFO - Required radio group not answered: Are you legally authorized to work in the United States?
2025-05-15 14:57:52,493 - INFO - Required radio group not answered: Will you now or in the future require sponsorship for employment visa status (e.g., H-1B visa status) to legally work in the United States?
2025-05-15 14:57:52,541 - INFO - Required radio group not answered: Do you have any familial relationships with current Virta employees?
2025-05-15 14:57:52,660 - INFO - Waiting for 4 required fields to be filled: ['01bee1ba-3fbd-4291-8525-67cbc4f829cf', 'Are you legally authorized to work in the United States?', 'Will you now or in the future require sponsorship for employment visa status (e.g., H-1B visa status) to legally work in the United States?', 'Do you have any familial relationships with current Virta employees?']
2025-05-15 14:57:54,760 - INFO - Required field not filled: 01bee1ba-3fbd-4291-8525-67cbc4f829cf
2025-05-15 14:57:54,997 - INFO - Required radio group not answered: Do you have any familial relationships with current Virta employees?
2025-05-15 14:57:55,065 - INFO - Waiting for 2 required fields to be filled: ['01bee1ba-3fbd-4291-8525-67cbc4f829cf', 'Do you have any familial relationships with current Virta employees?']
2025-05-15 14:57:57,155 - INFO - Required field not filled: 01bee1ba-3fbd-4291-8525-67cbc4f829cf
2025-05-15 14:57:57,356 - INFO - Waiting for 1 required fields to be filled: ['01bee1ba-3fbd-4291-8525-67cbc4f829cf']
2025-05-15 14:57:59,506 - INFO - Required field not filled: 01bee1ba-3fbd-4291-8525-67cbc4f829cf
2025-05-15 14:57:59,730 - INFO - Waiting for 1 required fields to be filled: ['01bee1ba-3fbd-4291-8525-67cbc4f829cf']
2025-05-15 14:58:02,080 - INFO - All required fields are filled.
2025-05-15 14:58:02,125 - INFO - Found submit button using selector: button._primary_8wvgw_96
2025-05-15 14:58:05,326 - INFO - Found submit button using selector: button._submitButton_14ib5_416
2025-05-15 14:58:05,360 - INFO - Found submit button using selector: button.ashby-application-form-submit-button
2025-05-15 14:58:14,737 - ERROR - Could not locate submit button using any known selectors
2025-05-15 14:58:14,737 - ERROR - Could not locate submit button
2025-05-15 14:58:14,737 - INFO - Log directory ensured: C:\Users\hr\OneDrive\Desktop\merge\all_job_app\logs
2025-05-15 14:58:14,753 - INFO - Log entry written to logs/ashby_log_2025-05-15.csv
2025-05-15 14:58:14,753 - INFO - Processing job: https://jobs.ashbyhq.com/windranger/d5c33dba-6b07-450a-8a35-4ec61355ab42
2025-05-15 14:58:15,899 - INFO - Opened job page: https://jobs.ashbyhq.com/windranger/d5c33dba-6b07-450a-8a35-4ec61355ab42
2025-05-15 14:58:19,022 - INFO - Apply button clicked successfully!
2025-05-15 14:58:24,033 - INFO - Attempting to upload resume from: C:\Users\hr\OneDrive\Desktop\merge\all_job_app\resume/resume.pdf
2025-05-15 14:58:24,623 - INFO - Resume file sent to input element
2025-05-15 14:58:39,900 - WARNING - No explicit upload confirmation detected: Message: 

2025-05-15 14:58:39,900 - INFO - Filling out the application form...
2025-05-15 14:58:40,012 - INFO - Filled field name with value Vijay Yadav
2025-05-15 14:58:40,120 - INFO - Filled field email with value vijay.yadav@example.com
2025-05-15 14:58:50,567 - WARNING - Error filling field phone with selector input[type='tel']: Message: 
Stacktrace:
	GetHandleVerifier [0x0098FC83+61635]
	GetHandleVerifier [0x0098FCC4+61700]
	(No symbol) [0x007B05D3]
	(No symbol) [0x007F899E]
	(No symbol) [0x007F8D3B]
	(No symbol) [0x00840E12]
	(No symbol) [0x0081D2E4]
	(No symbol) [0x0083E61B]
	(No symbol) [0x0081D096]
	(No symbol) [0x007EC840]
	(No symbol) [0x007ED6A4]
	GetHandleVerifier [0x00C145A3+2701795]
	GetHandleVerifier [0x00C0FD26+2683238]
	GetHandleVerifier [0x00C2AA6E+2793134]
	GetHandleVerifier [0x009A6945+155013]
	GetHandleVerifier [0x009AD02D+181357]
	GetHandleVerifier [0x009974D8+92440]
	GetHandleVerifier [0x00997680+92864]
	GetHandleVerifier [0x00982070+5296]
	BaseThreadInitThunk [0x759AFCC9+25]
	RtlGetAppContainerNamedObjectPath [0x771B82AE+286]
	RtlGetAppContainerNamedObjectPath [0x771B827E+238]

2025-05-15 14:59:01,061 - WARNING - Error filling field phone with selector input[name='phone']: Message: 
Stacktrace:
	GetHandleVerifier [0x0098FC83+61635]
	GetHandleVerifier [0x0098FCC4+61700]
	(No symbol) [0x007B05D3]
	(No symbol) [0x007F899E]
	(No symbol) [0x007F8D3B]
	(No symbol) [0x00840E12]
	(No symbol) [0x0081D2E4]
	(No symbol) [0x0083E61B]
	(No symbol) [0x0081D096]
	(No symbol) [0x007EC840]
	(No symbol) [0x007ED6A4]
	GetHandleVerifier [0x00C145A3+2701795]
	GetHandleVerifier [0x00C0FD26+2683238]
	GetHandleVerifier [0x00C2AA6E+2793134]
	GetHandleVerifier [0x009A6945+155013]
	GetHandleVerifier [0x009AD02D+181357]
	GetHandleVerifier [0x009974D8+92440]
	GetHandleVerifier [0x00997680+92864]
	GetHandleVerifier [0x00982070+5296]
	BaseThreadInitThunk [0x759AFCC9+25]
	RtlGetAppContainerNamedObjectPath [0x771B82AE+286]
	RtlGetAppContainerNamedObjectPath [0x771B827E+238]

2025-05-15 14:59:11,523 - WARNING - Error filling field phone with selector input[type='number']: Message: 
Stacktrace:
	GetHandleVerifier [0x0098FC83+61635]
	GetHandleVerifier [0x0098FCC4+61700]
	(No symbol) [0x007B05D3]
	(No symbol) [0x007F899E]
	(No symbol) [0x007F8D3B]
	(No symbol) [0x00840E12]
	(No symbol) [0x0081D2E4]
	(No symbol) [0x0083E61B]
	(No symbol) [0x0081D096]
	(No symbol) [0x007EC840]
	(No symbol) [0x007ED6A4]
	GetHandleVerifier [0x00C145A3+2701795]
	GetHandleVerifier [0x00C0FD26+2683238]
	GetHandleVerifier [0x00C2AA6E+2793134]
	GetHandleVerifier [0x009A6945+155013]
	GetHandleVerifier [0x009AD02D+181357]
	GetHandleVerifier [0x009974D8+92440]
	GetHandleVerifier [0x00997680+92864]
	GetHandleVerifier [0x00982070+5296]
	BaseThreadInitThunk [0x759AFCC9+25]
	RtlGetAppContainerNamedObjectPath [0x771B82AE+286]
	RtlGetAppContainerNamedObjectPath [0x771B827E+238]

2025-05-15 14:59:11,534 - WARNING - No value provided for mandatory field: address
2025-05-15 14:59:21,559 - WARNING - Error filling field location with selector input[role='combobox']: Message: 
Stacktrace:
	GetHandleVerifier [0x0098FC83+61635]
	GetHandleVerifier [0x0098FCC4+61700]
	(No symbol) [0x007B05D3]
	(No symbol) [0x007F899E]
	(No symbol) [0x007F8D3B]
	(No symbol) [0x00840E12]
	(No symbol) [0x0081D2E4]
	(No symbol) [0x0083E61B]
	(No symbol) [0x0081D096]
	(No symbol) [0x007EC840]
	(No symbol) [0x007ED6A4]
	GetHandleVerifier [0x00C145A3+2701795]
	GetHandleVerifier [0x00C0FD26+2683238]
	GetHandleVerifier [0x00C2AA6E+2793134]
	GetHandleVerifier [0x009A6945+155013]
	GetHandleVerifier [0x009AD02D+181357]
	GetHandleVerifier [0x009974D8+92440]
	GetHandleVerifier [0x00997680+92864]
	GetHandleVerifier [0x00982070+5296]
	BaseThreadInitThunk [0x759AFCC9+25]
	RtlGetAppContainerNamedObjectPath [0x771B82AE+286]
	RtlGetAppContainerNamedObjectPath [0x771B827E+238]

2025-05-15 14:59:31,955 - WARNING - Error filling field location with selector input[placeholder*='Start typing']: Message: 
Stacktrace:
	GetHandleVerifier [0x0098FC83+61635]
	GetHandleVerifier [0x0098FCC4+61700]
	(No symbol) [0x007B05D3]
	(No symbol) [0x007F899E]
	(No symbol) [0x007F8D3B]
	(No symbol) [0x00840E12]
	(No symbol) [0x0081D2E4]
	(No symbol) [0x0083E61B]
	(No symbol) [0x0081D096]
	(No symbol) [0x007EC840]
	(No symbol) [0x007ED6A4]
	GetHandleVerifier [0x00C145A3+2701795]
	GetHandleVerifier [0x00C0FD26+2683238]
	GetHandleVerifier [0x00C2AA6E+2793134]
	GetHandleVerifier [0x009A6945+155013]
	GetHandleVerifier [0x009AD02D+181357]
	GetHandleVerifier [0x009974D8+92440]
	GetHandleVerifier [0x00997680+92864]
	GetHandleVerifier [0x00982070+5296]
	BaseThreadInitThunk [0x759AFCC9+25]
	RtlGetAppContainerNamedObjectPath [0x771B82AE+286]
	RtlGetAppContainerNamedObjectPath [0x771B827E+238]

2025-05-15 14:59:32,107 - INFO - Filled LinkedIn field
2025-05-15 14:59:32,107 - INFO - Filling out the Q&A section...
2025-05-15 14:59:32,812 - INFO - Form Q&A questions found: []
2025-05-15 14:59:32,812 - WARNING - No Q&A questions found in the form. Skipping Q&A section.
2025-05-15 14:59:32,812 - INFO - Form filled successfully!
2025-05-15 14:59:33,824 - INFO - Starting submission process...
2025-05-15 14:59:33,989 - INFO - All required fields are filled.
2025-05-15 14:59:34,031 - INFO - Found submit button using selector: button._primary_8wvgw_96
2025-05-15 14:59:37,254 - INFO - Found submit button using selector: button._submitButton_14ib5_416
2025-05-15 14:59:37,290 - INFO - Found submit button using selector: button.ashby-application-form-submit-button
2025-05-15 14:59:46,735 - ERROR - Could not locate submit button using any known selectors
2025-05-15 14:59:46,735 - ERROR - Could not locate submit button
2025-05-15 14:59:46,735 - INFO - Log directory ensured: C:\Users\hr\OneDrive\Desktop\merge\all_job_app\logs
2025-05-15 14:59:46,735 - INFO - Log entry written to logs/ashby_log_2025-05-15.csv
2025-05-15 14:59:46,735 - INFO - Processing job: https://jobs.ashbyhq.com/anyscale/f59089a5-7b7d-4639-a839-ec12ed53f1e5
2025-05-15 14:59:47,945 - INFO - Opened job page: https://jobs.ashbyhq.com/anyscale/f59089a5-7b7d-4639-a839-ec12ed53f1e5
2025-05-15 14:59:51,076 - INFO - Apply button clicked successfully!
2025-05-15 14:59:56,078 - INFO - Attempting to upload resume from: C:\Users\hr\OneDrive\Desktop\merge\all_job_app\resume/resume.pdf
2025-05-15 15:00:02,678 - INFO - Application interrupted - saving state
2025-05-15 15:00:02,678 - INFO - Log directory ensured: C:\Users\hr\OneDrive\Desktop\merge\all_job_app\logs
2025-05-15 15:00:02,678 - INFO - Log entry written to logs/ashby_log_2025-05-15.csv
2025-05-15 15:00:41,400 - INFO - Selected profile: vijay.yaml
2025-05-15 15:00:41,423 - INFO - Detected Chrome version: 136.0.7103.93
2025-05-15 15:00:41,423 - INFO - ====== WebDriver manager ======
2025-05-15 15:00:42,293 - INFO - Get LATEST chromedriver version for google-chrome
2025-05-15 15:00:42,331 - INFO - Get LATEST chromedriver version for google-chrome
2025-05-15 15:00:42,362 - INFO - Driver [C:\Users\hr\.wdm\drivers\chromedriver\win64\136.0.7103.94\chromedriver-win32/chromedriver.exe] found in cache
2025-05-15 15:00:43,642 - INFO - patching driver executable C:\Users\hr\appdata\roaming\undetected_chromedriver\undetected_chromedriver.exe
2025-05-15 15:00:44,471 - INFO - Processing job: https://jobs.ashbyhq.com/virtahealth/f82a953a-9c11-413e-8dcc-6f92432eee91
2025-05-15 15:00:45,942 - INFO - Opened job page: https://jobs.ashbyhq.com/virtahealth/f82a953a-9c11-413e-8dcc-6f92432eee91
2025-05-15 15:00:49,101 - INFO - Apply button clicked successfully!
2025-05-15 15:00:54,116 - INFO - Attempting to upload resume from: C:\Users\hr\OneDrive\Desktop\merge\all_job_app\resume/resume.pdf
2025-05-15 15:00:54,709 - INFO - Resume file sent to input element
2025-05-15 15:01:10,088 - WARNING - No explicit upload confirmation detected: Message: 

2025-05-15 15:01:10,089 - INFO - Filling out the application form...
2025-05-15 15:01:10,202 - INFO - Filled field name with value Vijay Yadav
2025-05-15 15:01:10,308 - INFO - Filled field email with value vijay.yadav@example.com
2025-05-15 15:01:10,404 - INFO - Filled field phone with value 1234567890
2025-05-15 15:01:10,404 - WARNING - No value provided for mandatory field: address
2025-05-15 15:01:10,587 - INFO - Filled field location with value Pleasanton, California, United States
2025-05-15 15:01:21,051 - WARNING - Error selecting location suggestion: Message: 

2025-05-15 15:01:21,124 - INFO - Selected location using keyboard navigation
2025-05-15 15:01:21,262 - INFO - Filled LinkedIn field
2025-05-15 15:01:21,262 - INFO - Filling out the Q&A section...
2025-05-15 15:01:22,195 - INFO - Form Q&A questions found: ['Cover Letter']
2025-05-15 15:01:22,195 - INFO - Processing question: 'where did you hear about biorender?'
2025-05-15 15:01:22,195 - WARNING - No match found for question: 'where did you hear about biorender?' (best score: 0)
2025-05-15 15:01:22,196 - INFO - Processing question: 'do you have programming experience or are you in a cs degree?'
2025-05-15 15:01:22,197 - WARNING - No match found for question: 'do you have programming experience or are you in a cs degree?' (best score: 0)
2025-05-15 15:01:22,197 - INFO - Processing question: 'are you legally authorized to work in the u.s. without restriction for any employer?'
2025-05-15 15:01:22,198 - WARNING - No match found for question: 'are you legally authorized to work in the u.s. without restriction for any employer?' (best score: 0)
2025-05-15 15:01:22,198 - INFO - Processing question: 'are you legally authorized to work in canada or the united states?'
2025-05-15 15:01:22,198 - WARNING - No match found for question: 'are you legally authorized to work in canada or the united states?' (best score: 0)
2025-05-15 15:01:22,199 - INFO - Processing question: 'how many years of experience do you have as a machine learning engineer?'
2025-05-15 15:01:22,199 - WARNING - No match found for question: 'how many years of experience do you have as a machine learning engineer?' (best score: 0)
2025-05-15 15:01:22,199 - INFO - Processing question: 'are you legally authorized to work in the united states?'
2025-05-15 15:01:22,200 - WARNING - No match found for question: 'are you legally authorized to work in the united states?' (best score: 0)
2025-05-15 15:01:22,201 - INFO - Processing question: 'what are your salary expectations?'
2025-05-15 15:01:22,202 - WARNING - No match found for question: 'what are your salary expectations?' (best score: 0)
2025-05-15 15:01:22,202 - INFO - Processing question: 'have you previously worked for hims & hers as an employee or contractor/consultant?'
2025-05-15 15:01:22,202 - WARNING - No match found for question: 'have you previously worked for hims & hers as an employee or contractor/consultant?' (best score: 0)
2025-05-15 15:01:22,203 - INFO - Processing question: 'are you legally authorized to work in canada?'
2025-05-15 15:01:22,203 - WARNING - No match found for question: 'are you legally authorized to work in canada?' (best score: 0)
2025-05-15 15:01:22,203 - INFO - Processing question: 'how did you hear about us?'
2025-05-15 15:01:22,204 - WARNING - No match found for question: 'how did you hear about us?' (best score: 0)
2025-05-15 15:01:22,204 - INFO - Processing question: 'are you a veteran/have you served in the military?'
2025-05-15 15:01:22,204 - WARNING - No match found for question: 'are you a veteran/have you served in the military?' (best score: 0)
2025-05-15 15:01:22,205 - INFO - Processing question: 'do you identify as having a disability?.no'
2025-05-15 15:01:22,205 - WARNING - No match found for question: 'do you identify as having a disability?.no' (best score: 0)
2025-05-15 15:01:22,205 - INFO - Processing question: 'will you now or in the future require immigration sponsorship by hims & hers in order to work for hims & hers in the u.s.?'
2025-05-15 15:01:22,206 - WARNING - No match found for question: 'will you now or in the future require immigration sponsorship by hims & hers in order to work for hims & hers in the u.s.?' (best score: 0)
2025-05-15 15:01:22,206 - INFO - Processing question: 'have you worked as a software engineer prior to moving into ml?'
2025-05-15 15:01:22,206 - WARNING - No match found for question: 'have you worked as a software engineer prior to moving into ml?' (best score: 0)
2025-05-15 15:01:22,207 - INFO - Processing question: 'which languages and dialects do you speak fluently?'
2025-05-15 15:01:22,207 - WARNING - No match found for question: 'which languages and dialects do you speak fluently?' (best score: 0)
2025-05-15 15:01:22,207 - INFO - Processing question: 'are you open to tier 2 (medium complexity) rlhf projects at listed rate for your location?'
2025-05-15 15:01:22,208 - WARNING - No match found for question: 'are you open to tier 2 (medium complexity) rlhf projects at listed rate for your location?' (best score: 0)
2025-05-15 15:01:22,208 - INFO - Processing question: 'do you have any familial relationships with current virta employees?'
2025-05-15 15:01:22,208 - WARNING - No match found for question: 'do you have any familial relationships with current virta employees?' (best score: 0)
2025-05-15 15:01:22,209 - INFO - Processing question: 'are you 18 or older and legally eligible to work in the country of the job you are applying for?'
2025-05-15 15:01:22,209 - WARNING - No match found for question: 'are you 18 or older and legally eligible to work in the country of the job you are applying for?' (best score: 0)
2025-05-15 15:01:22,209 - INFO - Processing question: 'will you now or in the future require sponsorship for employment?'
2025-05-15 15:01:22,210 - WARNING - No match found for question: 'will you now or in the future require sponsorship for employment?' (best score: 0)
2025-05-15 15:01:22,210 - INFO - Processing question: 'how many years of experience do you have in mle?'
2025-05-15 15:01:22,210 - WARNING - No match found for question: 'how many years of experience do you have in mle?' (best score: 0)
2025-05-15 15:01:22,211 - INFO - Processing question: 'are you legally authorized to work in the country?'
2025-05-15 15:01:22,211 - WARNING - No match found for question: 'are you legally authorized to work in the country?' (best score: 0)
2025-05-15 15:01:22,211 - INFO - Processing question: 'what is your expected salary?'
2025-05-15 15:01:22,212 - WARNING - No match found for question: 'what is your expected salary?' (best score: 0)
2025-05-15 15:01:22,212 - INFO - Processing question: 'are you legally eligible to work in the us?'
2025-05-15 15:01:22,212 - WARNING - No match found for question: 'are you legally eligible to work in the us?' (best score: 0)
2025-05-15 15:01:22,212 - INFO - Processing question: 'are you willing & able to come into our downtown san francisco office on a hybrid basis? (3 days /week)?'
2025-05-15 15:01:22,213 - WARNING - No match found for question: 'are you willing & able to come into our downtown san francisco office on a hybrid basis? (3 days /week)?' (best score: 0)
2025-05-15 15:01:22,213 - INFO - Processing question: 'can you work onsite in palo alto?'
2025-05-15 15:01:22,213 - WARNING - No match found for question: 'can you work onsite in palo alto?' (best score: 0)
2025-05-15 15:01:22,214 - INFO - Processing question: 'our offices are located in san francisco ca and new york city. please indicate which location you are interested in?'
2025-05-15 15:01:22,214 - WARNING - No match found for question: 'our offices are located in san francisco ca and new york city. please indicate which location you are interested in?' (best score: 0)
2025-05-15 15:01:22,214 - INFO - Processing question: 'will you now or will you in the future require employment visa sponsorship to work in the country in which the job you're applying for is located?'
2025-05-15 15:01:22,215 - WARNING - No match found for question: 'will you now or will you in the future require employment visa sponsorship to work in the country in which the job you're applying for is located?' (best score: 0)
2025-05-15 15:01:22,215 - INFO - Processing question: 'do you have authorization to work in the united states?'
2025-05-15 15:01:22,215 - WARNING - No match found for question: 'do you have authorization to work in the united states?' (best score: 0)
2025-05-15 15:01:22,216 - INFO - Processing question: 'will you now or in the future require sponsorship for employment visa status?'
2025-05-15 15:01:22,216 - WARNING - No match found for question: 'will you now or in the future require sponsorship for employment visa status?' (best score: 0)
2025-05-15 15:01:22,217 - INFO - Processing question: 'are you available to work in person at the promise office  location listed in the job description at least three times per week?'
2025-05-15 15:01:22,217 - WARNING - No match found for question: 'are you available to work in person at the promise office  location listed in the job description at least three times per week?' (best score: 0)
2025-05-15 15:01:22,218 - INFO - Processing question: 'are you 18 or older?'
2025-05-15 15:01:22,218 - WARNING - No match found for question: 'are you 18 or older?' (best score: 0)
2025-05-15 15:01:22,219 - INFO - Processing question: 'are you comfortable working with javascript?'
2025-05-15 15:01:22,219 - WARNING - No match found for question: 'are you comfortable working with javascript?' (best score: 0)
2025-05-15 15:01:22,219 - INFO - Processing question: 'would you willing to relocate to/be in office in san francisco?'
2025-05-15 15:01:22,220 - WARNING - No match found for question: 'would you willing to relocate to/be in office in san francisco?' (best score: 0)
2025-05-15 15:01:22,220 - INFO - Processing question: 'what annual salary are you looking for in $usd?'
2025-05-15 15:01:22,220 - WARNING - No match found for question: 'what annual salary are you looking for in $usd?' (best score: 0)
2025-05-15 15:01:22,220 - INFO - Processing question: 'are you looking for full-time or part-time work?'
2025-05-15 15:01:22,221 - WARNING - No match found for question: 'are you looking for full-time or part-time work?' (best score: 0)
2025-05-15 15:01:22,221 - INFO - Processing question: 'how would you best describe your ideal work environment?'
2025-05-15 15:01:22,221 - WARNING - No match found for question: 'how would you best describe your ideal work environment?' (best score: 0)
2025-05-15 15:01:22,222 - INFO - Processing question: 'how do you handle deadlines and pressure?'
2025-05-15 15:01:22,222 - WARNING - No match found for question: 'how do you handle deadlines and pressure?' (best score: 0)
2025-05-15 15:01:22,222 - INFO - Processing question: 'how do you handle situations where you have too many tasks to complete on your own?'
2025-05-15 15:01:22,223 - WARNING - No match found for question: 'how do you handle situations where you have too many tasks to complete on your own?' (best score: 0)
2025-05-15 15:01:22,223 - INFO - Processing question: 'how much are you willing to work when things are urgent?'
2025-05-15 15:01:22,223 - WARNING - No match found for question: 'how much are you willing to work when things are urgent?' (best score: 0)
2025-05-15 15:01:22,224 - INFO - Processing question: 'are you comfortable working with python?'
2025-05-15 15:01:22,224 - WARNING - No match found for question: 'are you comfortable working with python?' (best score: 0)
2025-05-15 15:01:22,224 - INFO - Processing question: 'do you currently have legal authorization to work in the country where the position is based?'
2025-05-15 15:01:22,225 - WARNING - No match found for question: 'do you currently have legal authorization to work in the country where the position is based?' (best score: 0)
2025-05-15 15:01:22,225 - INFO - Processing question: 'are you excited to work in-office five days a week?'
2025-05-15 15:01:22,225 - WARNING - No match found for question: 'are you excited to work in-office five days a week?' (best score: 0)
2025-05-15 15:01:22,226 - INFO - Q&A section filled successfully!
2025-05-15 15:01:22,226 - INFO - Form filled successfully!
2025-05-15 15:01:23,229 - INFO - Starting submission process...
2025-05-15 15:01:23,343 - INFO - Required field not filled: 01bee1ba-3fbd-4291-8525-67cbc4f829cf
2025-05-15 15:01:23,554 - INFO - Required radio group not answered: Are you legally authorized to work in the United States?
2025-05-15 15:01:23,598 - INFO - Required radio group not answered: Will you now or in the future require sponsorship for employment visa status (e.g., H-1B visa status) to legally work in the United States?
2025-05-15 15:01:23,642 - INFO - Required radio group not answered: Do you have any familial relationships with current Virta employees?
2025-05-15 15:01:23,800 - INFO - Waiting for 4 required fields to be filled: ['01bee1ba-3fbd-4291-8525-67cbc4f829cf', 'Are you legally authorized to work in the United States?', 'Will you now or in the future require sponsorship for employment visa status (e.g., H-1B visa status) to legally work in the United States?', 'Do you have any familial relationships with current Virta employees?']
2025-05-15 15:01:25,915 - INFO - Required field not filled: 01bee1ba-3fbd-4291-8525-67cbc4f829cf
2025-05-15 15:01:26,065 - INFO - Required radio group not answered: Are you legally authorized to work in the United States?
2025-05-15 15:01:26,104 - INFO - Required radio group not answered: Will you now or in the future require sponsorship for employment visa status (e.g., H-1B visa status) to legally work in the United States?
2025-05-15 15:01:26,154 - INFO - Required radio group not answered: Do you have any familial relationships with current Virta employees?
2025-05-15 15:01:26,309 - INFO - Waiting for 4 required fields to be filled: ['01bee1ba-3fbd-4291-8525-67cbc4f829cf', 'Are you legally authorized to work in the United States?', 'Will you now or in the future require sponsorship for employment visa status (e.g., H-1B visa status) to legally work in the United States?', 'Do you have any familial relationships with current Virta employees?']
2025-05-15 15:01:28,434 - INFO - Required field not filled: 01bee1ba-3fbd-4291-8525-67cbc4f829cf
2025-05-15 15:01:28,567 - INFO - Required radio group not answered: Are you legally authorized to work in the United States?
2025-05-15 15:01:28,606 - INFO - Required radio group not answered: Will you now or in the future require sponsorship for employment visa status (e.g., H-1B visa status) to legally work in the United States?
2025-05-15 15:01:28,651 - INFO - Required radio group not answered: Do you have any familial relationships with current Virta employees?
2025-05-15 15:01:28,767 - INFO - Waiting for 4 required fields to be filled: ['01bee1ba-3fbd-4291-8525-67cbc4f829cf', 'Are you legally authorized to work in the United States?', 'Will you now or in the future require sponsorship for employment visa status (e.g., H-1B visa status) to legally work in the United States?', 'Do you have any familial relationships with current Virta employees?']
2025-05-15 15:01:30,850 - INFO - Required field not filled: 01bee1ba-3fbd-4291-8525-67cbc4f829cf
2025-05-15 15:01:31,000 - INFO - Required radio group not answered: Are you legally authorized to work in the United States?
2025-05-15 15:01:31,035 - INFO - Required radio group not answered: Will you now or in the future require sponsorship for employment visa status (e.g., H-1B visa status) to legally work in the United States?
2025-05-15 15:01:31,069 - INFO - Required radio group not answered: Do you have any familial relationships with current Virta employees?
2025-05-15 15:01:31,184 - INFO - Waiting for 4 required fields to be filled: ['01bee1ba-3fbd-4291-8525-67cbc4f829cf', 'Are you legally authorized to work in the United States?', 'Will you now or in the future require sponsorship for employment visa status (e.g., H-1B visa status) to legally work in the United States?', 'Do you have any familial relationships with current Virta employees?']
2025-05-15 15:01:33,309 - INFO - Required field not filled: 01bee1ba-3fbd-4291-8525-67cbc4f829cf
2025-05-15 15:01:33,456 - INFO - Required radio group not answered: Are you legally authorized to work in the United States?
2025-05-15 15:01:33,488 - INFO - Required radio group not answered: Will you now or in the future require sponsorship for employment visa status (e.g., H-1B visa status) to legally work in the United States?
2025-05-15 15:01:33,522 - INFO - Required radio group not answered: Do you have any familial relationships with current Virta employees?
2025-05-15 15:01:33,639 - INFO - Waiting for 4 required fields to be filled: ['01bee1ba-3fbd-4291-8525-67cbc4f829cf', 'Are you legally authorized to work in the United States?', 'Will you now or in the future require sponsorship for employment visa status (e.g., H-1B visa status) to legally work in the United States?', 'Do you have any familial relationships with current Virta employees?']
2025-05-15 15:01:35,735 - INFO - Required field not filled: 01bee1ba-3fbd-4291-8525-67cbc4f829cf
2025-05-15 15:01:35,901 - INFO - Required radio group not answered: Are you legally authorized to work in the United States?
2025-05-15 15:01:35,935 - INFO - Required radio group not answered: Will you now or in the future require sponsorship for employment visa status (e.g., H-1B visa status) to legally work in the United States?
2025-05-15 15:01:35,968 - INFO - Required radio group not answered: Do you have any familial relationships with current Virta employees?
2025-05-15 15:01:36,102 - INFO - Waiting for 4 required fields to be filled: ['01bee1ba-3fbd-4291-8525-67cbc4f829cf', 'Are you legally authorized to work in the United States?', 'Will you now or in the future require sponsorship for employment visa status (e.g., H-1B visa status) to legally work in the United States?', 'Do you have any familial relationships with current Virta employees?']
2025-05-15 15:01:38,246 - INFO - Required field not filled: 01bee1ba-3fbd-4291-8525-67cbc4f829cf
2025-05-15 15:01:38,485 - INFO - Waiting for 1 required fields to be filled: ['01bee1ba-3fbd-4291-8525-67cbc4f829cf']
2025-05-15 15:01:40,832 - INFO - All required fields are filled.
2025-05-15 15:01:40,886 - INFO - Found submit button using selector: button._primary_8wvgw_96
2025-05-15 15:01:42,649 - INFO - Clicked submit button normally
2025-05-15 15:01:45,116 - INFO - Page changed after click - assuming submission started
2025-05-15 15:02:05,196 - WARNING - Error during submission verification: Message: 

2025-05-15 15:02:05,196 - INFO - URL suggests we left application page - assuming success
2025-05-15 15:02:05,196 - INFO - Application submitted successfully!
2025-05-15 15:02:05,196 - INFO - Log directory ensured: C:\Users\hr\OneDrive\Desktop\merge\all_job_app\logs
2025-05-15 15:02:05,206 - INFO - Log entry written to logs/ashby_log_2025-05-15.csv
2025-05-15 15:02:05,206 - INFO - Processing job: https://jobs.ashbyhq.com/windranger/d5c33dba-6b07-450a-8a35-4ec61355ab42
2025-05-15 15:02:06,312 - INFO - Opened job page: https://jobs.ashbyhq.com/windranger/d5c33dba-6b07-450a-8a35-4ec61355ab42
2025-05-15 15:02:09,453 - INFO - Apply button clicked successfully!
2025-05-15 15:02:14,463 - INFO - Attempting to upload resume from: C:\Users\hr\OneDrive\Desktop\merge\all_job_app\resume/resume.pdf
2025-05-15 15:02:15,090 - INFO - Resume file sent to input element
2025-05-15 15:02:30,479 - WARNING - No explicit upload confirmation detected: Message: 

2025-05-15 15:02:30,480 - INFO - Filling out the application form...
2025-05-15 15:02:30,588 - INFO - Filled field name with value Vijay Yadav
2025-05-15 15:02:30,695 - INFO - Filled field email with value vijay.yadav@example.com
2025-05-15 15:02:40,727 - WARNING - Error filling field phone with selector input[type='tel']: Message: 
Stacktrace:
	GetHandleVerifier [0x009DFC83+61635]
	GetHandleVerifier [0x009DFCC4+61700]
	(No symbol) [0x008005D3]
	(No symbol) [0x0084899E]
	(No symbol) [0x00848D3B]
	(No symbol) [0x00890E12]
	(No symbol) [0x0086D2E4]
	(No symbol) [0x0088E61B]
	(No symbol) [0x0086D096]
	(No symbol) [0x0083C840]
	(No symbol) [0x0083D6A4]
	GetHandleVerifier [0x00C645A3+2701795]
	GetHandleVerifier [0x00C5FD26+2683238]
	GetHandleVerifier [0x00C7AA6E+2793134]
	GetHandleVerifier [0x009F6945+155013]
	GetHandleVerifier [0x009FD02D+181357]
	GetHandleVerifier [0x009E74D8+92440]
	GetHandleVerifier [0x009E7680+92864]
	GetHandleVerifier [0x009D2070+5296]
	BaseThreadInitThunk [0x759AFCC9+25]
	RtlGetAppContainerNamedObjectPath [0x771B82AE+286]
	RtlGetAppContainerNamedObjectPath [0x771B827E+238]

2025-05-15 15:02:50,760 - WARNING - Error filling field phone with selector input[name='phone']: Message: 
Stacktrace:
	GetHandleVerifier [0x009DFC83+61635]
	GetHandleVerifier [0x009DFCC4+61700]
	(No symbol) [0x008005D3]
	(No symbol) [0x0084899E]
	(No symbol) [0x00848D3B]
	(No symbol) [0x00890E12]
	(No symbol) [0x0086D2E4]
	(No symbol) [0x0088E61B]
	(No symbol) [0x0086D096]
	(No symbol) [0x0083C840]
	(No symbol) [0x0083D6A4]
	GetHandleVerifier [0x00C645A3+2701795]
	GetHandleVerifier [0x00C5FD26+2683238]
	GetHandleVerifier [0x00C7AA6E+2793134]
	GetHandleVerifier [0x009F6945+155013]
	GetHandleVerifier [0x009FD02D+181357]
	GetHandleVerifier [0x009E74D8+92440]
	GetHandleVerifier [0x009E7680+92864]
	GetHandleVerifier [0x009D2070+5296]
	BaseThreadInitThunk [0x759AFCC9+25]
	RtlGetAppContainerNamedObjectPath [0x771B82AE+286]
	RtlGetAppContainerNamedObjectPath [0x771B827E+238]

2025-05-15 15:03:01,291 - WARNING - Error filling field phone with selector input[type='number']: Message: 
Stacktrace:
	GetHandleVerifier [0x009DFC83+61635]
	GetHandleVerifier [0x009DFCC4+61700]
	(No symbol) [0x008005D3]
	(No symbol) [0x0084899E]
	(No symbol) [0x00848D3B]
	(No symbol) [0x00890E12]
	(No symbol) [0x0086D2E4]
	(No symbol) [0x0088E61B]
	(No symbol) [0x0086D096]
	(No symbol) [0x0083C840]
	(No symbol) [0x0083D6A4]
	GetHandleVerifier [0x00C645A3+2701795]
	GetHandleVerifier [0x00C5FD26+2683238]
	GetHandleVerifier [0x00C7AA6E+2793134]
	GetHandleVerifier [0x009F6945+155013]
	GetHandleVerifier [0x009FD02D+181357]
	GetHandleVerifier [0x009E74D8+92440]
	GetHandleVerifier [0x009E7680+92864]
	GetHandleVerifier [0x009D2070+5296]
	BaseThreadInitThunk [0x759AFCC9+25]
	RtlGetAppContainerNamedObjectPath [0x771B82AE+286]
	RtlGetAppContainerNamedObjectPath [0x771B827E+238]

2025-05-15 15:03:01,307 - WARNING - No value provided for mandatory field: address
2025-05-15 15:03:11,323 - WARNING - Error filling field location with selector input[role='combobox']: Message: 
Stacktrace:
	GetHandleVerifier [0x009DFC83+61635]
	GetHandleVerifier [0x009DFCC4+61700]
	(No symbol) [0x008005D3]
	(No symbol) [0x0084899E]
	(No symbol) [0x00848D3B]
	(No symbol) [0x00890E12]
	(No symbol) [0x0086D2E4]
	(No symbol) [0x0088E61B]
	(No symbol) [0x0086D096]
	(No symbol) [0x0083C840]
	(No symbol) [0x0083D6A4]
	GetHandleVerifier [0x00C645A3+2701795]
	GetHandleVerifier [0x00C5FD26+2683238]
	GetHandleVerifier [0x00C7AA6E+2793134]
	GetHandleVerifier [0x009F6945+155013]
	GetHandleVerifier [0x009FD02D+181357]
	GetHandleVerifier [0x009E74D8+92440]
	GetHandleVerifier [0x009E7680+92864]
	GetHandleVerifier [0x009D2070+5296]
	BaseThreadInitThunk [0x759AFCC9+25]
	RtlGetAppContainerNamedObjectPath [0x771B82AE+286]
	RtlGetAppContainerNamedObjectPath [0x771B827E+238]

2025-05-15 15:03:21,871 - WARNING - Error filling field location with selector input[placeholder*='Start typing']: Message: 
Stacktrace:
	GetHandleVerifier [0x009DFC83+61635]
	GetHandleVerifier [0x009DFCC4+61700]
	(No symbol) [0x008005D3]
	(No symbol) [0x0084899E]
	(No symbol) [0x00848D3B]
	(No symbol) [0x00890E12]
	(No symbol) [0x0086D2E4]
	(No symbol) [0x0088E61B]
	(No symbol) [0x0086D096]
	(No symbol) [0x0083C840]
	(No symbol) [0x0083D6A4]
	GetHandleVerifier [0x00C645A3+2701795]
	GetHandleVerifier [0x00C5FD26+2683238]
	GetHandleVerifier [0x00C7AA6E+2793134]
	GetHandleVerifier [0x009F6945+155013]
	GetHandleVerifier [0x009FD02D+181357]
	GetHandleVerifier [0x009E74D8+92440]
	GetHandleVerifier [0x009E7680+92864]
	GetHandleVerifier [0x009D2070+5296]
	BaseThreadInitThunk [0x759AFCC9+25]
	RtlGetAppContainerNamedObjectPath [0x771B82AE+286]
	RtlGetAppContainerNamedObjectPath [0x771B827E+238]

2025-05-15 15:03:22,005 - INFO - Filled LinkedIn field
2025-05-15 15:03:22,005 - INFO - Filling out the Q&A section...
2025-05-15 15:03:22,742 - INFO - Form Q&A questions found: []
2025-05-15 15:03:22,743 - WARNING - No Q&A questions found in the form. Skipping Q&A section.
2025-05-15 15:03:22,743 - INFO - Form filled successfully!
2025-05-15 15:03:23,755 - INFO - Starting submission process...
2025-05-15 15:03:23,954 - INFO - All required fields are filled.
2025-05-15 15:03:23,997 - INFO - Found submit button using selector: button._primary_8wvgw_96
2025-05-15 15:03:25,750 - INFO - Clicked submit button normally
2025-05-15 15:03:28,705 - INFO - Page changed after click - assuming submission started
2025-05-15 15:03:49,202 - WARNING - Error during submission verification: Message: 

2025-05-15 15:03:49,202 - INFO - URL suggests we left application page - assuming success
2025-05-15 15:03:49,202 - INFO - Application submitted successfully!
2025-05-15 15:03:49,202 - INFO - Log directory ensured: C:\Users\hr\OneDrive\Desktop\merge\all_job_app\logs
2025-05-15 15:03:49,209 - INFO - Log entry written to logs/ashby_log_2025-05-15.csv
2025-05-15 15:03:49,209 - INFO - Processing job: https://jobs.ashbyhq.com/anyscale/f59089a5-7b7d-4639-a839-ec12ed53f1e5
2025-05-15 15:03:50,462 - INFO - Opened job page: https://jobs.ashbyhq.com/anyscale/f59089a5-7b7d-4639-a839-ec12ed53f1e5
2025-05-15 15:03:53,611 - INFO - Apply button clicked successfully!
2025-05-15 15:03:58,617 - INFO - Attempting to upload resume from: C:\Users\hr\OneDrive\Desktop\merge\all_job_app\resume/resume.pdf
2025-05-15 15:03:59,184 - INFO - Resume file sent to input element
2025-05-15 15:04:14,415 - WARNING - No explicit upload confirmation detected: Message: 

2025-05-15 15:04:14,415 - INFO - Filling out the application form...
2025-05-15 15:04:14,518 - INFO - Filled field name with value Vijay Yadav
2025-05-15 15:04:14,633 - INFO - Filled field email with value vijay.yadav@example.com
2025-05-15 15:04:14,750 - INFO - Filled field phone with value 1234567890
2025-05-15 15:04:14,750 - WARNING - No value provided for mandatory field: address
2025-05-15 15:04:25,148 - WARNING - Error filling field location with selector input[role='combobox']: Message: 
Stacktrace:
	GetHandleVerifier [0x009DFC83+61635]
	GetHandleVerifier [0x009DFCC4+61700]
	(No symbol) [0x008005D3]
	(No symbol) [0x0084899E]
	(No symbol) [0x00848D3B]
	(No symbol) [0x00890E12]
	(No symbol) [0x0086D2E4]
	(No symbol) [0x0088E61B]
	(No symbol) [0x0086D096]
	(No symbol) [0x0083C840]
	(No symbol) [0x0083D6A4]
	GetHandleVerifier [0x00C645A3+2701795]
	GetHandleVerifier [0x00C5FD26+2683238]
	GetHandleVerifier [0x00C7AA6E+2793134]
	GetHandleVerifier [0x009F6945+155013]
	GetHandleVerifier [0x009FD02D+181357]
	GetHandleVerifier [0x009E74D8+92440]
	GetHandleVerifier [0x009E7680+92864]
	GetHandleVerifier [0x009D2070+5296]
	BaseThreadInitThunk [0x759AFCC9+25]
	RtlGetAppContainerNamedObjectPath [0x771B82AE+286]
	RtlGetAppContainerNamedObjectPath [0x771B827E+238]

2025-05-15 15:04:35,663 - WARNING - Error filling field location with selector input[placeholder*='Start typing']: Message: 
Stacktrace:
	GetHandleVerifier [0x009DFC83+61635]
	GetHandleVerifier [0x009DFCC4+61700]
	(No symbol) [0x008005D3]
	(No symbol) [0x0084899E]
	(No symbol) [0x00848D3B]
	(No symbol) [0x00890E12]
	(No symbol) [0x0086D2E4]
	(No symbol) [0x0088E61B]
	(No symbol) [0x0086D096]
	(No symbol) [0x0083C840]
	(No symbol) [0x0083D6A4]
	GetHandleVerifier [0x00C645A3+2701795]
	GetHandleVerifier [0x00C5FD26+2683238]
	GetHandleVerifier [0x00C7AA6E+2793134]
	GetHandleVerifier [0x009F6945+155013]
	GetHandleVerifier [0x009FD02D+181357]
	GetHandleVerifier [0x009E74D8+92440]
	GetHandleVerifier [0x009E7680+92864]
	GetHandleVerifier [0x009D2070+5296]
	BaseThreadInitThunk [0x759AFCC9+25]
	RtlGetAppContainerNamedObjectPath [0x771B82AE+286]
	RtlGetAppContainerNamedObjectPath [0x771B827E+238]

2025-05-15 15:04:35,815 - INFO - Filled LinkedIn field
2025-05-15 15:04:35,815 - INFO - Filling out the Q&A section...
2025-05-15 15:04:37,168 - INFO - Form Q&A questions found: ['Current company', 'Additional information', 'Twitter', 'GitHub', 'Portfolio', 'Other']
2025-05-15 15:04:37,169 - INFO - Processing question: 'where did you hear about biorender?'
2025-05-15 15:04:37,169 - WARNING - No match found for question: 'where did you hear about biorender?' (best score: 0)
2025-05-15 15:04:37,170 - INFO - Processing question: 'do you have programming experience or are you in a cs degree?'
2025-05-15 15:04:37,171 - WARNING - No match found for question: 'do you have programming experience or are you in a cs degree?' (best score: 0)
2025-05-15 15:04:37,171 - INFO - Processing question: 'are you legally authorized to work in the u.s. without restriction for any employer?'
2025-05-15 15:04:37,172 - WARNING - No match found for question: 'are you legally authorized to work in the u.s. without restriction for any employer?' (best score: 0)
2025-05-15 15:04:37,173 - INFO - Processing question: 'are you legally authorized to work in canada or the united states?'
2025-05-15 15:04:37,173 - WARNING - No match found for question: 'are you legally authorized to work in canada or the united states?' (best score: 0)
2025-05-15 15:04:37,174 - INFO - Processing question: 'how many years of experience do you have as a machine learning engineer?'
2025-05-15 15:04:37,174 - WARNING - No match found for question: 'how many years of experience do you have as a machine learning engineer?' (best score: 0)
2025-05-15 15:04:37,174 - INFO - Processing question: 'are you legally authorized to work in the united states?'
2025-05-15 15:04:37,175 - WARNING - No match found for question: 'are you legally authorized to work in the united states?' (best score: 0)
2025-05-15 15:04:37,175 - INFO - Processing question: 'what are your salary expectations?'
2025-05-15 15:04:37,176 - WARNING - No match found for question: 'what are your salary expectations?' (best score: 0)
2025-05-15 15:04:37,176 - INFO - Processing question: 'have you previously worked for hims & hers as an employee or contractor/consultant?'
2025-05-15 15:04:37,177 - WARNING - No match found for question: 'have you previously worked for hims & hers as an employee or contractor/consultant?' (best score: 0)
2025-05-15 15:04:37,177 - INFO - Processing question: 'are you legally authorized to work in canada?'
2025-05-15 15:04:37,178 - WARNING - No match found for question: 'are you legally authorized to work in canada?' (best score: 0)
2025-05-15 15:04:37,178 - INFO - Processing question: 'how did you hear about us?'
2025-05-15 15:04:37,179 - WARNING - No match found for question: 'how did you hear about us?' (best score: 0)
2025-05-15 15:04:37,180 - INFO - Processing question: 'are you a veteran/have you served in the military?'
2025-05-15 15:04:37,180 - WARNING - No match found for question: 'are you a veteran/have you served in the military?' (best score: 0)
2025-05-15 15:04:37,181 - INFO - Processing question: 'do you identify as having a disability?.no'
2025-05-15 15:04:37,181 - WARNING - No match found for question: 'do you identify as having a disability?.no' (best score: 0)
2025-05-15 15:04:37,182 - INFO - Processing question: 'will you now or in the future require immigration sponsorship by hims & hers in order to work for hims & hers in the u.s.?'
2025-05-15 15:04:37,182 - WARNING - No match found for question: 'will you now or in the future require immigration sponsorship by hims & hers in order to work for hims & hers in the u.s.?' (best score: 0)
2025-05-15 15:04:37,183 - INFO - Processing question: 'have you worked as a software engineer prior to moving into ml?'
2025-05-15 15:04:37,183 - WARNING - No match found for question: 'have you worked as a software engineer prior to moving into ml?' (best score: 0)
2025-05-15 15:04:37,184 - INFO - Processing question: 'which languages and dialects do you speak fluently?'
2025-05-15 15:04:37,184 - WARNING - No match found for question: 'which languages and dialects do you speak fluently?' (best score: 0)
2025-05-15 15:04:37,185 - INFO - Processing question: 'are you open to tier 2 (medium complexity) rlhf projects at listed rate for your location?'
2025-05-15 15:04:37,185 - WARNING - No match found for question: 'are you open to tier 2 (medium complexity) rlhf projects at listed rate for your location?' (best score: 0)
2025-05-15 15:04:37,186 - INFO - Processing question: 'do you have any familial relationships with current virta employees?'
2025-05-15 15:04:37,186 - WARNING - No match found for question: 'do you have any familial relationships with current virta employees?' (best score: 0)
2025-05-15 15:04:37,186 - INFO - Processing question: 'are you 18 or older and legally eligible to work in the country of the job you are applying for?'
2025-05-15 15:04:37,187 - WARNING - No match found for question: 'are you 18 or older and legally eligible to work in the country of the job you are applying for?' (best score: 0)
2025-05-15 15:04:37,188 - INFO - Processing question: 'will you now or in the future require sponsorship for employment?'
2025-05-15 15:04:37,188 - WARNING - No match found for question: 'will you now or in the future require sponsorship for employment?' (best score: 0)
2025-05-15 15:04:37,189 - INFO - Processing question: 'how many years of experience do you have in mle?'
2025-05-15 15:04:37,189 - WARNING - No match found for question: 'how many years of experience do you have in mle?' (best score: 0)
2025-05-15 15:04:37,189 - INFO - Processing question: 'are you legally authorized to work in the country?'
2025-05-15 15:04:37,190 - WARNING - No match found for question: 'are you legally authorized to work in the country?' (best score: 0)
2025-05-15 15:04:37,190 - INFO - Processing question: 'what is your expected salary?'
2025-05-15 15:04:37,191 - WARNING - No match found for question: 'what is your expected salary?' (best score: 0)
2025-05-15 15:04:37,191 - INFO - Processing question: 'are you legally eligible to work in the us?'
2025-05-15 15:04:37,192 - WARNING - No match found for question: 'are you legally eligible to work in the us?' (best score: 0)
2025-05-15 15:04:37,192 - INFO - Processing question: 'are you willing & able to come into our downtown san francisco office on a hybrid basis? (3 days /week)?'
2025-05-15 15:04:37,193 - WARNING - No match found for question: 'are you willing & able to come into our downtown san francisco office on a hybrid basis? (3 days /week)?' (best score: 0)
2025-05-15 15:04:37,193 - INFO - Processing question: 'can you work onsite in palo alto?'
2025-05-15 15:04:37,194 - WARNING - No match found for question: 'can you work onsite in palo alto?' (best score: 0)
2025-05-15 15:04:37,194 - INFO - Processing question: 'our offices are located in san francisco ca and new york city. please indicate which location you are interested in?'
2025-05-15 15:04:37,195 - WARNING - No match found for question: 'our offices are located in san francisco ca and new york city. please indicate which location you are interested in?' (best score: 0)
2025-05-15 15:04:37,196 - INFO - Processing question: 'will you now or will you in the future require employment visa sponsorship to work in the country in which the job you're applying for is located?'
2025-05-15 15:04:37,196 - WARNING - No match found for question: 'will you now or will you in the future require employment visa sponsorship to work in the country in which the job you're applying for is located?' (best score: 0)
2025-05-15 15:04:37,197 - INFO - Processing question: 'do you have authorization to work in the united states?'
2025-05-15 15:04:37,198 - WARNING - No match found for question: 'do you have authorization to work in the united states?' (best score: 0)
2025-05-15 15:04:37,198 - INFO - Processing question: 'will you now or in the future require sponsorship for employment visa status?'
2025-05-15 15:04:37,199 - WARNING - No match found for question: 'will you now or in the future require sponsorship for employment visa status?' (best score: 0)
2025-05-15 15:04:37,199 - INFO - Processing question: 'are you available to work in person at the promise office  location listed in the job description at least three times per week?'
2025-05-15 15:04:37,200 - WARNING - No match found for question: 'are you available to work in person at the promise office  location listed in the job description at least three times per week?' (best score: 0)
2025-05-15 15:04:37,200 - INFO - Processing question: 'are you 18 or older?'
2025-05-15 15:04:37,201 - WARNING - No match found for question: 'are you 18 or older?' (best score: 0)
2025-05-15 15:04:37,201 - INFO - Processing question: 'are you comfortable working with javascript?'
2025-05-15 15:04:37,202 - WARNING - No match found for question: 'are you comfortable working with javascript?' (best score: 0)
2025-05-15 15:04:37,202 - INFO - Processing question: 'would you willing to relocate to/be in office in san francisco?'
2025-05-15 15:04:37,203 - WARNING - No match found for question: 'would you willing to relocate to/be in office in san francisco?' (best score: 0)
2025-05-15 15:04:37,203 - INFO - Processing question: 'what annual salary are you looking for in $usd?'
2025-05-15 15:04:37,204 - WARNING - No match found for question: 'what annual salary are you looking for in $usd?' (best score: 0)
2025-05-15 15:04:37,204 - INFO - Processing question: 'are you looking for full-time or part-time work?'
2025-05-15 15:04:37,204 - WARNING - No match found for question: 'are you looking for full-time or part-time work?' (best score: 0)
2025-05-15 15:04:37,205 - INFO - Processing question: 'how would you best describe your ideal work environment?'
2025-05-15 15:04:37,205 - WARNING - No match found for question: 'how would you best describe your ideal work environment?' (best score: 0)
2025-05-15 15:04:37,206 - INFO - Processing question: 'how do you handle deadlines and pressure?'
2025-05-15 15:04:37,206 - WARNING - No match found for question: 'how do you handle deadlines and pressure?' (best score: 0)
2025-05-15 15:04:37,207 - INFO - Processing question: 'how do you handle situations where you have too many tasks to complete on your own?'
2025-05-15 15:04:37,207 - WARNING - No match found for question: 'how do you handle situations where you have too many tasks to complete on your own?' (best score: 0)
2025-05-15 15:04:37,208 - INFO - Processing question: 'how much are you willing to work when things are urgent?'
2025-05-15 15:04:37,208 - WARNING - No match found for question: 'how much are you willing to work when things are urgent?' (best score: 0)
2025-05-15 15:04:37,208 - INFO - Processing question: 'are you comfortable working with python?'
2025-05-15 15:04:37,209 - WARNING - No match found for question: 'are you comfortable working with python?' (best score: 0)
2025-05-15 15:04:37,209 - INFO - Processing question: 'do you currently have legal authorization to work in the country where the position is based?'
2025-05-15 15:04:37,210 - WARNING - No match found for question: 'do you currently have legal authorization to work in the country where the position is based?' (best score: 0)
2025-05-15 15:04:37,210 - INFO - Processing question: 'are you excited to work in-office five days a week?'
2025-05-15 15:04:37,211 - WARNING - No match found for question: 'are you excited to work in-office five days a week?' (best score: 0)
2025-05-15 15:04:37,211 - INFO - Q&A section filled successfully!
2025-05-15 15:04:37,212 - INFO - Form filled successfully!
2025-05-15 15:04:38,213 - INFO - Starting submission process...
2025-05-15 15:04:38,448 - INFO - Required radio group not answered: We require Anyscalers to be in-person at either our SF or Palo Alto office on Mondays, Tuesdays, and Thursdays. Which is your preferred location?
2025-05-15 15:04:38,496 - INFO - Required radio group not answered: Would you require visa sponsorship to work in the country in which this position is based?
2025-05-15 15:04:38,557 - INFO - Waiting for 2 required fields to be filled: ['We require Anyscalers to be in-person at either our SF or Palo Alto office on Mondays, Tuesdays, and Thursdays. Which is your preferred location?', 'Would you require visa sponsorship to work in the country in which this position is based?']
2025-05-15 15:04:40,778 - INFO - Required radio group not answered: We require Anyscalers to be in-person at either our SF or Palo Alto office on Mondays, Tuesdays, and Thursdays. Which is your preferred location?
2025-05-15 15:04:40,813 - INFO - Required radio group not answered: Would you require visa sponsorship to work in the country in which this position is based?
2025-05-15 15:04:40,863 - INFO - Waiting for 2 required fields to be filled: ['We require Anyscalers to be in-person at either our SF or Palo Alto office on Mondays, Tuesdays, and Thursdays. Which is your preferred location?', 'Would you require visa sponsorship to work in the country in which this position is based?']
2025-05-15 15:04:43,046 - INFO - Required radio group not answered: We require Anyscalers to be in-person at either our SF or Palo Alto office on Mondays, Tuesdays, and Thursdays. Which is your preferred location?
2025-05-15 15:04:43,081 - INFO - Required radio group not answered: Would you require visa sponsorship to work in the country in which this position is based?
2025-05-15 15:04:43,145 - INFO - Waiting for 2 required fields to be filled: ['We require Anyscalers to be in-person at either our SF or Palo Alto office on Mondays, Tuesdays, and Thursdays. Which is your preferred location?', 'Would you require visa sponsorship to work in the country in which this position is based?']
2025-05-15 15:04:45,302 - INFO - Required radio group not answered: We require Anyscalers to be in-person at either our SF or Palo Alto office on Mondays, Tuesdays, and Thursdays. Which is your preferred location?
2025-05-15 15:04:45,351 - INFO - Required radio group not answered: Would you require visa sponsorship to work in the country in which this position is based?
2025-05-15 15:04:45,402 - INFO - Waiting for 2 required fields to be filled: ['We require Anyscalers to be in-person at either our SF or Palo Alto office on Mondays, Tuesdays, and Thursdays. Which is your preferred location?', 'Would you require visa sponsorship to work in the country in which this position is based?']
2025-05-15 15:04:47,606 - INFO - Required radio group not answered: We require Anyscalers to be in-person at either our SF or Palo Alto office on Mondays, Tuesdays, and Thursdays. Which is your preferred location?
2025-05-15 15:04:47,646 - INFO - Required radio group not answered: Would you require visa sponsorship to work in the country in which this position is based?
2025-05-15 15:04:47,696 - INFO - Waiting for 2 required fields to be filled: ['We require Anyscalers to be in-person at either our SF or Palo Alto office on Mondays, Tuesdays, and Thursdays. Which is your preferred location?', 'Would you require visa sponsorship to work in the country in which this position is based?']
2025-05-15 15:04:49,907 - INFO - Required radio group not answered: We require Anyscalers to be in-person at either our SF or Palo Alto office on Mondays, Tuesdays, and Thursdays. Which is your preferred location?
2025-05-15 15:04:49,946 - INFO - Required radio group not answered: Would you require visa sponsorship to work in the country in which this position is based?
2025-05-15 15:04:49,996 - INFO - Waiting for 2 required fields to be filled: ['We require Anyscalers to be in-person at either our SF or Palo Alto office on Mondays, Tuesdays, and Thursdays. Which is your preferred location?', 'Would you require visa sponsorship to work in the country in which this position is based?']
2025-05-15 15:04:52,140 - INFO - Required radio group not answered: We require Anyscalers to be in-person at either our SF or Palo Alto office on Mondays, Tuesdays, and Thursdays. Which is your preferred location?
2025-05-15 15:04:52,162 - INFO - Required radio group not answered: Would you require visa sponsorship to work in the country in which this position is based?
2025-05-15 15:04:52,228 - INFO - Waiting for 2 required fields to be filled: ['We require Anyscalers to be in-person at either our SF or Palo Alto office on Mondays, Tuesdays, and Thursdays. Which is your preferred location?', 'Would you require visa sponsorship to work in the country in which this position is based?']
2025-05-15 15:04:54,425 - INFO - Required radio group not answered: We require Anyscalers to be in-person at either our SF or Palo Alto office on Mondays, Tuesdays, and Thursdays. Which is your preferred location?
2025-05-15 15:04:54,462 - INFO - Required radio group not answered: Would you require visa sponsorship to work in the country in which this position is based?
2025-05-15 15:04:54,511 - INFO - Waiting for 2 required fields to be filled: ['We require Anyscalers to be in-person at either our SF or Palo Alto office on Mondays, Tuesdays, and Thursdays. Which is your preferred location?', 'Would you require visa sponsorship to work in the country in which this position is based?']
2025-05-15 15:04:56,700 - INFO - Required radio group not answered: We require Anyscalers to be in-person at either our SF or Palo Alto office on Mondays, Tuesdays, and Thursdays. Which is your preferred location?
2025-05-15 15:04:56,728 - INFO - Required radio group not answered: Would you require visa sponsorship to work in the country in which this position is based?
2025-05-15 15:04:56,778 - INFO - Waiting for 2 required fields to be filled: ['We require Anyscalers to be in-person at either our SF or Palo Alto office on Mondays, Tuesdays, and Thursdays. Which is your preferred location?', 'Would you require visa sponsorship to work in the country in which this position is based?']
2025-05-15 15:04:58,961 - INFO - Required radio group not answered: We require Anyscalers to be in-person at either our SF or Palo Alto office on Mondays, Tuesdays, and Thursdays. Which is your preferred location?
2025-05-15 15:04:59,014 - INFO - Required radio group not answered: Would you require visa sponsorship to work in the country in which this position is based?
2025-05-15 15:04:59,062 - INFO - Waiting for 2 required fields to be filled: ['We require Anyscalers to be in-person at either our SF or Palo Alto office on Mondays, Tuesdays, and Thursdays. Which is your preferred location?', 'Would you require visa sponsorship to work in the country in which this position is based?']
2025-05-15 15:05:01,280 - INFO - Required radio group not answered: We require Anyscalers to be in-person at either our SF or Palo Alto office on Mondays, Tuesdays, and Thursdays. Which is your preferred location?
2025-05-15 15:05:01,311 - INFO - Required radio group not answered: Would you require visa sponsorship to work in the country in which this position is based?
2025-05-15 15:05:01,361 - INFO - Waiting for 2 required fields to be filled: ['We require Anyscalers to be in-person at either our SF or Palo Alto office on Mondays, Tuesdays, and Thursdays. Which is your preferred location?', 'Would you require visa sponsorship to work in the country in which this position is based?']
2025-05-15 15:05:03,533 - INFO - Required radio group not answered: We require Anyscalers to be in-person at either our SF or Palo Alto office on Mondays, Tuesdays, and Thursdays. Which is your preferred location?
2025-05-15 15:05:03,561 - INFO - Required radio group not answered: Would you require visa sponsorship to work in the country in which this position is based?
2025-05-15 15:05:03,611 - INFO - Waiting for 2 required fields to be filled: ['We require Anyscalers to be in-person at either our SF or Palo Alto office on Mondays, Tuesdays, and Thursdays. Which is your preferred location?', 'Would you require visa sponsorship to work in the country in which this position is based?']
2025-05-15 15:05:05,818 - INFO - Required radio group not answered: We require Anyscalers to be in-person at either our SF or Palo Alto office on Mondays, Tuesdays, and Thursdays. Which is your preferred location?
2025-05-15 15:05:05,844 - INFO - Required radio group not answered: Would you require visa sponsorship to work in the country in which this position is based?
2025-05-15 15:05:05,894 - INFO - Waiting for 2 required fields to be filled: ['We require Anyscalers to be in-person at either our SF or Palo Alto office on Mondays, Tuesdays, and Thursdays. Which is your preferred location?', 'Would you require visa sponsorship to work in the country in which this position is based?']
2025-05-15 15:05:08,037 - INFO - Required radio group not answered: We require Anyscalers to be in-person at either our SF or Palo Alto office on Mondays, Tuesdays, and Thursdays. Which is your preferred location?
2025-05-15 15:05:08,077 - INFO - Required radio group not answered: Would you require visa sponsorship to work in the country in which this position is based?
2025-05-15 15:05:08,126 - INFO - Waiting for 2 required fields to be filled: ['We require Anyscalers to be in-person at either our SF or Palo Alto office on Mondays, Tuesdays, and Thursdays. Which is your preferred location?', 'Would you require visa sponsorship to work in the country in which this position is based?']
2025-05-15 15:05:10,286 - INFO - Required radio group not answered: We require Anyscalers to be in-person at either our SF or Palo Alto office on Mondays, Tuesdays, and Thursdays. Which is your preferred location?
2025-05-15 15:05:10,326 - INFO - Required radio group not answered: Would you require visa sponsorship to work in the country in which this position is based?
2025-05-15 15:05:10,378 - INFO - Waiting for 2 required fields to be filled: ['We require Anyscalers to be in-person at either our SF or Palo Alto office on Mondays, Tuesdays, and Thursdays. Which is your preferred location?', 'Would you require visa sponsorship to work in the country in which this position is based?']
2025-05-15 15:05:12,539 - INFO - Required radio group not answered: We require Anyscalers to be in-person at either our SF or Palo Alto office on Mondays, Tuesdays, and Thursdays. Which is your preferred location?
2025-05-15 15:05:12,577 - INFO - Required radio group not answered: Would you require visa sponsorship to work in the country in which this position is based?
2025-05-15 15:05:12,642 - INFO - Waiting for 2 required fields to be filled: ['We require Anyscalers to be in-person at either our SF or Palo Alto office on Mondays, Tuesdays, and Thursdays. Which is your preferred location?', 'Would you require visa sponsorship to work in the country in which this position is based?']
2025-05-15 15:05:14,877 - INFO - Required radio group not answered: We require Anyscalers to be in-person at either our SF or Palo Alto office on Mondays, Tuesdays, and Thursdays. Which is your preferred location?
2025-05-15 15:05:14,910 - INFO - Required radio group not answered: Would you require visa sponsorship to work in the country in which this position is based?
2025-05-15 15:05:15,006 - INFO - Waiting for 2 required fields to be filled: ['We require Anyscalers to be in-person at either our SF or Palo Alto office on Mondays, Tuesdays, and Thursdays. Which is your preferred location?', 'Would you require visa sponsorship to work in the country in which this position is based?']
2025-05-15 15:05:17,193 - INFO - Required radio group not answered: We require Anyscalers to be in-person at either our SF or Palo Alto office on Mondays, Tuesdays, and Thursdays. Which is your preferred location?
2025-05-15 15:05:17,244 - INFO - Required radio group not answered: Would you require visa sponsorship to work in the country in which this position is based?
2025-05-15 15:05:17,293 - INFO - Waiting for 2 required fields to be filled: ['We require Anyscalers to be in-person at either our SF or Palo Alto office on Mondays, Tuesdays, and Thursdays. Which is your preferred location?', 'Would you require visa sponsorship to work in the country in which this position is based?']
2025-05-15 15:05:19,458 - INFO - Required radio group not answered: We require Anyscalers to be in-person at either our SF or Palo Alto office on Mondays, Tuesdays, and Thursdays. Which is your preferred location?
2025-05-15 15:05:19,508 - INFO - Required radio group not answered: Would you require visa sponsorship to work in the country in which this position is based?
2025-05-15 15:05:19,558 - INFO - Waiting for 2 required fields to be filled: ['We require Anyscalers to be in-person at either our SF or Palo Alto office on Mondays, Tuesdays, and Thursdays. Which is your preferred location?', 'Would you require visa sponsorship to work in the country in which this position is based?']
2025-05-15 15:05:21,757 - INFO - Required radio group not answered: We require Anyscalers to be in-person at either our SF or Palo Alto office on Mondays, Tuesdays, and Thursdays. Which is your preferred location?
2025-05-15 15:05:21,797 - INFO - Required radio group not answered: Would you require visa sponsorship to work in the country in which this position is based?
2025-05-15 15:05:21,843 - INFO - Waiting for 2 required fields to be filled: ['We require Anyscalers to be in-person at either our SF or Palo Alto office on Mondays, Tuesdays, and Thursdays. Which is your preferred location?', 'Would you require visa sponsorship to work in the country in which this position is based?']
2025-05-15 15:05:24,030 - INFO - Required radio group not answered: We require Anyscalers to be in-person at either our SF or Palo Alto office on Mondays, Tuesdays, and Thursdays. Which is your preferred location?
2025-05-15 15:05:24,064 - INFO - Required radio group not answered: Would you require visa sponsorship to work in the country in which this position is based?
2025-05-15 15:05:24,134 - INFO - Waiting for 2 required fields to be filled: ['We require Anyscalers to be in-person at either our SF or Palo Alto office on Mondays, Tuesdays, and Thursdays. Which is your preferred location?', 'Would you require visa sponsorship to work in the country in which this position is based?']
2025-05-15 15:05:26,361 - INFO - Required radio group not answered: Would you require visa sponsorship to work in the country in which this position is based?
2025-05-15 15:05:26,389 - INFO - Waiting for 1 required fields to be filled: ['Would you require visa sponsorship to work in the country in which this position is based?']
2025-05-15 15:05:28,625 - INFO - All required fields are filled.
2025-05-15 15:05:28,692 - INFO - Found submit button using selector: button._primary_8wvgw_96
2025-05-15 15:05:29,652 - INFO - Clicked submit button normally
2025-05-15 15:05:31,690 - INFO - Page changed after click - assuming submission started
2025-05-15 15:05:52,071 - WARNING - Error during submission verification: Message: 

2025-05-15 15:05:52,071 - INFO - URL suggests we left application page - assuming success
2025-05-15 15:05:52,071 - INFO - Application submitted successfully!
2025-05-15 15:05:52,071 - INFO - Log directory ensured: C:\Users\hr\OneDrive\Desktop\merge\all_job_app\logs
2025-05-15 15:05:52,078 - INFO - Log entry written to logs/ashby_log_2025-05-15.csv
2025-05-15 15:05:52,371 - INFO - Job application process completed!
